index,is_sudden,motion_type,confidence,magnitude,jerk,rolling_std,score_magnitude,score_jerk,score_rolling_std
0,False,normal,0.93767214,0.99724615,0.0,0.0,0.24931153655052185,0.0,0.0
1,False,normal,0.93488073,0.99131227,0.03741656243801117,0.002966940402984619,0.24782805144786835,0.007483312394469976,0.0017801642417907713
2,False,normal,0.93620086,0.9980481,0.014142172411084175,0.0030041811987757683,0.24951203167438507,0.0028284345753490925,0.001802508719265461
3,False,normal,0.9350764,0.99904954,0.028284244239330292,0.0030139933805912733,0.2497623711824417,0.005656848661601543,0.001808396028354764
4,False,normal,0.9354885,1.0061312,0.014142128638923168,0.004730223212391138,0.25153279304504395,0.0028284257277846336,0.002838133927434683
5,False,normal,0.9349781,0.9905554,0.03316621854901314,0.005205792374908924,0.24763885140419006,0.0066332439891994,0.003123475424945354
6,False,normal,0.93491805,0.9833616,0.03741658851504326,0.006796777714043856,0.2458404004573822,0.007483317982405424,0.004078066628426314
7,False,normal,0.936834,0.96958756,0.01732049696147442,0.010564825497567654,0.24239689111709595,0.003464099718257785,0.006338895298540592
8,False,normal,0.9371698,0.9700515,0.010000001639127731,0.012099984101951122,0.24251288175582886,0.0020000003278255463,0.007259990461170673
9,False,normal,0.9338069,0.99849886,0.03162280470132828,0.011793430894613266,0.24962471425533295,0.006324561312794685,0.00707605853676796
10,False,normal,0.9340984,1.0126203,0.014142122119665146,0.01293460838496685,0.25315508246421814,0.0028284243308007717,0.00776076503098011
11,False,normal,0.9340353,1.0124228,0.014142122119665146,0.013563552871346474,0.25310570001602173,0.0028284243308007717,0.008138131722807885
12,False,normal,0.93282986,1.0057336,0.036055561155080795,0.013396709226071835,0.251433402299881,0.007211112417280674,0.0080380255356431
13,False,normal,0.9352649,0.9988994,0.009999990463256836,0.012948981486260891,0.2497248500585556,0.0019999982323497534,0.007769388891756534
14,False,normal,0.9347549,0.99904954,0.01732049509882927,0.012545731849968433,0.2497623711824417,0.003464099019765854,0.007527439109981059
15,False,normal,0.93505037,0.99884933,0.014142164029181004,0.012174304574728012,0.24971233308315277,0.0028284327127039433,0.007304582744836807
16,False,normal,0.9337982,1.006628,0.024494927376508713,0.012086787261068821,0.25165700912475586,0.004898985847830772,0.007252072356641292
17,False,normal,0.9344034,1.0001,0.022360658273100853,0.011777518317103386,0.2500250041484833,0.0044721318408846855,0.007066510990262031
18,False,normal,0.9358192,0.99282426,0.009999990463256836,0.011493764817714691,0.24820606410503387,0.0019999982323497534,0.006896258890628814
19,False,normal,0.9342149,1.006628,0.019999980926513672,0.011423777788877487,0.25165700912475586,0.003999996464699507,0.006854266673326492
20,False,normal,0.93444234,1.0058826,0.017320532351732254,0.01159146148711443,0.2514706552028656,0.0034641067031770945,0.006954876892268658
21,False,normal,0.93466717,1.005982,0.014142164029181004,0.011652598157525063,0.25149551033973694,0.0028284327127039433,0.006991558894515038
22,False,normal,0.93526256,0.992522,0.017320532351732254,0.011714605614542961,0.24813050031661987,0.0034641067031770945,0.007028763368725777
23,False,normal,0.93460053,1.006628,0.014142164029181004,0.011871421709656715,0.25165700912475586,0.0028284327127039433,0.0071228530257940285
24,False,normal,0.9334636,1.0141991,0.022360658273100853,0.012266354635357857,0.2535497844219208,0.0044721318408846855,0.007359812781214714
25,False,normal,0.9347771,0.9933278,0.022360658273100853,0.012190643697977066,0.2483319491147995,0.0044721318408846855,0.007314386218786239
26,False,normal,0.93534297,1.0001,0.009999990463256836,0.011673176661133766,0.2500250041484833,0.0019999982323497534,0.0070039059966802595
27,False,normal,0.93636084,1.0001,0.0,0.009441092610359192,0.2500250041484833,0.0,0.005664655566215515
28,False,normal,0.9343644,1.0022475,0.029999975115060806,0.006209797691553831,0.2505618631839752,0.005999994929879904,0.0037258786149322984
29,False,normal,0.93544346,1.0088607,0.009999990463256836,0.00627276673913002,0.252215176820755,0.0019999982323497534,0.003763660043478012
30,False,normal,0.93595225,1.001449,0.009999990463256836,0.005893193185329437,0.25036224722862244,0.0019999982323497534,0.003535915911197662
31,False,normal,0.9361889,0.98823076,0.017320500686764717,0.006230445113033056,0.2470576912164688,0.003464100183919072,0.0037382670678198335
32,False,normal,0.93604803,0.9940825,0.014142133295536041,0.0063428254798054695,0.248520627617836,0.0028284266591072083,0.0038056952878832814
33,False,normal,0.93708974,0.9940825,0.0,0.006501020863652229,0.248520627617836,0.0,0.0039006125181913374
34,False,normal,0.9358802,1.001449,0.009999990463256836,0.006493646185845137,0.25036224722862244,0.0019999982323497534,0.0038961877115070817
35,False,normal,0.9351789,1.0074224,0.014142127707600594,0.0066381157375872135,0.25185561180114746,0.00282842549495399,0.003982869442552328
36,False,normal,0.93596137,1.0001,0.009999990463256836,0.006519543472677469,0.2500250041484833,0.0019999982323497534,0.003911726083606481
37,False,normal,0.93603575,0.9935794,0.014142127707600594,0.006707281805574894,0.24839484691619873,0.00282842549495399,0.004024369083344936
38,False,normal,0.93710136,0.9935794,0.0,0.006666050758212805,0.24839484691619873,0.0,0.003999630454927683
39,False,normal,0.9339119,1.0141991,0.024494877085089684,0.007195934187620878,0.2535497844219208,0.004898975603282452,0.004317560512572527
40,False,normal,0.9356892,1.0141991,0.0,0.007694776635617018,0.2535497844219208,0.0,0.00461686598137021
41,False,normal,0.9352335,1.0008496,0.01732049509882927,0.007620139978826046,0.2502124011516571,0.003464099019765854,0.004572083987295627
42,False,normal,0.9344652,1.0073729,0.022360658273100853,0.007474109530448914,0.2518432140350342,0.0044721318408846855,0.004484465718269348
43,False,normal,0.93551284,0.9931767,0.020000040531158447,0.007613572757691145,0.2482941746711731,0.004000008571892977,0.0045681436546146864
44,False,normal,0.93673813,0.9790812,0.014142122119665146,0.008405473083257675,0.24477030336856842,0.0028284243308007717,0.005043283849954605
45,False,normal,0.93481237,1.00025,0.022360658273100853,0.008291102945804596,0.250062495470047,0.0044721318408846855,0.004974661767482757
46,False,normal,0.93447655,1.0143471,0.014142164029181004,0.008883943781256676,0.2535867691040039,0.0028284327127039433,0.005330366268754006
47,False,normal,0.934216,1.0213716,0.010000050067901611,0.009985443204641342,0.25534290075302124,0.0020000101067125797,0.005991265922784805
48,False,normal,0.9343314,0.9932774,0.03162282332777977,0.010141866281628609,0.2483193427324295,0.0063245645724236965,0.006085119768977165
49,False,normal,0.93641764,0.9791833,0.014142122119665146,0.011023018509149551,0.2447958141565323,0.0028284243308007717,0.0066138111054897305
50,False,normal,0.93632156,0.9790812,0.014142122119665146,0.011876702308654785,0.24477030336856842,0.0028284243308007717,0.00712602138519287
51,False,normal,0.93617845,0.98615414,0.009999990463256836,0.011974228546023369,0.24653853476047516,0.0019999982323497534,0.007184537127614021
52,False,normal,0.93090874,1.0284455,0.0424264520406723,0.013595374301075935,0.2571113705635071,0.00848529115319252,0.00815722458064556
53,False,normal,0.9338789,1.0143471,0.014142164029181004,0.013864591717720032,0.2535867691040039,0.0028284327127039433,0.008318755030632018
54,False,normal,0.9343376,0.9791833,0.036055512726306915,0.014660798944532871,0.2447958141565323,0.007211103104054928,0.008796479366719722
55,False,normal,0.9349062,0.98615414,0.022360658273100853,0.014851056970655918,0.24653853476047516,0.0044721318408846855,0.00891063418239355
56,False,normal,0.9335729,1.0072736,0.022360658273100853,0.014962002635002136,0.25181838870048523,0.0044721318408846855,0.00897720158100128
57,False,normal,0.9340233,1.0143471,0.010000050067901611,0.015249937772750854,0.2535867691040039,0.0020000101067125797,0.009149962663650512
58,False,normal,0.9344601,1.0073729,0.009999990463256836,0.015242592431604862,0.2518432140350342,0.0019999982323497534,0.009145555458962918
59,False,normal,0.934858,0.98615414,0.02236071228981018,0.015252301469445229,0.24653853476047516,0.004472142551094294,0.009151380881667137
60,False,normal,0.9365494,0.98615414,0.0,0.015132619999349117,0.24653853476047516,0.0,0.00907957199960947
61,False,normal,0.93460834,1.00025,0.014142122119665146,0.015127891674637794,0.250062495470047,0.0028284243308007717,0.009076735004782677
62,False,normal,0.93369293,1.0143471,0.014142164029181004,0.015414166264235973,0.2535867691040039,0.0028284327127039433,0.009248499758541584
63,False,normal,0.93457943,1.00025,0.014142164029181004,0.015369107015430927,0.250062495470047,0.0028284327127039433,0.009221464209258555
64,False,normal,0.93540555,0.9931767,0.009999990463256836,0.014757372438907623,0.2482941746711731,0.0019999982323497534,0.008854423463344573
65,False,normal,0.9361479,0.9931767,0.0,0.014821122400462627,0.2482941746711731,0.0,0.008892673440277577
66,False,normal,0.9350047,1.00025,0.009999990463256836,0.01441373024135828,0.250062495470047,0.0019999982323497534,0.008648238144814968
67,False,normal,0.93465686,1.0073729,0.010000050067901611,0.013603052124381065,0.2518432140350342,0.0020000101067125797,0.008161831274628639
68,False,normal,0.93509305,1.0004499,0.009999990463256836,0.013573670759797096,0.25011247396469116,0.0019999982323497534,0.008144202455878257
69,False,normal,0.93484277,1.0008496,0.014142122119665146,0.012862162664532661,0.2502124011516571,0.0028284243308007717,0.007717297598719596
70,False,normal,0.93567044,0.9940825,0.009999990463256836,0.012078267522156239,0.248520627617836,0.0019999982323497534,0.007246960513293743
71,False,normal,0.93542975,0.9935794,0.014142122119665146,0.0117571372538805,0.24839484691619873,0.0028284243308007717,0.0070542823523283005
72,False,normal,0.93671304,0.9935794,0.0,0.00990217924118042,0.24839484691619873,0.0,0.005941307544708251
73,False,normal,0.93482363,1.0076706,0.014142122119665146,0.009469357319176197,0.25191766023635864,0.0028284243308007717,0.005681614391505718
74,False,normal,0.9334957,1.0214696,0.019999980926513672,0.009686922654509544,0.2553673982620239,0.003999996464699507,0.005812153592705726
75,False,normal,0.93469197,1.0145442,0.009999990463256836,0.009575117379426956,0.25363606214523315,0.0019999982323497534,0.005745070427656173
76,False,normal,0.9350663,0.9935794,0.022360658273100853,0.009649816900491714,0.24839484691619873,0.0044721318408846855,0.005789890140295029
77,False,normal,0.93608576,0.9872183,0.014142175205051899,0.009603585116565228,0.24680458009243011,0.00282843504101038,0.005762151069939136
78,False,normal,0.9359572,0.99443454,0.010000050067901611,0.00950535573065281,0.24860863387584686,0.0020000101067125797,0.005703213438391685
79,False,normal,0.93555945,1.0016986,0.009999990463256836,0.009036580100655556,0.25042465329170227,0.0019999982323497534,0.005421948060393333
80,False,normal,0.9351567,1.0004499,0.017320500686764717,0.008467999286949635,0.25011247396469116,0.003464100183919072,0.005080799572169781
81,False,normal,0.935238,1.0076706,0.009999990463256836,0.008605055510997772,0.25191766023635864,0.0019999982323497534,0.005163033306598663
82,False,normal,0.9357318,1.0008496,0.009999990463256836,0.00804209616035223,0.2502124011516571,0.0019999982323497534,0.004825257696211338
83,False,normal,0.93544614,1.0004499,0.014142122119665146,0.00804213061928749,0.25011247396469116,0.0028284243308007717,0.004825278371572495
84,False,normal,0.93547887,1.00025,0.014142164029181004,0.00787364598363638,0.250062495470047,0.0028284327127039433,0.004724187590181827
85,False,normal,0.9354891,1.0004499,0.014142164029181004,0.0076843202114105225,0.25011247396469116,0.0028284327127039433,0.004610592126846313
86,False,normal,0.9353328,1.0076706,0.009999990463256836,0.00781501829624176,0.25191766023635864,0.0019999982323497534,0.004689010977745056
87,False,normal,0.9360814,1.0076706,0.0,0.007826628163456917,0.25191766023635864,0.0,0.00469597689807415
88,False,normal,0.93606794,1.0076706,0.0,0.007938790135085583,0.25191766023635864,0.0,0.004763274081051349
89,False,normal,0.9357689,1.0004499,0.009999990463256836,0.007941639982163906,0.25011247396469116,0.0019999982323497534,0.004764983989298343
90,False,normal,0.9365416,1.0004499,0.0,0.007752375677227974,0.25011247396469116,0.0,0.004651425406336784
91,False,normal,0.9355214,1.00025,0.014142164029181004,0.0075190188363194466,0.250062495470047,0.0028284327127039433,0.004511411301791668
92,False,normal,0.9362657,0.9932774,0.009999990463256836,0.00753704784438014,0.2483193427324295,0.0019999982323497534,0.004522228706628084
93,False,normal,0.93582803,1.0004499,0.010000050067901611,0.0074487715028226376,0.25011247396469116,0.0020000101067125797,0.0044692629016935825
94,False,normal,0.9356699,1.0008496,0.014142122119665146,0.0059692938812077045,0.2502124011516571,0.0028284243308007717,0.0035815763287246226
95,False,normal,0.9368348,1.0008496,0.0,0.005100515205413103,0.2502124011516571,0.0,0.0030603091232478618
96,False,normal,0.9368637,1.0008496,0.0,0.004859697539359331,0.2502124011516571,0.0,0.0029158185236155985
97,False,normal,0.936657,0.9935794,0.009999990463256836,0.004118951503187418,0.24839484691619873,0.0019999982323497534,0.0024713709019124506
98,False,normal,0.93626136,1.0004499,0.009999990463256836,0.003837582189589739,0.25011247396469116,0.0019999982323497534,0.0023025493137538433
99,False,normal,0.9358021,1.0073729,0.009999990463256836,0.0040588765405118465,0.2518432140350342,0.0019999982323497534,0.0024353259243071078
100,False,normal,0.9365307,1.0073729,0.0,0.004237476270645857,0.2518432140350342,0.0,0.002542485762387514
101,False,normal,0.93547934,1.0072736,0.014142164029181004,0.004211449064314365,0.25181838870048523,0.0028284327127039433,0.002526869438588619
102,False,normal,0.93652225,1.0072736,0.0,0.004359601065516472,0.25181838870048523,0.0,0.002615760639309883
103,False,normal,0.93650883,1.0072736,0.0,0.004471306689083576,0.25181838870048523,0.0,0.0026827840134501456
104,False,normal,0.9361978,1.00025,0.009999990463256836,0.004471306689083576,0.250062495470047,0.0019999982323497534,0.0026827840134501456
105,False,normal,0.93587464,1.0004499,0.014142164029181004,0.004471306689083576,0.25011247396469116,0.0028284327127039433,0.0026827840134501456
106,False,normal,0.93586683,1.0008496,0.014142122119665146,0.004328371491283178,0.2502124011516571,0.0028284243308007717,0.002597022894769907
107,False,normal,0.9357512,1.0076706,0.009999990463256836,0.004328371491283178,0.25191766023635864,0.0019999982323497534,0.002597022894769907
108,False,normal,0.9365012,1.0076706,0.0,0.004328371491283178,0.25191766023635864,0.0,0.002597022894769907
109,False,normal,0.93307316,1.0279105,0.024494877085089684,0.007044331636279821,0.2569776177406311,0.004898975603282452,0.0042265989817678925
110,False,normal,0.9325068,1.0288829,0.028284244239330292,0.008888954296708107,0.25722071528434753,0.005656848661601543,0.005333372578024864
111,False,normal,0.9330103,1.0238163,0.024494877085089684,0.009700759314000607,0.2559540867805481,0.004898975603282452,0.005820455588400364
112,False,normal,0.93273276,1.0215185,0.029999975115060806,0.009769408032298088,0.2553796172142029,0.005999994929879904,0.005861644819378853
113,False,normal,0.9327806,1.0136074,0.03605547919869423,0.00970651488751173,0.25340184569358826,0.007211096119135618,0.005823908932507038
114,False,normal,0.9342717,1.020637,0.010000050067901611,0.009904290549457073,0.25515925884246826,0.0020000101067125797,0.005942574329674244
115,False,normal,0.9298219,1.0486182,0.04123102128505707,0.012892689555883408,0.26215454936027527,0.008246204815804958,0.0077356137335300446
116,False,normal,0.92988706,1.0555093,0.030000003054738045,0.01578013226389885,0.26387733221054077,0.0060000005178153515,0.009468079358339309
117,False,normal,0.9253473,1.0756394,0.06708202511072159,0.01995047740638256,0.26890984177589417,0.013416405767202377,0.011970286443829536
118,False,normal,0.9267253,1.0905962,0.028284257277846336,0.02492563985288143,0.27264904975891113,0.005656851455569267,0.014955383911728858
119,False,normal,0.9229184,1.0994998,0.06403122842311859,0.029671216383576393,0.2748749554157257,0.012806246988475323,0.017802729830145834
120,False,normal,0.9213097,1.1328725,0.04582571983337402,0.03707375004887581,0.283218115568161,0.00916514452546835,0.022244250029325483
121,False,normal,0.9219507,1.139342,0.02236071228981018,0.04302823171019554,0.28483548760414124,0.004472142551094294,0.025816939026117324
122,False,normal,0.9225502,1.1325635,0.014142129570245743,0.04669945687055588,0.2831408679485321,0.002828426193445921,0.028019674122333527
123,False,normal,0.92277724,1.1250334,0.014142129570245743,0.04872947186231613,0.28125834465026855,0.002828426193445921,0.029237683117389678
124,False,normal,0.9231915,1.1176314,0.014142128638923168,0.04913240671157837,0.2794078588485718,0.0028284257277846336,0.02947944402694702
125,False,normal,0.9240204,1.1105853,0.010000050067901611,0.0484834648668766,0.27764633297920227,0.0020000101067125797,0.02909007892012596
126,False,normal,0.9246497,1.1034943,0.010000050067901611,0.04693255573511124,0.2758735716342926,0.0020000101067125797,0.02815953344106674
127,False,normal,0.9250194,1.0894494,0.019999980926513672,0.04491683840751648,0.2723623514175415,0.003999996464699507,0.02695010304450989
128,False,normal,0.9266534,1.0753139,0.014142122119665146,0.04232380911707878,0.26882848143577576,0.0028284243308007717,0.025394285470247267
129,False,normal,0.92487216,1.060943,0.051961518824100494,0.04101480916142464,0.2652357518672943,0.010392304509878159,0.02460888549685478
130,False,normal,0.9270445,1.061791,0.024494890123605728,0.03963717445731163,0.265447735786438,0.0048989783972501755,0.023782304674386977
131,False,normal,0.92646044,1.0541822,0.041231054812669754,0.038006994873285294,0.26354554295539856,0.00824621133506298,0.022804196923971176
132,False,normal,0.92903507,1.0542296,0.009999999776482582,0.03604639694094658,0.26355740427970886,0.0020000000949949026,0.021627838164567946
133,False,normal,0.9293807,1.0543718,0.009999999776482582,0.03309209272265434,0.2635929584503174,0.0020000000949949026,0.019855255633592604
134,False,normal,0.9290731,1.0406247,0.02828430011868477,0.031387679278850555,0.26015618443489075,0.005656859837472439,0.018832607567310332
135,False,normal,0.92962146,1.040817,0.019999999552965164,0.03189559280872345,0.2602042555809021,0.004000000189989805,0.01913735568523407
136,False,normal,0.9303642,1.0332958,0.014142128638923168,0.03328492119908333,0.25832393765449524,0.0028284257277846336,0.019970952719449996
137,False,normal,0.9287563,1.0195587,0.04242640361189842,0.03616081923246384,0.25488966703414917,0.0084852809086442,0.0216964915394783
138,False,normal,0.93024045,1.0261091,0.014142128638923168,0.03805885836482048,0.25652727484703064,0.0028284257277846336,0.02283531501889229
139,False,normal,0.92827994,1.0470912,0.02236071228981018,0.038331884890794754,0.2617728114128113,0.004472142551094294,0.022999130934476853
140,False,normal,0.9298483,1.0398557,0.009999990463256836,0.036755599081516266,0.2599639296531677,0.0019999982323497534,0.022053359448909758
141,False,normal,0.9268657,0.9592185,0.11045362055301666,0.040825795382261276,0.23980462551116943,0.022090725600719452,0.024495477229356764
142,False,normal,0.93198746,0.95456797,0.041231054812669754,0.04383084923028946,0.23864199221134186,0.00824621133506298,0.026298509538173673
143,False,normal,0.926913,1.001449,0.07280109077692032,0.04196951910853386,0.25036224722862244,0.014560218900442123,0.025181711465120316
144,False,normal,0.9276876,0.9780593,0.08306621015071869,0.041281189769506454,0.2445148080587387,0.016613243147730827,0.024768713861703873
145,False,normal,0.9270526,0.86359715,0.1673320084810257,0.05352192372083664,0.2158992886543274,0.0334664024412632,0.03211315423250198
146,False,normal,0.93190575,0.8751,0.08246209472417831,0.06013214960694313,0.21877501904964447,0.016492420807480812,0.03607928976416588
147,False,normal,0.9210112,0.921032,0.1878829300403595,0.06110871583223343,0.2302580028772354,0.0375765860080719,0.036665229499340056
148,False,normal,0.9299672,0.88600224,0.09219544380903244,0.06452468037605286,0.22150056064128876,0.018439089879393578,0.03871480822563171
149,False,normal,0.9238058,0.9508943,0.12165524810552597,0.06365972012281418,0.23772357404232025,0.024331049993634224,0.038195832073688506
150,False,normal,0.9306228,0.96431327,0.02236066199839115,0.06192126125097275,0.24107831716537476,0.004472132306545973,0.037152756750583646
151,False,normal,0.93080556,0.9457801,0.03741656243801117,0.060641199350357056,0.23644502460956573,0.007483312394469976,0.03638471961021423
152,False,normal,0.92955565,0.9610931,0.044721342623233795,0.058515843003988266,0.24027328193187714,0.008944269269704819,0.03510950580239296
153,False,normal,0.9308013,0.975961,0.020000040531158447,0.0558428019285202,0.24399025738239288,0.004000008571892977,0.03350568115711212
154,False,normal,0.92944574,0.9914132,0.02828429639339447,0.05391354113817215,0.24785329401493073,0.0056568593718111515,0.03234812468290329
155,False,normal,0.9305679,0.982395,0.024494927376508713,0.051627036184072495,0.24559874832630157,0.004898985847830772,0.030976221710443494
156,False,normal,0.9315609,0.96405387,0.030000021681189537,0.04946491867303848,0.24101345241069794,0.006000004708766937,0.02967895120382309
157,False,normal,0.92966384,0.9710304,0.05196152627468109,0.04791354015469551,0.24275760352611542,0.010392305441200733,0.028748124092817306
158,False,normal,0.92725724,0.9904039,0.07071065902709961,0.04616010561585426,0.2476009577512741,0.014142132364213467,0.027696063369512556
159,False,normal,0.92750275,1.02049,0.0458257719874382,0.04399767145514488,0.25512251257896423,0.00916515477001667,0.02639860287308693
160,False,normal,0.93094724,1.0124723,0.009999990463256836,0.04186036437749863,0.2531180679798126,0.0019999982323497534,0.025116218626499175
161,False,normal,0.9308461,1.006628,0.014142133295536041,0.04315808042883873,0.25165700912475586,0.0028284266591072083,0.025894848257303236
162,False,normal,0.93054664,0.9976473,0.02449488639831543,0.04386075958609581,0.24941180646419525,0.004898977465927601,0.026316455751657485
163,False,normal,0.93182087,0.96509063,0.036055561155080795,0.0429735966026783,0.24127264320850372,0.007211112417280674,0.02578415796160698
164,False,normal,0.9336642,0.9408507,0.0316227450966835,0.043007683008909225,0.23521266877651215,0.006324549205601215,0.025804609805345536
165,False,normal,0.93450713,0.93610895,0.033166248351335526,0.03748820349574089,0.23402723670005798,0.006633250042796135,0.022492922097444534
166,False,normal,0.9360227,0.9345587,0.02236068621277809,0.03241945058107376,0.2336396723985672,0.004472137428820133,0.019451670348644257
167,False,normal,0.9353273,0.95131487,0.020000040531158447,0.030962465330958366,0.23782871663570404,0.004000008571892977,0.01857747919857502
168,False,normal,0.93178284,0.9923709,0.042426373809576035,0.025100186467170715,0.24809272587299347,0.008485275320708752,0.01506011188030243
169,False,normal,0.93051237,1.0224481,0.03162280470132828,0.026774559170007706,0.25561201572418213,0.006324561312794685,0.016064735502004622
170,False,normal,0.92770135,1.053233,0.03605549409985542,0.03139541298151016,0.26330825686454773,0.007211098913103342,0.018837247788906098
171,False,normal,0.9291554,1.0515227,0.014142122119665146,0.03386488929390907,0.26288068294525146,0.0028284243308007717,0.020318933576345444
172,False,normal,0.92773634,1.0431203,0.03741657733917236,0.035520169883966446,0.26078006625175476,0.007483316119760275,0.021312101930379867
173,False,normal,0.92913425,1.0156771,0.04123104736208916,0.035780325531959534,0.2539192736148834,0.008246210403740406,0.02146819531917572
174,False,normal,0.9312048,1.0024968,0.024494873359799385,0.03585052117705345,0.2506242096424103,0.004898975137621164,0.02151031270623207
175,False,normal,0.9311595,1.0057336,0.022360699251294136,0.0358760692179203,0.251433402299881,0.004472140222787857,0.02152564153075218
176,False,normal,0.93191695,1.0094553,0.009999990463256836,0.03535063937306404,0.25236383080482483,0.0019999982323497534,0.021210383623838425
177,False,normal,0.9306635,1.012719,0.02449493482708931,0.03503672033548355,0.25317975878715515,0.004898987244814634,0.02102203220129013
178,False,normal,0.9305174,1.0084146,0.029999971389770508,0.03505578637123108,0.25210365653038025,0.0059999944642186165,0.021033471822738646
179,False,normal,0.93102777,1.0008996,0.03000001050531864,0.034716974943876266,0.25022488832473755,0.006000002380460501,0.02083018496632576
180,False,normal,0.931142,1.0058827,0.024494873359799385,0.034610480070114136,0.251470685005188,0.004898975137621164,0.02076628804206848
181,False,normal,0.930949,1.0113852,0.02236068621277809,0.034686535596847534,0.25284630060195923,0.004472137428820133,0.02081192135810852
182,False,normal,0.93155664,1.0160708,0.009999990463256836,0.034907639026641846,0.25401771068573,0.0019999982323497534,0.020944583415985107
183,False,normal,0.9313305,1.020833,0.010000020265579224,0.03431176021695137,0.25520825386047363,0.0020000042859464884,0.02058705613017082
184,False,normal,0.9315452,1.0141991,0.017320508137345314,0.03140261769294739,0.2535497844219208,0.0034641018137335777,0.01884157061576843
185,False,normal,0.9328749,0.9948367,0.022360658273100853,0.02725597657263279,0.24870915710926056,0.0044721318408846855,0.016353585943579673
186,False,normal,0.9349205,0.98691434,0.010000050067901611,0.022061433643102646,0.2467285841703415,0.0020000101067125797,0.013236860185861588
187,False,normal,0.9340552,0.98351413,0.02999999187886715,0.01854316145181656,0.24587853252887726,0.005999998655170202,0.011125896871089934
188,False,normal,0.93473244,0.97718984,0.024494873359799385,0.01963377557694912,0.24429745972156525,0.004898975137621164,0.011780265346169471
189,False,normal,0.932709,1.0030951,0.03000001050531864,0.019563263282179832,0.2507737874984741,0.006000002380460501,0.0117379579693079
190,False,normal,0.9332531,0.9843272,0.04123101755976677,0.017784113064408302,0.24608179926872253,0.008246203884482384,0.010670467838644981
191,False,normal,0.9340252,0.9562426,0.0538516603410244,0.018089471384882927,0.2390606552362442,0.01077033206820488,0.010853682830929755
192,False,normal,0.9361173,0.9580188,0.024494923651218414,0.018078481778502464,0.23950469493865967,0.004898984916508198,0.010847089067101478
193,False,normal,0.93405926,0.98066306,0.033166225999593735,0.018015414476394653,0.24516576528549194,0.006633245851844549,0.010809248685836792
194,False,normal,0.93386114,0.9968952,0.022360671311616898,0.017965728417038918,0.24922378361225128,0.004472134634852409,0.010779437050223351
195,False,normal,0.9324132,1.0070254,0.03316625952720642,0.018001582473516464,0.25175634026527405,0.0066332523711025715,0.010800949484109878
196,False,normal,0.9325811,1.0143471,0.024494873359799385,0.0182089451700449,0.2535867691040039,0.004898975137621164,0.010925367102026939
197,False,normal,0.9335295,1.0116818,0.014142164029181004,0.01816459372639656,0.2529204487800598,0.0028284327127039433,0.010898756235837937
198,False,normal,0.93425053,1.005286,0.009999990463256836,0.018075615167617798,0.2513214945793152,0.0019999982323497534,0.010845369100570679
199,False,normal,0.93361557,0.9980982,0.024494873359799385,0.018051549792289734,0.2495245486497879,0.004898975137621164,0.01083092987537384
200,False,normal,0.9340432,0.99146354,0.024494897574186325,0.017943058162927628,0.24786587059497833,0.00489897932857275,0.010765834897756576
201,False,normal,0.93149805,0.98620486,0.06324554979801178,0.01767297275364399,0.24655121564865112,0.0126491105183959,0.010603783652186394
202,False,normal,0.9329623,1.0018982,0.03162280470132828,0.01706118881702423,0.2504745423793793,0.006324561312794685,0.010236713290214538
203,False,normal,0.9345136,1.0048383,0.010000020265579224,0.016116341575980186,0.2512095868587494,0.0020000042859464884,0.009669804945588112
204,False,normal,0.933403,1.0109895,0.019999980926513672,0.01591758243739605,0.25274738669395447,0.003999996464699507,0.00955054946243763
205,False,normal,0.9336703,1.0170546,0.009999990463256836,0.016781434416770935,0.25426363945007324,0.0019999982323497534,0.01006886065006256
206,False,normal,0.93298304,1.0212737,0.014142122119665146,0.017722250893712044,0.25531843304634094,0.0028284243308007717,0.010633350536227226
207,False,normal,0.93259656,1.0256705,0.014142122119665146,0.01865321956574917,0.2564176321029663,0.0028284243308007717,0.0111919317394495
208,False,normal,0.93162066,1.0069261,0.04358900710940361,0.01814422197639942,0.2517315149307251,0.008717801421880722,0.010886533185839653
209,False,normal,0.93195444,0.9976473,0.04690416902303696,0.0181230828166008,0.24941180646419525,0.009380834177136421,0.010873849689960479
210,False,normal,0.93159634,0.99559027,0.053851645439863205,0.017836477607488632,0.24889756739139557,0.010770329274237156,0.010701886564493179
211,False,normal,0.93359786,1.0070252,0.022360658273100853,0.014883512631058693,0.25175631046295166,0.0044721318408846855,0.008930107578635216
212,False,normal,0.93444204,1.0153817,0.010000050067901611,0.011221899650990963,0.2538454234600067,0.0020000101067125797,0.006733139790594578
213,False,normal,0.93299323,1.0249391,0.022360673174262047,0.010591900907456875,0.2562347650527954,0.004472134634852409,0.006355140544474125
214,False,normal,0.9334992,1.0300485,0.009999990463256836,0.011439300142228603,0.2575121223926544,0.0019999982323497534,0.006863580085337162
215,False,normal,0.93263966,1.0360502,0.014142122119665146,0.012888036668300629,0.2590125501155853,0.0028284243308007717,0.007732822000980377
216,False,normal,0.9320029,1.0321821,0.024494880810379982,0.013738572597503662,0.2580455243587494,0.004898976068943739,0.008243143558502197
217,False,normal,0.9328849,1.0203431,0.0223606638610363,0.013888535089790821,0.2550857663154602,0.0044721332378685474,0.008333121053874492
218,False,normal,0.9336094,1.0088607,0.02236068621277809,0.013830997981131077,0.252215176820755,0.004472137428820133,0.008298598788678646
219,False,normal,0.9333302,1.0046393,0.030000001192092896,0.013582389801740646,0.25115981698036194,0.0060000005178153515,0.008149433881044388
220,False,normal,0.93458533,0.9940825,0.0223606638610363,0.013395575806498528,0.248520627617836,0.0044721332378685474,0.008037345483899117
221,False,normal,0.93488216,0.99704564,0.01732051745057106,0.012528791092336178,0.24926140904426575,0.0034641034435480833,0.007517274655401706
222,False,normal,0.9343257,1.010198,0.014142143540084362,0.012302041985094547,0.25254949927330017,0.002828428987413645,0.007381225191056728
223,False,normal,0.93417,1.0129659,0.014142122119665146,0.012157819233834743,0.25324147939682007,0.0028284243308007717,0.007294691540300846
224,False,normal,0.9343865,1.0144949,0.009999990463256836,0.01214640960097313,0.25362372398376465,0.0019999982323497534,0.007287845760583877
225,False,normal,0.93343806,1.020735,0.017320534214377403,0.01222466491162777,0.25518375635147095,0.003464106936007738,0.007334798946976661
226,False,normal,0.9335026,1.0233767,0.014142133295536041,0.012297281064093113,0.2558441758155823,0.0028284266591072083,0.007378368638455868
227,False,normal,0.93368566,1.0085137,0.024494923651218414,0.01204275619238615,0.2521284222602844,0.004898984916508198,0.00722565371543169
228,False,normal,0.93506,0.99824846,0.014142133295536041,0.012406484223902225,0.2495620995759964,0.0028284266591072083,0.007443890534341335
229,False,normal,0.9346148,0.9867624,0.028284259140491486,0.01326064020395279,0.24669060111045837,0.005656852386891842,0.007956384122371674
230,False,normal,0.93607235,0.9723168,0.01732051372528076,0.015489896759390831,0.24307920038700104,0.003464102977886796,0.009293938055634499
231,False,normal,0.935905,0.96275645,0.02236066199839115,0.018714256584644318,0.24068911373615265,0.004472132306545973,0.01122855395078659
232,False,normal,0.9367465,0.95864487,0.010000020265579224,0.021568555384874344,0.23966121673583984,0.0020000042859464884,0.012941133230924606
233,False,normal,0.9369836,0.9495788,0.009999990463256836,0.024314282462000847,0.23739470541477203,0.0019999982323497534,0.014588569477200507
234,False,normal,0.93631303,0.9527329,0.014142148196697235,0.025670591741800308,0.23818323016166687,0.0028284296859055758,0.015402355045080184
235,False,normal,0.9347042,0.9702577,0.022360658273100853,0.024814072996377945,0.24256442487239838,0.0044721318408846855,0.014888443797826766
236,False,normal,0.93346775,0.98361576,0.030000001192092896,0.023385662585496902,0.24590392410755157,0.0060000005178153515,0.014031397551298142
237,False,normal,0.9337359,0.99619275,0.01732051745057106,0.022524910047650337,0.24904818832874298,0.0034641034435480833,0.013514946028590201
238,False,normal,0.9343723,0.9954396,0.009999997913837433,0.022189194336533546,0.24885989725589752,0.0019999996293336153,0.013313516601920128
239,False,normal,0.93468076,0.9859513,0.014142129570245743,0.02197199873626232,0.2464878261089325,0.002828426193445921,0.013183199241757393
240,False,normal,0.9344091,0.9803061,0.02236068807542324,0.022039510309696198,0.245076522231102,0.0044721378944814205,0.013223706185817719
241,False,normal,0.93496436,0.97092736,0.02236066199839115,0.022296780720353127,0.24273183941841125,0.004472132306545973,0.013378068432211876
242,False,normal,0.93412125,0.9666954,0.037416569888591766,0.022117195650935173,0.24167385697364807,0.007483314257115126,0.013270317390561103
243,False,normal,0.93509984,0.9677293,0.024494903162121773,0.02149980328977108,0.24193231761455536,0.004898980725556612,0.012899881973862647
244,False,normal,0.9363044,0.96778095,0.009999999776482582,0.020493973046541214,0.24194523692131042,0.0020000000949949026,0.012296383827924728
245,False,normal,0.9359863,0.97698516,0.009999990463256836,0.018351174890995026,0.24424628913402557,0.0019999982323497534,0.011010704934597016
246,False,normal,0.93545955,0.98615414,0.014142170548439026,0.015376309864223003,0.24653853476047516,0.002828434109687805,0.009225785918533801
247,False,normal,0.935328,0.9953894,0.009999990463256836,0.01425113994628191,0.2488473504781723,0.0019999982323497534,0.008550683967769146
248,False,normal,0.9353495,0.99543965,0.009999999776482582,0.014045756310224533,0.24885989725589752,0.0020000000949949026,0.00842745378613472
249,False,normal,0.9355584,0.9916653,0.009999990463256836,0.014270991086959839,0.2479163259267807,0.0019999982323497534,0.008562594652175903
250,False,normal,0.9342855,1.004689,0.014142122119665146,0.015506584197282791,0.2511722445487976,0.0028284243308007717,0.009303950518369674
251,False,normal,0.93452454,1.0046393,0.009999999776482582,0.016129370778799057,0.25115981698036194,0.0020000000949949026,0.009677622467279434
252,False,normal,0.9339297,1.0085137,0.014142128638923168,0.0164798554033041,0.2521284222602844,0.0028284257277846336,0.00988791324198246
253,False,normal,0.9330779,1.0216163,0.014142143540084362,0.016753511503338814,0.2554040849208832,0.002828428987413645,0.010052106902003288
254,False,normal,0.9320549,1.0296116,0.019999980926513672,0.017453424632549286,0.2574028968811035,0.003999996464699507,0.01047205477952957
255,False,normal,0.9316091,1.0288343,0.024494903162121773,0.01876375637948513,0.25720858573913574,0.004898980725556612,0.011258253827691078
256,False,normal,0.9323103,1.024207,0.01732049696147442,0.019814645871520042,0.2560517489910126,0.003464099718257785,0.011888787522912026
257,False,normal,0.9327431,1.0197059,0.014142143540084362,0.02053852006793022,0.254926472902298,0.002828428987413645,0.012323112040758132
258,False,normal,0.9315858,1.028883,0.019999980926513672,0.02174171432852745,0.2572207450866699,0.003999996464699507,0.01304502859711647
259,False,normal,0.93190366,1.033586,0.010000020265579224,0.0228933934122324,0.2583965063095093,0.0020000042859464884,0.01373603604733944
260,False,normal,0.932157,1.028883,0.010000020265579224,0.023231688886880875,0.2572207450866699,0.0020000042859464884,0.013939013332128524
261,False,normal,0.9329697,1.028883,0.0,0.022709354758262634,0.2572207450866699,0.0,0.013625612854957581
262,False,normal,0.93312633,1.028883,0.0,0.02140394039452076,0.2572207450866699,0.0,0.012842364236712455
263,False,normal,0.9333378,1.028883,0.0,0.019641900435090065,0.2572207450866699,0.0,0.011785140261054039
264,False,normal,0.9336337,1.028883,0.0,0.017176253721117973,0.2572207450866699,0.0,0.010305752232670783
265,False,normal,0.9331226,1.0244023,0.014142128638923168,0.01493015792220831,0.2561005651950836,0.0028284257277846336,0.008958094753324986
266,False,normal,0.93439156,1.0244023,0.0,0.013194074854254723,0.2561005651950836,0.0,0.007916444912552834
267,False,normal,0.9337865,1.0242559,0.009999999776482582,0.012062695808708668,0.25606396794319153,0.0020000000949949026,0.0072376174852252
268,False,normal,0.93470895,1.0242559,0.0,0.010625454597175121,0.25606396794319153,0.0,0.006375272758305073
269,False,normal,0.93343854,1.0285913,0.01732049696147442,0.008129077032208443,0.25714781880378723,0.003464099718257785,0.004877446219325066
270,False,normal,0.9348842,1.0285913,0.0,0.006906964350491762,0.25714781880378723,0.0,0.004144178610295057
271,False,normal,0.9343437,1.0286399,0.009999999776482582,0.005136074032634497,0.2571599781513214,0.0020000000949949026,0.003081644419580698
272,False,normal,0.9339443,1.0332958,0.014142128638923168,0.003450439078733325,0.25832393765449524,0.0028284257277846336,0.0020702634472399947
273,False,normal,0.9333592,1.0379788,0.01732049696147442,0.0039008953608572483,0.25949469208717346,0.003464099718257785,0.0023405372165143487
274,False,normal,0.9345932,1.0379788,0.0,0.004442739766091108,0.25949469208717346,0.0,0.002665643859654665
275,False,normal,0.9338071,1.0377378,0.009999999776482582,0.00486939400434494,0.25943446159362793,0.0020000000949949026,0.002921636402606964
276,False,normal,0.93345034,1.0422091,0.009999990463256836,0.0055129691027104855,0.2605522871017456,0.0019999982323497534,0.003307781461626291
277,False,normal,0.93406606,1.0332958,0.009999990463256836,0.005024794954806566,0.25832393765449524,0.0019999982323497534,0.0030148769728839397
278,False,normal,0.9340483,1.0335376,0.009999999776482582,0.005046424921602011,0.2583844065666199,0.0020000000949949026,0.0030278549529612064
279,False,normal,0.9347985,1.0335376,0.0,0.005045128054916859,0.2583844065666199,0.0,0.003027076832950115
280,False,normal,0.93373585,1.0381234,0.009999990463256836,0.005261722020804882,0.25953084230422974,0.0019999982323497534,0.0031570332124829293
281,False,normal,0.9340237,1.0335376,0.009999990463256836,0.005251790396869183,0.2583844065666199,0.0019999982323497534,0.0031510742381215093
282,False,normal,0.9343059,1.0290288,0.009999990463256836,0.005248182453215122,0.2572571933269501,0.0019999982323497534,0.003148909471929073
283,False,normal,0.9343208,1.0287857,0.009999999776482582,0.005250703543424606,0.25719642639160156,0.0020000000949949026,0.003150422126054764
284,False,normal,0.9350705,1.0287857,0.0,0.005253219977021217,0.25719642639160156,0.0,0.00315193198621273
285,False,normal,0.9350964,1.0287857,0.0,0.005037506110966206,0.25719642639160156,0.0,0.0030225036665797234
286,False,normal,0.934623,1.0243534,0.010000020265579224,0.005041089374572039,0.25608834624290466,0.0020000042859464884,0.0030246536247432233
287,False,normal,0.93537384,1.0243534,0.0,0.005033866036683321,0.25608834624290466,0.0,0.0030203196220099926
288,False,normal,0.93537474,1.0243534,0.0,0.005026627331972122,0.25608834624290466,0.0,0.0030159763991832733
289,False,normal,0.93452317,1.0198529,0.014142128638923168,0.005628158338367939,0.254963219165802,0.0028284257277846336,0.0033768950030207633
290,False,normal,0.9347749,1.0198039,0.009999999776482582,0.006144736893475056,0.25495097041130066,0.0020000000949949026,0.003686842136085033
291,False,normal,0.9351702,1.0107918,0.009999990463256836,0.007544587831944227,0.2526979446411133,0.0019999982323497534,0.0045267526991665365
292,False,normal,0.934574,1.0198039,0.009999990463256836,0.007818518206477165,0.25495097041130066,0.0019999982323497534,0.004691110923886299
293,False,normal,0.93480706,1.0155294,0.009999990463256836,0.0081028388813138,0.25388234853744507,0.0019999982323497534,0.004861703328788281
294,False,normal,0.93554235,1.0155294,0.0,0.00822574645280838,0.25388234853744507,0.0,0.004935447871685028
295,False,normal,0.93479127,1.0155787,0.009999999776482582,0.00820882897824049,0.2538946866989136,0.0020000000949949026,0.004925297386944294
296,False,normal,0.93561363,1.0155787,0.0,0.007605848368257284,0.2538946866989136,0.0,0.0045635090209543705
297,False,normal,0.93455946,1.0072736,0.02000001072883606,0.008216368034482002,0.25181838870048523,0.0040000020526349545,0.004929820820689201
298,False,normal,0.9352691,1.007224,0.009999999776482582,0.008577926084399223,0.25180599093437195,0.0020000000949949026,0.005146755650639534
299,False,normal,0.9346584,1.0123734,0.014142122119665146,0.008396627381443977,0.2530933618545532,0.0028284243308007717,0.005037976428866386
300,False,normal,0.9336528,1.01789,0.024494901299476624,0.00743283424526453,0.2544724941253662,0.004898980725556612,0.004459700547158718
301,False,normal,0.9341613,1.0233767,0.014142122119665146,0.006808500736951828,0.2558441758155823,0.0028284243308007717,0.004085100442171097
302,False,normal,0.93449074,1.0236211,0.009999999776482582,0.006524281110614538,0.25590527057647705,0.0020000000949949026,0.003914568666368723
303,False,normal,0.9347654,1.019951,0.009999990463256836,0.006147302221506834,0.2549877464771271,0.0019999982323497534,0.0036883813329041002
304,False,normal,0.9355677,1.019951,0.0,0.005711580626666546,0.2549877464771271,0.0,0.0034269483759999273
305,False,normal,0.9346334,1.0236211,0.009999990463256836,0.005336012225598097,0.25590527057647705,0.0019999982323497534,0.003201607335358858
306,False,normal,0.9352308,1.0143471,0.009999990463256836,0.005187695380300283,0.2535867691040039,0.0019999982323497534,0.00311261722818017
307,False,normal,0.9360051,1.0143471,0.0,0.0049850489012897015,0.2535867691040039,0.0,0.0029910293407738207
308,False,normal,0.93474877,1.0073729,0.02236066199839115,0.005111565813422203,0.2518432140350342,0.004472132306545973,0.0030669394880533216
309,False,normal,0.9363935,1.0073729,0.0,0.0053810859099030495,0.2518432140350342,0.0,0.0032286515459418294
310,False,normal,0.9357602,0.99849886,0.014142129570245743,0.006441239733248949,0.24962471425533295,0.002828426193445921,0.003864743839949369
311,False,normal,0.93614227,0.9949372,0.010000020265579224,0.007701387628912926,0.2487342804670334,0.0020000042859464884,0.004620832577347756
312,False,normal,0.9358551,0.99849886,0.010000020265579224,0.00823932234197855,0.24962471425533295,0.0020000042859464884,0.00494359340518713
313,False,normal,0.93530804,1.0016986,0.014142129570245743,0.008542921394109726,0.25042465329170227,0.002828426193445921,0.005125752836465836
314,False,normal,0.93557864,0.99619275,0.014142122119665146,0.009155585430562496,0.24904818832874298,0.0028284243308007717,0.005493351258337498
315,False,normal,0.934998,1.0013491,0.01732049696147442,0.009322356432676315,0.25033727288246155,0.003464099718257785,0.005593413859605789
316,False,normal,0.93628377,1.0013491,0.0,0.009432682767510414,0.25033727288246155,0.0,0.005659609660506248
317,False,normal,0.9362647,1.0013491,0.0,0.009591594338417053,0.25033727288246155,0.0,0.005754956603050232
318,False,normal,0.93589145,0.9883825,0.014142122119665146,0.010616441257297993,0.24709562957286835,0.0028284243308007717,0.006369864754378796
319,False,normal,0.9360875,0.98873657,0.009999999776482582,0.011387517675757408,0.2471841424703598,0.0020000000949949026,0.006832510605454444
320,False,normal,0.93679065,0.98873657,0.0,0.011777659878134727,0.2471841424703598,0.0,0.007066595926880836
321,False,normal,0.93681264,0.98873657,0.0,0.011594151146709919,0.2471841424703598,0.0,0.006956490688025951
322,False,normal,0.93591297,0.9924213,0.009999990463256836,0.010922293178737164,0.24810533225536346,0.0019999982323497534,0.006553375907242298
323,False,normal,0.93673265,0.9924213,0.0,0.010342048481106758,0.24810533225536346,0.0,0.006205229088664055
324,False,normal,0.93683,0.9924213,0.0,0.009530480019748211,0.24810533225536346,0.0,0.0057182880118489265
325,False,normal,0.9362974,0.9920685,0.009999999776482582,0.007902621291577816,0.24801713228225708,0.0020000000949949026,0.00474157277494669
326,False,normal,0.936414,0.9918165,0.009999999776482582,0.007062029093503952,0.2479541152715683,0.0020000000949949026,0.004237217456102371
327,False,normal,0.93656284,0.9916653,0.009999999776482582,0.00590054364874959,0.2479163259267807,0.0020000000949949026,0.0035403261892497538
328,False,normal,0.9364026,0.99543965,0.009999990463256836,0.005269905086606741,0.24885989725589752,0.0019999982323497534,0.0031619430519640446
329,False,normal,0.9358182,1.0009496,0.014142122119665146,0.004681421909481287,0.2502374053001404,0.0028284243308007717,0.0028088531456887723
330,False,normal,0.9363619,0.99729633,0.009999990463256836,0.004642159212380648,0.24932408332824707,0.0019999982323497534,0.0027852955274283884
331,False,normal,0.93636143,0.9972462,0.009999999776482582,0.004672170151025057,0.24931155145168304,0.0020000000949949026,0.002803302090615034
332,False,normal,0.9365923,0.99368,0.010000020265579224,0.004606153350323439,0.24842000007629395,0.0020000042859464884,0.002763692010194063
333,False,normal,0.9373767,0.99368,0.0,0.00431939447298646,0.24842000007629395,0.0,0.0025916366837918756
334,False,normal,0.936626,0.99373037,0.009999999776482582,0.0042986455373466015,0.24843259155750275,0.0020000000949949026,0.0025791873224079607
335,False,normal,0.93741536,0.99373037,0.0,0.003970998805016279,0.24843259155750275,0.0,0.0023825992830097675
336,False,normal,0.9367035,0.9938813,0.009999999776482582,0.0035742095205932856,0.24847032129764557,0.0020000000949949026,0.002144525712355971
337,False,normal,0.9354999,1.006777,0.014142143540084362,0.0042986758053302765,0.2516942620277405,0.002828428987413645,0.0025792054831981657
338,False,normal,0.936479,1.006777,0.0,0.004978572484105825,0.2516942620277405,0.0,0.002987143490463495
339,False,normal,0.9349436,1.0161201,0.009999990463256836,0.0066572679206728935,0.2540300190448761,0.0019999982323497534,0.003994360752403736
340,False,normal,0.93544227,1.0032446,0.014142143540084362,0.00661881547421217,0.2508111596107483,0.002828428987413645,0.003971289284527301
341,False,normal,0.935097,1.0126203,0.009999990463256836,0.0072022429667413235,0.25315508246421814,0.0019999982323497534,0.004321345780044794
342,False,normal,0.93527603,1.0092076,0.009999990463256836,0.0074874041602015495,0.2523019015789032,0.0019999982323497534,0.004492442496120929
343,False,normal,0.93548304,1.0058826,0.009999990463256836,0.007494302000850439,0.2514706552028656,0.0019999982323497534,0.004496581200510263
344,False,normal,0.9345238,1.0151846,0.014142128638923168,0.008053884841501713,0.25379616022109985,0.0028284257277846336,0.0048323309049010275
345,False,normal,0.93544567,1.0057336,0.009999990463256836,0.007883214391767979,0.251433402299881,0.0019999982323497534,0.004729928635060787
346,False,normal,0.9354791,1.0056838,0.009999999776482582,0.00763027323409915,0.2514209449291229,0.0020000000949949026,0.0045781639404594895
347,False,normal,0.9355165,1.0057336,0.009999999776482582,0.007292895577847958,0.251433402299881,0.0020000000949949026,0.004375737346708775
348,False,normal,0.93552655,1.0058826,0.009999999776482582,0.007131456863135099,0.2514706552028656,0.0020000000949949026,0.004278874117881059
349,False,normal,0.9357308,1.0026464,0.010000020265579224,0.00711482297629118,0.25066161155700684,0.0020000042859464884,0.004268893785774708
350,False,normal,0.9357309,1.0028958,0.009999999776482582,0.0069845253601670265,0.2507239580154419,0.0020000000949949026,0.004190715216100216
351,False,normal,0.93479204,1.012719,0.014142128638923168,0.0071030245162546635,0.25317975878715515,0.0028284257277846336,0.004261814709752798
352,False,normal,0.93499905,1.0100495,0.014142129570245743,0.006768465507775545,0.2525123655796051,0.002828426193445921,0.004061079304665327
353,False,normal,0.9356122,1.0010993,0.014142127707600594,0.006320384331047535,0.2502748370170593,0.00282842549495399,0.0037922305986285206
354,False,normal,0.9358079,0.9986991,0.014142129570245743,0.005939853843301535,0.24967478215694427,0.002828426193445921,0.0035639123059809205
355,False,normal,0.9363262,0.9957409,0.010000020265579224,0.005749923642724752,0.24893522262573242,0.0020000042859464884,0.0034499541856348515
356,False,normal,0.937098,0.9957409,0.0,0.0055681318044662476,0.24893522262573242,0.0,0.0033408790826797486
357,False,normal,0.9370477,0.9957409,0.0,0.005987129639834166,0.24893522262573242,0.0,0.0035922777839004993
358,False,normal,0.9363912,0.98696506,0.014142127707600594,0.0071904645301401615,0.24674126505851746,0.00282842549495399,0.004314278718084097
359,False,normal,0.93679404,0.98407316,0.009999990463256836,0.007928472012281418,0.24601827561855316,0.0019999982323497534,0.004757083207368851
360,False,normal,0.9358084,0.9944848,0.014142133295536041,0.008129950612783432,0.24862118065357208,0.0028284266591072083,0.004877970367670059
361,False,normal,0.9352576,0.9937303,0.022360673174262047,0.007976500317454338,0.24843257665634155,0.004472134634852409,0.004785900190472603
362,False,normal,0.9369401,0.9937303,0.0,0.007931629195809364,0.24843257665634155,0.0,0.004758977517485619
363,False,normal,0.93633616,0.98534256,0.014142127707600594,0.008493700064718723,0.24633564054965973,0.00282842549495399,0.005096220038831234
364,False,normal,0.93742716,0.98534256,0.0,0.00824122503399849,0.24633564054965973,0.0,0.0049447350203990935
365,False,normal,0.9373971,0.98534256,0.0,0.0084915142506361,0.24633564054965973,0.0,0.00509490855038166
366,False,normal,0.9366533,0.9743716,0.01732051372528076,0.009578295983374119,0.24359290301799774,0.003464102977886796,0.0057469775900244715
367,False,normal,0.9362153,0.977241,0.02000001072883606,0.010059552267193794,0.24431024491786957,0.0040000020526349545,0.006035731360316277
368,False,normal,0.93638986,0.9815294,0.014142143540084362,0.0100325308740139,0.24538235366344452,0.002828428987413645,0.00601951852440834
369,False,normal,0.9366018,0.983209,0.01000000536441803,0.009980141185224056,0.24580225348472595,0.0020000010263174772,0.005988084711134434
370,False,normal,0.93573004,0.9721111,0.030000001192092896,0.01052501518279314,0.24302777647972107,0.0060000005178153515,0.006315009109675884
371,False,normal,0.9362916,0.9737043,0.022360678762197495,0.009790669195353985,0.24342606961727142,0.004472136031836271,0.0058744015172123906
372,False,normal,0.93544996,0.9782127,0.03162277489900589,0.008666997775435448,0.24455316364765167,0.00632455525919795,0.0052001986652612684
373,False,normal,0.9364368,0.973961,0.022360673174262047,0.008446888066828251,0.24349024891853333,0.004472134634852409,0.005068132840096951
374,False,normal,0.93628216,0.97718984,0.02236069180071354,0.008053397759795189,0.24429745972156525,0.004472138825803995,0.004832038655877113
375,False,normal,0.9367769,0.95718336,0.030000021681189537,0.00957608874887228,0.2392958402633667,0.006000004708766937,0.005745653249323368
376,False,normal,0.93615854,0.9646761,0.03162277862429619,0.009812450967729092,0.2411690205335617,0.006324555724859238,0.0058874705806374545
377,False,normal,0.93548334,0.96046865,0.04358898848295212,0.010151760652661324,0.240117147564888,0.008717798627912998,0.006091056391596794
378,False,normal,0.9378387,0.962185,0.01000000536441803,0.010622791014611721,0.24054625630378723,0.0020000010263174772,0.006373674608767033
379,False,normal,0.93633425,0.9714422,0.02236069180071354,0.010612739250063896,0.2428605556488037,0.004472138825803995,0.006367643550038338
380,False,normal,0.9357526,0.95467275,0.043588969856500626,0.010926742106676102,0.23866818845272064,0.008717793971300125,0.006556045264005661
381,False,normal,0.9381585,0.9345587,0.024494940415024757,0.0132870152592659,0.2336396723985672,0.004898988641798496,0.00797220915555954
382,False,normal,0.93725777,0.9362158,0.03316624090075493,0.014510410837829113,0.23405395448207855,0.006633248645812273,0.008706246502697468
383,False,normal,0.9365743,0.93311304,0.04242641478776932,0.01603470928966999,0.23327825963497162,0.008485282771289349,0.009620825573801993
384,False,normal,0.93586123,0.9265528,0.054772257804870605,0.017677294090390205,0.23163819313049316,0.010954451747238636,0.010606376454234123
385,False,normal,0.93599147,0.91487706,0.05916079878807068,0.0199305210262537,0.22871926426887512,0.01183215994387865,0.01195831261575222
386,False,normal,0.918821,0.98848367,0.22561024129390717,0.020650403574109077,0.2471209168434143,0.04512204974889755,0.012390242144465446
387,False,normal,0.5668732,2.165387,2.379957914352417,0.2634425759315491,0.7248080372810364,0.40056663751602173,0.15806554555892943
388,True,sudden,0.544373,4.003673,2.3477861881256104,0.7010440826416016,1.0,0.396889865398407,0.3804176330566406
389,False,normal,0.54839826,2.1964061,1.906147837638855,0.733839750289917,0.7294608950614929,0.3464169204235077,0.3935359001159668
390,False,normal,0.54344964,1.8096961,2.4705464839935303,0.741657018661499,0.6048480272293091,0.4109196066856384,0.3966628074645996
391,False,normal,0.70554286,1.600125,1.2015823125839233,0.7415354251861572,0.5000624656677246,0.2403164803981781,0.39661417007446287
392,False,normal,0.8023386,1.3037255,0.4090231955051422,0.7377368807792664,0.35186272859573364,0.08180464059114456,0.39509475231170654
393,False,normal,0.8114226,1.2131364,0.4429447054862976,0.733931303024292,0.3065682053565979,0.08858893811702728,0.3935725212097168
394,False,normal,0.824804,1.1169155,0.3586084246635437,0.7311643958091736,0.2792288661003113,0.07172168791294098,0.3924657583236694
395,False,normal,0.8387568,1.0892199,0.19874607026576996,0.7282622456550598,0.2723049819469452,0.03974921628832817,0.3913048982620239
396,False,normal,0.8507298,1.0123734,0.10440307855606079,0.7270826101303101,0.2530933618545532,0.02088061533868313,0.39083304405212405
397,False,normal,0.84782076,1.0401922,0.12206557393074036,0.7251538634300232,0.2600480616092682,0.02441311627626419,0.39006154537200927
398,False,normal,0.83898866,1.109279,0.18574175238609314,0.7218849062919617,0.2773197591304779,0.03714835271239281,0.3887539625167847
399,False,normal,0.8446517,1.109234,0.1135781854391098,0.7187849283218384,0.27730849385261536,0.02271563746035099,0.38751397132873533
400,False,normal,0.8513839,1.079398,0.0519615076482296,0.7157072424888611,0.2698495090007782,0.010392301715910435,0.3862828969955444
401,False,normal,0.85361797,1.0386529,0.059160806238651276,0.7128646373748779,0.2596632242202759,0.0118321618065238,0.3851458549499512
402,False,normal,0.85408163,1.0347464,0.05916079133749008,0.7101203799247742,0.2586866021156311,0.011832159012556076,0.38404815196990966
403,False,normal,0.8516834,1.0604244,0.07348469644784927,0.7066096663475037,0.26510611176490784,0.0146969398483634,0.38264386653900145
404,False,normal,0.8531857,1.0820813,0.04000002145767212,0.7023023962974548,0.27052032947540283,0.008000004105269909,0.38092095851898194
405,False,normal,0.85493815,1.0719142,0.029999984428286552,0.6977154612541199,0.2679785490036011,0.00599999725818634,0.37908618450164794
406,False,normal,0.8562323,1.0535179,0.030000023543834686,0.6959100961685181,0.2633794844150543,0.0060000051744282246,0.37836403846740724
407,False,normal,0.85912114,1.0210289,0.03741654008626938,0.6782290935516357,0.2552572190761566,0.007483308203518391,0.3712916374206543
408,False,normal,0.8992502,0.99267316,0.03000001423060894,0.3038143217563629,0.24816828966140747,0.006000002846121788,0.18228859305381775
409,False,normal,0.91308063,0.97821265,0.017320532351732254,0.20401708781719208,0.24455316364765167,0.0034641067031770945,0.12241025269031525
410,False,normal,0.92183626,0.96927804,0.014142127707600594,0.1376931369304657,0.2423195093870163,0.00282842549495399,0.08261588215827942
411,False,normal,0.92916167,0.9698453,0.009999997913837433,0.07894179224967957,0.24246130883693695,0.0019999996293336153,0.04736507534980774
412,False,normal,0.93183535,0.95603347,0.014142122119665146,0.06126565858721733,0.239008367061615,0.0028284243308007717,0.0367593951523304
413,False,normal,0.9330811,0.9453042,0.019999980926513672,0.05281158909201622,0.23632605373859406,0.003999996464699507,0.03168695345520973
414,False,normal,0.9330492,0.94926286,0.017320498824119568,0.05269014462828636,0.23731571435928345,0.0034640999510884285,0.03161408677697181
415,False,normal,0.9326902,0.9585927,0.014142127707600594,0.0528092086315155,0.23964817821979523,0.00282842549495399,0.0316855251789093
416,False,normal,0.931949,0.9680393,0.014142133295536041,0.05406561121344566,0.24200980365276337,0.0028284266591072083,0.032439366728067395
417,False,normal,0.9299282,0.9902525,0.02236071228981018,0.054200053215026855,0.24756312370300293,0.004472142551094294,0.03252003192901611
418,False,normal,0.9277573,1.0202451,0.03316621854901314,0.049915850162506104,0.2550612688064575,0.0066332439891994,0.02994951009750366
419,False,normal,0.9301567,1.0195097,0.009999997913837433,0.0447826161980629,0.2548774182796478,0.0019999996293336153,0.02686956971883774
420,False,normal,0.9304306,1.0159724,0.014142122119665146,0.04175412282347679,0.25399309396743774,0.0028284243308007717,0.025052473694086076
421,False,normal,0.9304838,1.0211267,0.009999990463256836,0.041214440017938614,0.2552816867828369,0.0019999982323497534,0.02472866401076317
422,False,normal,0.9312824,1.0211267,0.0,0.04080972075462341,0.2552816867828369,0.0,0.024485832452774046
423,False,normal,0.9315104,1.0211267,0.0,0.038910094648599625,0.2552816867828369,0.0,0.023346056789159773
424,False,normal,0.9313482,1.0153325,0.014142129570245743,0.03444032371044159,0.2538331151008606,0.002828426193445921,0.02066419422626495
425,False,normal,0.9324887,1.0102475,0.009999990463256836,0.030173974111676216,0.25256186723709106,0.0019999982323497534,0.01810438446700573
426,False,normal,0.93275154,1.006777,0.014142122119665146,0.027202202007174492,0.2516942620277405,0.0028284243308007717,0.016321321204304694
427,False,normal,0.9327552,1.0041414,0.017320498824119568,0.02655799686908722,0.2510353624820709,0.0034640999510884285,0.01593479812145233
428,False,normal,0.93272734,1.0126203,0.009999990463256836,0.026949170976877213,0.25315508246421814,0.0019999982323497534,0.016169502586126327
429,False,normal,0.9318721,1.02049,0.014142129570245743,0.027388155460357666,0.25512251257896423,0.002828426193445921,0.0164328932762146
430,False,normal,0.93223226,1.019951,0.009999997913837433,0.027256613597273827,0.2549877464771271,0.0019999996293336153,0.016353968158364294
431,False,normal,0.9319039,1.0172513,0.017320530489087105,0.026823865249753,0.25431281328201294,0.003464106237515807,0.016094319149851797
432,False,normal,0.93340886,1.0172513,0.0,0.025107715278863907,0.25431281328201294,0.0,0.015064629167318343
433,False,normal,0.93383944,1.0172513,0.0,0.021519899368286133,0.25431281328201294,0.0,0.01291193962097168
434,False,normal,0.9343618,1.0172513,0.0,0.017166582867503166,0.25431281328201294,0.0,0.010299949720501899
435,False,normal,0.93449736,1.0119783,0.010000050067901611,0.012533145025372505,0.252994567155838,0.0020000101067125797,0.007519887015223502
436,False,normal,0.9356058,1.0034939,0.009999990463256836,0.007714895065873861,0.25087347626686096,0.0019999982323497534,0.004628937039524317
437,False,normal,0.93655986,1.0034939,0.0,0.00601482018828392,0.25087347626686096,0.0,0.003608892112970352
438,False,normal,0.93529195,1.0119783,0.009999990463256836,0.005911789834499359,0.252994567155838,0.0019999982323497534,0.003547073900699615
439,False,normal,0.93497163,1.0172513,0.010000050067901611,0.005834530107676983,0.25431281328201294,0.0020000101067125797,0.0035007180646061896
440,False,normal,0.93571866,1.0172513,0.0,0.0058594015426933765,0.25431281328201294,0.0,0.0035156409256160257
441,False,normal,0.93502384,1.0167104,0.009999997913837433,0.005681095644831657,0.25417760014533997,0.0019999996293336153,0.0034086573868989944
442,False,normal,0.93579704,1.0167104,0.0,0.005488130263984203,0.25417760014533997,0.0,0.003292878158390522
443,False,normal,0.9352485,1.0088112,0.014142127707600594,0.005334633402526379,0.2522028088569641,0.00282842549495399,0.003200780041515827
444,False,normal,0.93584514,1.0034939,0.010000050067901611,0.005720471031963825,0.25087347626686096,0.0020000101067125797,0.003432282619178295
445,False,normal,0.9360769,0.99824846,0.009999990463256836,0.006521484814584255,0.2495620995759964,0.0019999982323497534,0.003912890888750553
446,False,normal,0.9367564,0.99824846,0.0,0.007109276484698057,0.2495620995759964,0.0,0.004265565890818834
447,False,normal,0.9353274,1.0041414,0.014142129570245743,0.007109276484698057,0.2510353624820709,0.002828426193445921,0.004265565890818834
448,False,normal,0.93636614,1.0041414,0.0,0.007291852962225676,0.2510353624820709,0.0,0.004375111777335405
449,False,normal,0.93513346,1.0074224,0.014142122119665146,0.007016683928668499,0.25185561180114746,0.0028284243308007717,0.0042100103572011
450,False,normal,0.9348874,1.0119783,0.014142129570245743,0.006694106850773096,0.252994567155838,0.002828426193445921,0.004016464110463858
451,False,normal,0.93596977,1.0119783,0.0,0.006513302214443684,0.252994567155838,0.0,0.00390798132866621
452,False,normal,0.9359934,1.0119783,0.0,0.006316337734460831,0.252994567155838,0.0,0.003789802640676498
453,False,normal,0.9352272,1.0126203,0.010000001639127731,0.006116658449172974,0.25315508246421814,0.0020000003278255463,0.003669995069503784
454,False,normal,0.9360031,1.0126203,0.0,0.005901158321648836,0.25315508246421814,0.0,0.0035406949929893015
455,False,normal,0.9352932,1.0119783,0.010000001639127731,0.005901158321648836,0.252994567155838,0.0020000003278255463,0.0035406949929893015
456,False,normal,0.93605804,1.0119783,0.0,0.005777397193014622,0.252994567155838,0.0,0.003466438315808773
457,False,normal,0.93528545,1.0126203,0.010000001639127731,0.005631586071103811,0.25315508246421814,0.0020000003278255463,0.0033789516426622865
458,False,normal,0.93603396,1.0126203,0.0,0.005643972661346197,0.25315508246421814,0.0,0.003386383596807718
459,False,normal,0.9352,1.0094553,0.014142164029181004,0.005403476767241955,0.25236383080482483,0.0028284327127039433,0.003242086060345173
460,False,normal,0.9362944,1.0094553,0.0,0.00512218801304698,0.25236383080482483,0.0,0.003073312807828188
461,False,normal,0.93632853,1.0094553,0.0,0.004837837535887957,0.25236383080482483,0.0,0.002902702521532774
462,False,normal,0.9356644,1.0034939,0.014142172411084175,0.004637719597667456,0.25087347626686096,0.0028284345753490925,0.0027826317586004735
463,False,normal,0.9359242,1.0041414,0.010000001639127731,0.0047247023321688175,0.2510353624820709,0.0020000003278255463,0.0028348213993012903
464,False,normal,0.93667775,1.0041414,0.0,0.00469512864947319,0.2510353624820709,0.0,0.0028170771896839143
465,False,normal,0.9351898,1.0119783,0.014142129570245743,0.004174098838120699,0.252994567155838,0.002828426193445921,0.002504459302872419
466,False,normal,0.9363381,1.0119783,0.0,0.003443752182647586,0.252994567155838,0.0,0.0020662513095885513
467,False,normal,0.9363612,1.0119783,0.0,0.003251204267144203,0.252994567155838,0.0,0.0019507225602865218
468,False,normal,0.9363919,1.0119783,0.0,0.002995688933879137,0.252994567155838,0.0,0.0017974133603274821
469,False,normal,0.9363984,1.0119783,0.0,0.002941508311778307,0.252994567155838,0.0,0.001764904987066984
470,False,normal,0.93560594,1.0126203,0.010000001639127731,0.0029606858734041452,0.25315508246421814,0.0020000003278255463,0.001776411524042487
471,False,normal,0.9363537,1.0126203,0.0,0.0029793940484523773,0.25315508246421814,0.0,0.0017876364290714264
472,False,normal,0.93635154,1.0126203,0.0,0.0029976419173181057,0.25315508246421814,0.0,0.0017985851503908633
473,False,normal,0.9356438,1.0119783,0.010000001639127731,0.0029793940484523773,0.252994567155838,0.0020000003278255463,0.0017876364290714264
474,False,normal,0.93639606,1.0119783,0.0,0.002960686106234789,0.252994567155838,0.0,0.0017764116637408733
475,False,normal,0.93527675,1.0172513,0.010000050067901611,0.0032921426463872194,0.25431281328201294,0.0020000101067125797,0.0019752855878323317
476,False,normal,0.9357838,1.0034939,0.014142164029181004,0.003642997471615672,0.25087347626686096,0.0028284327127039433,0.0021857984829694033
477,False,normal,0.9363244,0.99824846,0.009999990463256836,0.0044586858712136745,0.2495620995759964,0.0019999982323497534,0.0026752115227282047
478,False,normal,0.93515795,1.0119783,0.014142122119665146,0.004439622163772583,0.252994567155838,0.0028284243308007717,0.0026637732982635496
479,False,normal,0.93621516,1.0119783,0.0,0.004468299448490143,0.252994567155838,0.0,0.0026809796690940857
480,False,normal,0.9362122,1.0119783,0.0,0.004493254236876965,0.252994567155838,0.0,0.0026959525421261787
481,False,normal,0.9354948,1.0114347,0.009999997913837433,0.0045042987912893295,0.2528586685657501,0.0019999996293336153,0.0027025792747735976
482,False,normal,0.9354895,1.0119783,0.009999997913837433,0.004265486728399992,0.252994567155838,0.0019999996293336153,0.002559292037039995
483,False,normal,0.93626845,1.0119783,0.0,0.004024159163236618,0.252994567155838,0.0,0.0024144954979419707
484,False,normal,0.9363042,1.0119783,0.0,0.003726427210494876,0.252994567155838,0.0,0.0022358563262969253
485,False,normal,0.9363042,1.0119783,0.0,0.003726427210494876,0.252994567155838,0.0,0.0022358563262969253
486,False,normal,0.9363042,1.0119783,0.0,0.0037264274433255196,0.252994567155838,0.0,0.002235856465995312
487,False,normal,0.9363042,1.0119783,0.0,0.003726427210494876,0.252994567155838,0.0,0.0022358563262969253
488,False,normal,0.9363042,1.0119783,0.0,0.003726427210494876,0.252994567155838,0.0,0.0022358563262969253
489,False,normal,0.9363042,1.0119783,0.0,0.003726427210494876,0.252994567155838,0.0,0.0022358563262969253
490,False,normal,0.93630534,1.0119783,0.0,0.0037168089766055346,0.252994567155838,0.0,0.0022300853859633205
491,False,normal,0.936045,1.0034939,0.009999990463256836,0.004055339843034744,0.25087347626686096,0.0019999982323497534,0.0024332039058208464
492,False,normal,0.9367633,1.0034939,0.0,0.004319772124290466,0.25087347626686096,0.0,0.00259186327457428
493,False,normal,0.93673676,1.0034939,0.0,0.004540716763585806,0.25087347626686096,0.0,0.0027244300581514835
494,False,normal,0.936716,1.0034939,0.0,0.004713370930403471,0.25087347626686096,0.0,0.0028280225582420827
495,False,normal,0.93673944,1.0034939,0.0,0.004518245346844196,0.25087347626686096,0.0,0.0027109472081065177
496,False,normal,0.93673944,1.0034939,0.0,0.004518245346844196,0.25087347626686096,0.0,0.0027109472081065177
497,False,normal,0.93553674,1.0119783,0.009999990463256836,0.0038720027077943087,0.252994567155838,0.0019999982323497534,0.002323201624676585
498,False,normal,0.9354293,1.0088112,0.014142164029181004,0.0038280696608126163,0.2522028088569641,0.0028284327127039433,0.00229684179648757
499,False,normal,0.9364961,1.0088112,0.0,0.003776993602514267,0.2522028088569641,0.0,0.0022661961615085603
500,False,normal,0.9360633,1.0034939,0.010000050067901611,0.0039030304178595543,0.25087347626686096,0.0020000101067125797,0.0023418182507157323
501,False,normal,0.9368012,1.0034939,0.0,0.004003666806966066,0.25087347626686096,0.0,0.0024022000841796396
502,False,normal,0.9360106,1.0041414,0.010000001639127731,0.004004844930022955,0.2510353624820709,0.0020000003278255463,0.0024029069580137727
503,False,normal,0.9367651,1.0041414,0.0,0.003967511001974344,0.2510353624820709,0.0,0.0023805066011846066
504,False,normal,0.9352146,1.0119783,0.014142129570245743,0.003967511001974344,0.252994567155838,0.002828426193445921,0.0023805066011846066
505,False,normal,0.93627524,1.0119783,0.0,0.003967510536313057,0.252994567155838,0.0,0.002380506321787834
506,False,normal,0.9351428,1.0172513,0.010000050067901611,0.004408128559589386,0.25431281328201294,0.0020000101067125797,0.0026448771357536313
507,False,normal,0.9358465,1.0172513,0.0,0.004794062115252018,0.25431281328201294,0.0,0.002876437269151211
508,False,normal,0.93580526,1.0172513,0.0,0.005137649364769459,0.25431281328201294,0.0,0.003082589618861675
509,False,normal,0.9353848,1.0119783,0.010000050067901611,0.005137649364769459,0.252994567155838,0.0020000101067125797,0.003082589618861675
510,False,normal,0.9359119,1.0034939,0.009999990463256836,0.005164570640772581,0.25087347626686096,0.0019999982323497534,0.0030987423844635485
511,False,normal,0.9366619,1.0034939,0.0,0.005164570640772581,0.25087347626686096,0.0,0.0030987423844635485
512,False,normal,0.93587446,1.0041414,0.010000001639127731,0.005139121785759926,0.2510353624820709,0.0020000003278255463,0.0030834730714559555
513,False,normal,0.93662757,1.0041414,0.0,0.0051133413799107075,0.2510353624820709,0.0,0.0030680048279464246
514,False,normal,0.93591803,1.0034939,0.010000001639127731,0.0051133413799107075,0.25087347626686096,0.0020000003278255463,0.0030680048279464246
515,False,normal,0.93666804,1.0034939,0.0,0.0051133413799107075,0.25087347626686096,0.0,0.0030680048279464246
516,False,normal,0.9352081,1.0062306,0.01732049509882927,0.005029107443988323,0.2515576481819153,0.003464099019765854,0.0030174644663929938
517,False,normal,0.9357923,1.0057833,0.010000001639127731,0.0049681817181408405,0.25144582986831665,0.0020000003278255463,0.002980909030884504
518,False,normal,0.935933,0.99769735,0.014142129570245743,0.005418709013611078,0.24942432343959808,0.002828426193445921,0.0032512254081666467
519,False,normal,0.9361707,0.99824846,0.009999997913837433,0.005739900749176741,0.2495620995759964,0.0019999996293336153,0.0034439404495060443
520,False,normal,0.9341235,1.0133607,0.024494890123605728,0.005869239568710327,0.2533401846885681,0.0048989783972501755,0.003521543741226196
521,False,normal,0.9351428,1.0141991,0.01000000536441803,0.0059979381039738655,0.2535497844219208,0.0020000010263174772,0.003598762862384319
522,False,normal,0.93336326,1.0257193,0.02236071601510048,0.007102100644260645,0.2564298212528229,0.004472143482416868,0.004261260386556387
523,False,normal,0.93181396,1.038701,0.028284255415201187,0.009549276903271675,0.2596752643585205,0.00565685098990798,0.005729566141963005
524,False,normal,0.93213457,1.0454185,0.014142127707600594,0.01221751980483532,0.26135462522506714,0.00282842549495399,0.007330511882901191
525,False,normal,0.928609,1.0704672,0.03162280470132828,0.01762564107775688,0.26761680841445923,0.006324561312794685,0.010575384646654128
526,False,normal,0.9279459,1.0800463,0.024494877085089684,0.02261708490550518,0.2700115740299225,0.004898975603282452,0.013570250943303108
527,False,normal,0.9279572,1.0883014,0.009999990463256836,0.027282970026135445,0.272075355052948,0.0019999982323497534,0.016369782015681265
528,False,normal,0.92427313,1.0958558,0.045825716108083725,0.03165794909000397,0.27396395802497864,0.009165143594145775,0.01899476945400238
529,False,normal,0.9246898,1.0977249,0.03316624090075493,0.035124000161886215,0.2744312286376953,0.006633248645812273,0.02107440009713173
530,False,normal,0.921868,1.1102252,0.0547722652554512,0.03862493112683296,0.27755630016326904,0.010954453609883785,0.023174958676099776
531,False,normal,0.9214671,1.1115755,0.0547722652554512,0.041262514889240265,0.27789387106895447,0.010954453609883785,0.02475750893354416
532,False,normal,0.9225716,1.1189728,0.030000001192092896,0.04368821904063225,0.2797431945800781,0.0060000005178153515,0.02621293142437935
533,False,normal,0.92398334,1.1069328,0.019999980926513672,0.04444452375173569,0.2767331898212433,0.003999996464699507,0.02666671425104141
534,False,normal,0.9247786,1.0951256,0.020000040531158447,0.043967410922050476,0.2737813889980316,0.004000008571892977,0.026380446553230286
535,False,normal,0.92455816,1.0805092,0.03741655498743057,0.04253144934773445,0.2701272964477539,0.007483311463147402,0.02551886960864067
536,False,normal,0.9262257,1.0589617,0.0360555425286293,0.04070848226547241,0.2647404372692108,0.0072111086919903755,0.024425089359283447
537,False,normal,0.92737657,1.0517129,0.029999980702996254,0.03867824748158455,0.26292821764945984,0.005999996326863766,0.02320694848895073
538,False,normal,0.9288739,1.0422091,0.02236068621277809,0.03592487797141075,0.2605522871017456,0.004472137428820133,0.02155492678284645
539,False,normal,0.92912066,1.0261091,0.03605552390217781,0.03369460254907608,0.25652727484703064,0.007211105432361364,0.020216761529445647
540,False,normal,0.93015707,1.0280077,0.02236071228981018,0.03262818604707718,0.25700193643569946,0.004472142551094294,0.019576911628246308
541,False,normal,0.9301522,1.0303882,0.022360673174262047,0.0314289890229702,0.25759705901145935,0.004472134634852409,0.01885739341378212
542,False,normal,0.9293298,1.0151354,0.04472137615084648,0.03225097432732582,0.25378385186195374,0.008944275788962841,0.019350584596395493
543,False,normal,0.9304684,1.0022973,0.03605550155043602,0.0348658449947834,0.2505743205547333,0.007211100775748491,0.02091950699687004
544,False,normal,0.93013966,0.99523866,0.041231054812669754,0.03804651275277138,0.24880965054035187,0.00824621133506298,0.022827907651662826
545,False,normal,0.9312991,0.9849366,0.028284277766942978,0.04184184968471527,0.24623414874076843,0.005656855646520853,0.02510510981082916
546,False,normal,0.9308662,0.97549987,0.03605550155043602,0.04550747573375702,0.24387496709823608,0.007211100775748491,0.02730448544025421
547,False,normal,0.9295935,0.9685556,0.0538516528904438,0.048607371747493744,0.24213890731334686,0.010770331136882305,0.029164423048496244
548,False,normal,0.93124574,0.9746281,0.024494891986250877,0.050024036318063736,0.24365702271461487,0.0048989783972501755,0.03001442179083824
549,False,normal,0.9306846,0.9718025,0.03316624462604523,0.050751958042383194,0.24295061826705933,0.00663324911147356,0.030451174825429916
550,False,normal,0.9327632,0.9677293,0.010000020265579224,0.05003109574317932,0.24193231761455536,0.0020000042859464884,0.030018657445907593
551,False,normal,0.9328406,0.9648316,0.014142127707600594,0.048306699842214584,0.24120789766311646,0.00282842549495399,0.02898401990532875
552,False,normal,0.9338211,0.960937,0.009999990463256836,0.044752899557352066,0.24023425579071045,0.0019999982323497534,0.02685173973441124
553,False,normal,0.93336314,0.96752256,0.01732049509882927,0.04056398570537567,0.2418806403875351,0.003464099019765854,0.024338391423225404
554,False,normal,0.9333253,0.9629641,0.028284281492233276,0.036401256918907166,0.24074102938175201,0.005656856577843428,0.0218407541513443
555,False,normal,0.9333561,0.968504,0.030000001192092896,0.03218679502606392,0.242126002907753,0.0060000005178153515,0.019312077015638352
556,False,normal,0.93385416,0.9731393,0.024494905024766922,0.02906246855854988,0.24328482151031494,0.004898981191217899,0.01743748113512993
557,False,normal,0.93509495,0.97190535,0.014142153784632683,0.02583562396466732,0.2429763376712799,0.002828430850058794,0.015501374378800392
558,False,normal,0.93652356,0.97190535,0.0,0.022769521921873093,0.2429763376712799,0.0,0.013661713153123855
559,False,normal,0.93619096,0.9689686,0.009999990463256836,0.02082088030874729,0.24224214255809784,0.0019999982323497534,0.012492528185248375
560,False,normal,0.9348066,0.97943866,0.02449488639831543,0.01784478686749935,0.24485965073108673,0.004898977465927601,0.010706872120499611
561,False,normal,0.9361581,0.97882587,0.014142143540084362,0.013371873646974564,0.24470646679401398,0.002828428987413645,0.008023124188184738
562,False,normal,0.93582445,0.98331076,0.02000001072883606,0.010155130177736282,0.24582768976688385,0.0040000020526349545,0.006093078106641769
563,False,normal,0.93698364,0.980714,0.009999990463256836,0.008097883313894272,0.24517850577831268,0.0019999982323497534,0.004858729988336563
564,False,normal,0.93647313,0.99010104,0.009999990463256836,0.007462966255843639,0.24752525985240936,0.0019999982323497534,0.004477779753506183
565,False,normal,0.93716645,0.99010104,0.0,0.007935157977044582,0.24752525985240936,0.0,0.004761094786226749
566,False,normal,0.93511766,1.0018483,0.014142122119665146,0.010051376186311245,0.2504620850086212,0.0028284243308007717,0.006030825711786747
567,False,normal,0.9339782,1.0112368,0.017320508137345314,0.01267037820070982,0.25280919671058655,0.0034641018137335777,0.007602226920425892
568,False,normal,0.93396074,1.0114347,0.014142122119665146,0.01469971053302288,0.2528586685657501,0.0028284243308007717,0.008819826319813729
569,False,normal,0.9348403,1.0114347,0.0,0.016208505257964134,0.2528586685657501,0.0,0.00972510315477848
570,False,normal,0.933631,1.0118301,0.014142153784632683,0.01724141649901867,0.2529575228691101,0.002828430850058794,0.010344849899411201
571,False,normal,0.93303716,1.0191172,0.014142133295536041,0.01839452050626278,0.25477930903434753,0.0028284266591072083,0.011036712303757667
572,False,normal,0.93211544,1.0225947,0.022360658273100853,0.019127802923321724,0.255648672580719,0.0044721318408846855,0.011476681753993034
573,False,normal,0.93143404,1.0247439,0.02828427590429783,0.01998479850590229,0.25618597865104675,0.005656855646520853,0.011990879103541375
574,False,normal,0.9312129,1.0276673,0.028284287080168724,0.020304737612605095,0.2569168210029602,0.00565685797482729,0.012182842567563057
575,False,normal,0.93133044,1.034263,0.019999980926513672,0.021067427471280098,0.258565753698349,0.003999996464699507,0.012640456482768058
576,False,normal,0.932667,1.0249878,0.009999990463256836,0.021010536700487137,0.256246954202652,0.0019999982323497534,0.012606322020292281
577,False,normal,0.93347377,1.0249878,0.0,0.020537571981549263,0.256246954202652,0.0,0.012322543188929558
578,False,normal,0.9334444,1.0157263,0.009999990463256836,0.019356168806552887,0.25393158197402954,0.0019999982323497534,0.011613701283931731
579,False,normal,0.9328133,1.0120771,0.024494897574186325,0.017456594854593277,0.2530192732810974,0.00489897932857275,0.010473956912755966
580,False,normal,0.9330635,1.0130153,0.02236068621277809,0.016216713935136795,0.2532538175582886,0.004472137428820133,0.009730028361082077
581,False,normal,0.93334574,1.011583,0.02236068621277809,0.014610550366342068,0.2528957426548004,0.004472137428820133,0.008766330219805241
582,False,normal,0.9345252,1.0103465,0.009999997913837433,0.013151136226952076,0.25258663296699524,0.0019999996293336153,0.007890681736171246
583,False,normal,0.93493485,1.0024968,0.014142127707600594,0.01123710535466671,0.2506242096424103,0.00282842549495399,0.006742263212800026
584,False,normal,0.93585175,0.9934284,0.010000050067901611,0.010908080264925957,0.24835710227489471,0.0020000101067125797,0.006544848158955574
585,False,normal,0.9359565,0.9921693,0.009999997913837433,0.01069106999784708,0.24804233014583588,0.0019999996293336153,0.006414641998708248
586,False,normal,0.93456775,0.9992497,0.02236066199839115,0.010850733146071434,0.24981242418289185,0.004472132306545973,0.00651043988764286
587,False,normal,0.93443143,0.9978477,0.024494901299476624,0.01138322427868843,0.24946191906929016,0.004898980725556612,0.006829934567213058
588,False,normal,0.9349554,1.001349,0.014142127707600594,0.011663567274808884,0.25033724308013916,0.00282842549495399,0.00699814036488533
589,False,normal,0.93407416,1.0026466,0.024494901299476624,0.011861016973853111,0.2506616413593292,0.004898980725556612,0.007116610184311867
590,False,normal,0.9352632,0.9949372,0.014142127707600594,0.01243806816637516,0.2487342804670334,0.00282842549495399,0.007462840899825096
591,False,normal,0.9342386,0.95404404,0.0538516566157341,0.017456430941820145,0.23851101100444794,0.010770331136882305,0.010473858565092087
592,False,normal,0.930671,0.9378166,0.1063014566898346,0.022857431322336197,0.23445415496826172,0.02126029133796692,0.013714458793401718
593,False,normal,0.9329766,0.91869473,0.08185354620218277,0.028883077204227448,0.22967368364334106,0.016370709985494614,0.01732984632253647
594,False,normal,0.9329621,0.9189668,0.07549832761287689,0.03283398225903511,0.22974170744419098,0.015099666081368923,0.019700389355421066
595,False,normal,0.9332177,0.91662425,0.06999999284744263,0.0353606715798378,0.22915606200695038,0.0139999995008111,0.02121640294790268
596,False,normal,0.93371975,0.91433036,0.061644140630960464,0.037594035267829895,0.22858257591724396,0.012328828684985638,0.022556421160697938
597,False,normal,0.9323386,0.9186948,0.07483316212892532,0.038587216287851334,0.22967369854450226,0.014966633170843124,0.0231523297727108
598,True,sudden,0.5050479,2.8849435,2.799589157104492,0.41811707615852356,0.8327414989471436,0.44852447509765625,0.2508702456951141
599,True,sudden,0.5182997,4.303638,1.7830872535705566,0.8188204169273376,1.0,0.3323528468608856,0.4275281667709351
600,False,normal,0.5362472,1.5200329,3.0621888637542725,0.8194242119789124,0.4600164294242859,0.47853589057922363,0.42776968479156496
601,False,normal,0.63163507,1.3076315,1.969517707824707,0.817480206489563,0.3538157343864441,0.35365918278694153,0.4269920825958252
602,False,normal,0.6481476,1.9064102,1.365979552268982,0.8262830972671509,0.6532050967216492,0.27319592237472534,0.43051323890686033
603,False,normal,0.7317804,1.1748191,1.4518264532089233,0.8238295316696167,0.2937047779560089,0.2903653085231781,0.4295318126678467
604,False,normal,0.8216066,1.0551304,0.35510560870170593,0.8226858973503113,0.2637825906276703,0.07102112472057343,0.42907435894012447
605,False,normal,0.82632667,0.88079506,0.4346263110637665,0.8253332376480103,0.22019876539707184,0.08692526817321777,0.43013329505920406
606,False,normal,0.8537653,0.83342665,0.10392305999994278,0.8293913006782532,0.20835666358470917,0.020784612745046616,0.4317565202713013
607,False,normal,0.8367723,0.9607289,0.22360680997371674,0.8301448822021484,0.24018222093582153,0.04472136124968529,0.43205795288085935
608,False,normal,0.8197481,1.1759251,0.273861289024353,0.8277122378349304,0.29398128390312195,0.054772261530160904,0.4310848951339722
609,False,normal,0.8174062,1.272635,0.1673319786787033,0.8245565891265869,0.3363174796104431,0.0334663987159729,0.4298226356506347
610,False,normal,0.825107,1.2487193,0.10816653072834015,0.8211326599121094,0.324359655380249,0.02163330651819706,0.42845306396484373
611,False,normal,0.83381665,1.1612493,0.10954452306032181,0.8173675537109375,0.2903123199939728,0.02190890535712242,0.426947021484375
612,False,normal,0.83855814,1.1024972,0.09899494796991348,0.8138895034790039,0.2756243050098419,0.019798990339040756,0.42555580139160154
613,False,normal,0.8429886,1.0745232,0.06708206236362457,0.8102812170982361,0.2686308026313782,0.013416413217782974,0.4241124868392944
614,False,normal,0.8470825,1.0439827,0.041231073439121246,0.8072032928466797,0.26099568605422974,0.008246215060353279,0.4228813171386719
615,False,normal,0.8477254,1.0134101,0.060827627778053284,0.8046798706054688,0.2533525228500366,0.012165525928139687,0.4218719482421875
616,False,normal,0.8499489,0.96788424,0.0707106813788414,0.8031880855560303,0.24197106063365936,0.014142136089503765,0.4212752342224121
617,False,normal,0.8529985,0.9345587,0.058309510350227356,0.802729606628418,0.2336396723985672,0.011661902070045471,0.4210918426513672
618,False,normal,0.86248755,0.9279009,0.014142122119665146,0.7307244539260864,0.23197521269321442,0.0028284243308007717,0.3922897815704346
619,False,normal,0.91163343,0.9305912,0.014142122119665146,0.24286630749702454,0.23264780640602112,0.0028284243308007717,0.1457197844982147
620,False,normal,0.91195536,0.9365896,0.028284287080168724,0.2282204031944275,0.23414739966392517,0.00565685797482729,0.13693224191665648
621,False,normal,0.9112772,0.95189285,0.029999980702996254,0.22482946515083313,0.23797321319580078,0.005999996326863766,0.13489767909049988
622,False,normal,0.9224889,0.9646761,0.036055512726306915,0.12095560133457184,0.2411690205335617,0.007211103104054928,0.0725733608007431
623,False,normal,0.9231409,0.97611475,0.02449488639831543,0.11679023504257202,0.24402868747711182,0.004898977465927601,0.07007414102554321
624,False,normal,0.9228896,0.98270035,0.022360678762197495,0.11678823828697205,0.24567508697509766,0.004472136031836271,0.07007294297218322
625,False,normal,0.92350686,0.99040395,0.014142127707600594,0.11276876926422119,0.2476009875535965,0.00282842549495399,0.0676612615585327
626,False,normal,0.9255605,0.99040395,0.0,0.10449373722076416,0.2476009875535965,0.0,0.06269624233245849
627,False,normal,0.9240368,0.99964994,0.014142169617116451,0.1035366952419281,0.24991248548030853,0.0028284338768571615,0.06212201714515686
628,False,normal,0.9235704,1.0048382,0.024494891986250877,0.0982508733868599,0.251209557056427,0.0048989783972501755,0.05895052403211593
629,False,normal,0.92525345,1.0155786,0.022360673174262047,0.07996546477079391,0.2538946568965912,0.004472134634852409,0.04797927886247635
630,False,normal,0.9282017,1.0192153,0.014142122119665146,0.05863906815648079,0.2548038363456726,0.0028284243308007717,0.035183440893888474
631,False,normal,0.929971,1.020441,0.009999997913837433,0.04584556445479393,0.2551102638244629,0.0019999996293336153,0.027507338672876358
632,False,normal,0.93087935,1.0192153,0.009999997913837433,0.03891397640109062,0.2548038363456726,0.0019999996293336153,0.023348385840654372
633,False,normal,0.93149996,1.0180864,0.009999997913837433,0.034330327063798904,0.25452160835266113,0.0019999996293336153,0.020598196238279343
634,False,normal,0.9310113,1.0124723,0.02449488639831543,0.03226699307560921,0.2531180679798126,0.004898977465927601,0.019360195845365524
635,False,normal,0.92953646,1.0279106,0.030000030994415283,0.03307623043656349,0.2569776475429535,0.006000006105750799,0.019845738261938094
636,False,normal,0.93127054,1.0226926,0.010000050067901611,0.03384299948811531,0.2556731402873993,0.0020000101067125797,0.020305799692869185
637,False,normal,0.93071127,1.0288343,0.014142169617116451,0.03271595016121864,0.25720858573913574,0.0028284338768571615,0.019629570096731185
638,False,normal,0.93169,1.023621,0.010000050067901611,0.029864482581615448,0.25590524077415466,0.0020000101067125797,0.017918689548969267
639,False,normal,0.93287826,1.023621,0.0,0.026212066411972046,0.25590524077415466,0.0,0.015727239847183227
640,False,normal,0.9333881,1.023621,0.0,0.021963343024253845,0.25590524077415466,0.0,0.013178005814552307
641,False,normal,0.9334018,1.0184792,0.009999990463256836,0.018276942893862724,0.2546198070049286,0.0019999982323497534,0.010966165736317634
642,False,normal,0.9343076,1.0099505,0.009999990463256836,0.01517082005739212,0.2524876296520233,0.0019999982323497534,0.009102492034435273
643,False,normal,0.9346431,1.0090095,0.009999997913837433,0.012864934280514717,0.25225237011909485,0.0019999996293336153,0.00771896056830883
644,False,normal,0.9350485,0.9962931,0.01732049509882927,0.011534578166902065,0.24907328188419342,0.003464099019765854,0.006920746900141239
645,False,normal,0.9353833,1.001449,0.009999990463256836,0.010634468868374825,0.25036224722862244,0.0019999982323497534,0.006380681321024894
646,False,normal,0.9354481,1.0024968,0.009999997913837433,0.009548733942210674,0.2506242096424103,0.0019999996293336153,0.005729240365326405
647,False,normal,0.9349897,1.0109895,0.009999990463256836,0.008945554494857788,0.25274738669395447,0.0019999982323497534,0.0053673326969146725
648,False,normal,0.93550223,1.0024968,0.009999990463256836,0.009097571484744549,0.2506242096424103,0.0019999982323497534,0.005458542890846729
649,False,normal,0.936202,1.0024968,0.0,0.009516362100839615,0.2506242096424103,0.0,0.005709817260503769
650,False,normal,0.9346763,1.0099505,0.014142127707600594,0.009509304538369179,0.2524876296520233,0.00282842549495399,0.005705582723021507
651,False,normal,0.935295,1.0048382,0.009999990463256836,0.009605351835489273,0.251209557056427,0.0019999982323497534,0.005763211101293564
652,False,normal,0.93603563,1.0048382,0.0,0.009682873263955116,0.251209557056427,0.0,0.005809723958373069
653,False,normal,0.9360282,1.0048382,0.0,0.009745188057422638,0.251209557056427,0.0,0.005847112834453582
654,False,normal,0.9360132,1.0048382,0.0,0.009869687259197235,0.251209557056427,0.0,0.005921812355518341
655,False,normal,0.9360899,1.0048382,0.0,0.009230934083461761,0.251209557056427,0.0,0.005538560450077057
656,False,normal,0.93613374,1.0048382,0.0,0.008865680545568466,0.251209557056427,0.0,0.00531940832734108
657,False,normal,0.93626934,1.0048382,0.0,0.0077354442328214645,0.251209557056427,0.0,0.004641266539692879
658,False,normal,0.9363659,1.0048382,0.0,0.00693092355504632,0.251209557056427,0.0,0.004158554133027792
659,False,normal,0.9351868,1.0134101,0.009999990463256836,0.006042081397026777,0.2533525228500366,0.0019999982323497534,0.003625248838216066
660,False,normal,0.93524677,1.0099505,0.014142122119665146,0.004755785688757896,0.2524876296520233,0.0028284243308007717,0.002853471413254738
661,False,normal,0.93640304,1.0099505,0.0,0.003958732821047306,0.2524876296520233,0.0,0.0023752396926283834
662,False,normal,0.9350244,1.0184792,0.009999990463256836,0.004755785688757896,0.2546198070049286,0.0019999982323497534,0.002853471413254738
663,False,normal,0.93555367,1.0099505,0.009999990463256836,0.00478707067668438,0.2524876296520233,0.0019999982323497534,0.0028722424060106276
664,False,normal,0.93636805,1.0099505,0.0,0.0042505147866904736,0.2524876296520233,0.0,0.002550308872014284
665,False,normal,0.9363867,1.0099505,0.0,0.004094998352229595,0.2524876296520233,0.0,0.002456999011337757
666,False,normal,0.93640226,1.0099505,0.0,0.003965390846133232,0.2524876296520233,0.0,0.0023792345076799394
667,False,normal,0.9364065,1.0099505,0.0,0.003930063918232918,0.2524876296520233,0.0,0.0023580383509397506
668,False,normal,0.9364265,1.0099505,0.0,0.0037631967570632696,0.2524876296520233,0.0,0.0022579180542379616
669,False,normal,0.93645215,1.0099505,0.0,0.0035496626514941454,0.2524876296520233,0.0,0.0021297975908964872
670,False,normal,0.93645215,1.0099505,0.0,0.0035496626514941454,0.2524876296520233,0.0,0.0021297975908964872
671,False,normal,0.936463,1.0099505,0.0,0.0034593315795063972,0.2524876296520233,0.0,0.0020755989477038383
672,False,normal,0.93647647,1.0099505,0.0,0.0033471127972006798,0.2524876296520233,0.0,0.002008267678320408
673,False,normal,0.9364928,1.0099505,0.0,0.0032107129227370024,0.2524876296520233,0.0,0.0019264277536422013
674,False,normal,0.9365125,1.0099505,0.0,0.003046885598450899,0.2524876296520233,0.0,0.0018281313590705393
675,False,normal,0.93653595,1.0099505,0.0,0.0028509071562439203,0.2524876296520233,0.0,0.0017105442937463522
676,False,normal,0.93591255,1.0024968,0.014142127707600594,0.003089637029916048,0.2506242096424103,0.00282842549495399,0.0018537822179496288
677,False,normal,0.93643844,0.99734646,0.009999990463256836,0.00397853460162878,0.2493366152048111,0.0019999982323497534,0.002387120760977268
678,False,normal,0.9359112,1.0058826,0.009999990463256836,0.003926252480596304,0.2514706552028656,0.0019999982323497534,0.0023557514883577823
679,False,normal,0.9359764,1.0048382,0.009999997913837433,0.003926819656044245,0.251209557056427,0.0019999996293336153,0.0023560917936265467
680,False,normal,0.9367156,1.0048382,0.0,0.004016465041786432,0.251209557056427,0.0,0.0024098790250718593
681,False,normal,0.936707,1.0048382,0.0,0.004088202025741339,0.251209557056427,0.0,0.0024529212154448033
682,False,normal,0.9360889,1.0038924,0.009999997913837433,0.003481868887320161,0.250973105430603,0.0019999996293336153,0.0020891213323920963
683,False,normal,0.93683267,1.0038924,0.0,0.0035338145680725574,0.250973105430603,0.0,0.002120288740843534
684,False,normal,0.9368296,1.0038924,0.0,0.003559322562068701,0.250973105430603,0.0,0.0021355935372412206
685,False,normal,0.9360244,1.0048382,0.009999997913837433,0.003526603803038597,0.251209557056427,0.0019999996293336153,0.002115962281823158
686,False,normal,0.9357049,1.0099505,0.009999990463256836,0.003526603803038597,0.2524876296520233,0.0019999982323497534,0.002115962281823158
687,False,normal,0.9349454,1.0161692,0.014142127707600594,0.004028018098324537,0.25404229760169983,0.00282842549495399,0.0024168108589947223
688,False,normal,0.93557465,1.0109895,0.009999990463256836,0.004070613067597151,0.25274738669395447,0.0019999982323497534,0.0024423678405582905
689,False,normal,0.9356396,1.0099505,0.009999997913837433,0.004070613067597151,0.2524876296520233,0.0019999996293336153,0.0024423678405582905
690,False,normal,0.93570167,1.0090095,0.009999997913837433,0.0040436191484332085,0.25225237011909485,0.0019999996293336153,0.002426171489059925
691,False,normal,0.9357596,1.0081667,0.01000000536441803,0.003999833948910236,0.25204166769981384,0.0020000010263174772,0.0023999003693461417
692,False,normal,0.93651515,1.0081667,0.0,0.003953552804887295,0.25204166769981384,0.0,0.002372131682932377
693,False,normal,0.93652105,1.0081667,0.0,0.0039046858437359333,0.25204166769981384,0.0,0.0023428115062415597
694,False,normal,0.9357222,1.0090095,0.01000000536441803,0.0038727165665477514,0.25225237011909485,0.0020000010263174772,0.0023236299399286508
695,False,normal,0.93566334,1.0099505,0.009999997913837433,0.003872716100886464,0.2524876296520233,0.0019999996293336153,0.0023236296605318786
696,False,normal,0.9364224,1.0099505,0.0,0.0037972137797623873,0.2524876296520233,0.0,0.0022783282678574325
697,False,normal,0.9356868,1.0109895,0.009999997913837433,0.003136035753414035,0.25274738669395447,0.0019999996293336153,0.0018816214520484208
698,False,normal,0.93643254,1.0109895,0.0,0.003171603661030531,0.25274738669395447,0.0,0.0019029621966183184
699,False,normal,0.9357559,1.0099505,0.009999997913837433,0.0031016923021525145,0.2524876296520233,0.0019999996293336153,0.0018610153812915085
700,False,normal,0.93651706,1.0099505,0.0,0.0030085279140621424,0.2524876296520233,0.0,0.0018051167484372853
701,False,normal,0.9365313,1.0099505,0.0,0.00288986274972558,0.2524876296520233,0.0,0.001733917649835348
702,False,normal,0.9365591,1.0099505,0.0,0.0026582356076687574,0.2524876296520233,0.0,0.0015949413646012545
703,False,normal,0.9365942,1.0099505,0.0,0.0023659297730773687,0.2524876296520233,0.0,0.0014195578638464212
704,False,normal,0.9363363,1.001449,0.009999990463256836,0.0026927092112600803,0.25036224722862244,0.0019999982323497534,0.0016156255267560482
705,False,normal,0.9361673,0.99734646,0.014142127707600594,0.00364903942681849,0.2493366152048111,0.00282842549495399,0.002189423656091094
706,False,normal,0.93593794,1.0058826,0.009999990463256836,0.0037033753469586372,0.2514706552028656,0.0019999982323497534,0.0022220252081751823
707,False,normal,0.9367315,1.0058826,0.0,0.003340303199365735,0.2514706552028656,0.0,0.0020041819196194408
708,False,normal,0.934571,1.0133607,0.022360673174262047,0.0034736956004053354,0.2533401846885681,0.004472134634852409,0.0020842173602432013
709,False,normal,0.9345304,1.0161201,0.02000001072883606,0.0038510318845510483,0.2540300190448761,0.0040000020526349545,0.002310619130730629
710,False,normal,0.93442386,1.0227902,0.014142122119665146,0.004925875924527645,0.2556975483894348,0.0028284243308007717,0.002955525554716587
711,False,normal,0.93539023,1.0227902,0.0,0.0057114227674901485,0.2556975483894348,0.0,0.003426853660494089
712,False,normal,0.9340311,1.0198529,0.019999995827674866,0.006067377049475908,0.254963219165802,0.003999999258667231,0.003640426229685545
713,False,normal,0.9348766,1.0133607,0.014142133295536041,0.006063937675207853,0.2533401846885681,0.0028284266591072083,0.0036383626051247116
714,False,normal,0.93443745,1.0198529,0.014142133295536041,0.0063424184918403625,0.254963219165802,0.0028284266591072083,0.0038054510951042175
715,False,normal,0.9312282,1.0276672,0.048989828675985336,0.007236155215650797,0.2569167912006378,0.009797966107726097,0.004341693129390478
716,False,normal,0.9308566,1.0439348,0.03605550155043602,0.009944368153810501,0.2609837055206299,0.007211100775748491,0.0059666208922863
717,False,normal,0.9317918,1.0421612,0.022360673174262047,0.011633817106485367,0.26054030656814575,0.004472134634852409,0.00698029026389122
718,False,normal,0.9308964,1.0519506,0.02236068621277809,0.013996860012412071,0.2629876434803009,0.004472137428820133,0.008398116007447243
719,False,normal,0.92885137,1.0668646,0.03162277862429619,0.01748214103281498,0.2667161524295807,0.006324555724859238,0.010489284619688987
720,False,normal,0.92579514,1.0965401,0.037416599690914154,0.02387380041182041,0.274135023355484,0.007483320310711861,0.014324280247092246
721,False,normal,0.923749,1.1215168,0.0316227450966835,0.031537238508462906,0.28037920594215393,0.006324549205601215,0.018922343105077743
722,False,normal,0.92519844,1.1113056,0.014142122119665146,0.03570253774523735,0.2778263986110687,0.0028284243308007717,0.02142152264714241
723,False,normal,0.92531556,1.1089184,0.010000020265579224,0.03855868801474571,0.2772296071052551,0.0020000042859464884,0.023135212808847425
724,False,normal,0.92293984,1.1200446,0.028284255415201187,0.041133880615234375,0.2800111472606659,0.00565685098990798,0.024680328369140626
725,False,normal,0.92309624,1.1217843,0.022360699251294136,0.04262654855847359,0.2804460823535919,0.004472140222787857,0.025575929135084153
726,False,normal,0.9240314,1.1042644,0.02449491061270237,0.04262480139732361,0.2760660946369171,0.004898982122540474,0.025574880838394164
727,False,normal,0.9248373,1.0891281,0.028284255415201187,0.04142399877309799,0.27228203415870667,0.00565685098990798,0.024854399263858795
728,False,normal,0.92543346,1.0730797,0.03605550155043602,0.03995760157704353,0.26826992630958557,0.007211100775748491,0.02397456094622612
729,False,normal,0.9265588,1.058017,0.0360555425286293,0.03842485696077347,0.26450425386428833,0.0072111086919903755,0.02305491417646408
730,False,normal,0.9269474,1.0431682,0.04472135007381439,0.03750372305512428,0.2607920467853546,0.008944270201027393,0.022502233833074568
731,False,normal,0.92863965,1.0167104,0.04358896613121033,0.037890054285526276,0.25417760014533997,0.008717793971300125,0.022734032571315763
732,False,normal,0.9306891,0.9968952,0.030000025406479836,0.03962439298629761,0.24922378361225128,0.0060000051744282246,0.023774635791778565
733,False,normal,0.9312223,0.98620486,0.028284257277846336,0.04182152822613716,0.24655121564865112,0.005656851455569267,0.025092916935682295
734,False,normal,0.9314498,0.9762172,0.028284277766942978,0.045127466320991516,0.24405430257320404,0.005656855646520853,0.02707647979259491
735,False,normal,0.93185186,0.9581753,0.030000003054738045,0.050101350992918015,0.2395438253879547,0.0060000005178153515,0.030060810595750807
736,False,normal,0.931287,0.95843625,0.030000025406479836,0.05467282235622406,0.23960904777050018,0.0060000051744282246,0.03280369341373444
737,False,normal,0.930756,0.9596353,0.030000003054738045,0.05847342684864998,0.239908829331398,0.0060000005178153515,0.035084056109189986
738,False,normal,0.9313533,0.95184034,0.02236066199839115,0.06233057752251625,0.237960085272789,0.004472132306545973,0.03739834651350975
739,False,normal,0.9317823,0.9485779,0.014142153784632683,0.06559091061353683,0.23714445531368256,0.002828430850058794,0.0393545463681221
740,False,normal,0.92988735,0.9479451,0.03741654381155968,0.06716527044773102,0.23698627948760986,0.007483309134840965,0.04029916226863861
741,False,normal,0.93078727,0.9509995,0.024494901299476624,0.06615126878023148,0.2377498745918274,0.004898980725556612,0.039690761268138884
742,False,normal,0.9309766,0.95336246,0.02236068621277809,0.06467657536268234,0.2383406162261963,0.004472137428820133,0.038805945217609404
743,False,normal,0.9321057,0.9546727,0.009999997913837433,0.062310244888067245,0.23866817355155945,0.0019999996293336153,0.03738614693284035
744,False,normal,0.9321086,0.9640021,0.009999990463256836,0.05742760747671127,0.24100051820278168,0.0019999982323497534,0.03445656448602676
745,False,normal,0.9327169,0.962133,0.014142133295536041,0.05074251815676689,0.240533247590065,0.0028284266591072083,0.030445510894060133
746,False,normal,0.9319457,0.9684008,0.030000021681189537,0.04399413987994194,0.24210019409656525,0.006000004708766937,0.026396483927965165
747,False,normal,0.933215,0.9765757,0.017320500686764717,0.03708280995488167,0.24414391815662384,0.003464100183919072,0.022249685972929
748,False,normal,0.9325888,0.9841748,0.030000001192092896,0.030418727546930313,0.24604369699954987,0.0060000005178153515,0.018251236528158188
749,False,normal,0.9345852,0.983565,0.014142133295536041,0.02401099167764187,0.24589122831821442,0.0028284266591072083,0.01440659500658512
750,False,normal,0.93497473,0.99302566,0.009999990463256836,0.018426192924380302,0.2482564002275467,0.0019999982323497534,0.011055715754628182
751,False,normal,0.9350863,0.99559027,0.009999990463256836,0.016160663217306137,0.24889756739139557,0.0019999982323497534,0.009696397930383682
752,False,normal,0.93440074,1.0050373,0.009999990463256836,0.01695341430604458,0.25125932693481445,0.0019999982323497534,0.010172048583626747
753,False,normal,0.9343761,1.0030951,0.01000000536441803,0.018170010298490524,0.2507737874984741,0.0020000010263174772,0.010902006179094315
754,False,normal,0.9339444,1.0024968,0.014142133295536041,0.01949073188006878,0.2506242096424103,0.0028284266591072083,0.011694439128041268
755,False,normal,0.9334138,0.99974996,0.022360673174262047,0.02020667865872383,0.2499374896287918,0.004472134634852409,0.012124007195234298
756,False,normal,0.93306667,1.009158,0.017320508137345314,0.02134951949119568,0.2522895038127899,0.0034641018137335777,0.012809711694717407
757,False,normal,0.93319625,1.0092572,0.014142143540084362,0.0222044475376606,0.2523142993450165,0.002828428987413645,0.01332266852259636
758,False,normal,0.9336345,1.007224,0.009999990463256836,0.022200029343366623,0.25180599093437195,0.0019999982323497534,0.013320017606019974
759,False,normal,0.93445706,1.007224,0.0,0.021595101803541183,0.25180599093437195,0.0,0.01295706108212471
760,False,normal,0.93397075,1.005286,0.01000000536441803,0.02040705643594265,0.2513214945793152,0.0020000010263174772,0.01224423386156559
761,False,normal,0.93300414,1.0171529,0.014142164029181004,0.01969287171959877,0.2542882263660431,0.0028284327127039433,0.011815723031759262
762,False,normal,0.93309045,1.0177426,0.014142133295536041,0.018666371703147888,0.254435658454895,0.0028284266591072083,0.011199823021888733
763,False,normal,0.93370384,1.0160216,0.01000000536441803,0.0170401930809021,0.25400540232658386,0.0020000010263174772,0.010224115848541259
764,False,normal,0.9340143,1.0136074,0.01000000536441803,0.015710171312093735,0.25340184569358826,0.0020000010263174772,0.00942610278725624
765,False,normal,0.9346662,0.99282426,0.02236071787774563,0.013376738876104355,0.24820606410503387,0.004472143482416868,0.008026043325662613
766,False,normal,0.93597025,0.99045444,0.009999990463256836,0.011469811201095581,0.24761360883712769,0.0019999982323497534,0.006881886720657348
767,False,normal,0.93686014,0.99045444,0.0,0.010303654707968235,0.24761360883712769,0.0,0.006182192824780941
768,False,normal,0.93623936,0.9832599,0.014142122119665146,0.01038509514182806,0.2458149641752243,0.0028284243308007717,0.006231057085096836
769,False,normal,0.9370213,0.9737043,0.009999990463256836,0.011434893123805523,0.24342606961727142,0.0019999982323497534,0.006860935874283314
770,False,normal,0.9360745,0.97066987,0.022360678762197495,0.01317975576967001,0.24266746640205383,0.004472136031836271,0.007907853461802006
771,False,normal,0.936766,0.96067685,0.017320508137345314,0.015771787613630295,0.2401692122220993,0.0034641018137335777,0.009463072568178176
772,False,normal,0.9370124,0.9508943,0.01732049137353897,0.018814323469996452,0.23772357404232025,0.0034640985541045666,0.011288594081997871
773,False,normal,0.9380331,0.9508943,0.0,0.02113349363207817,0.23772357404232025,0.0,0.012680096179246902
774,False,normal,0.9367444,0.95110464,0.014142122119665146,0.022924276068806648,0.23777616024017334,0.0028284243308007717,0.01375456564128399
775,False,normal,0.93580335,0.9538868,0.02236069180071354,0.024180572479963303,0.23847170174121857,0.004472138825803995,0.014508343487977981
776,False,normal,0.93562603,0.95890564,0.019999995827674866,0.024519722908735275,0.23972640931606293,0.003999999258667231,0.014711833745241164
777,False,normal,0.93530846,0.96431327,0.02000001072883606,0.02434989996254444,0.24107831716537476,0.0040000020526349545,0.014609939977526664
778,False,normal,0.9351907,0.96384645,0.022360673174262047,0.024098798632621765,0.24096159636974335,0.004472134634852409,0.014459279179573058
779,False,normal,0.9349717,0.97473073,0.017320500686764717,0.02340497076511383,0.24368268251419067,0.003464100183919072,0.014042982459068298
780,False,normal,0.93401927,0.97821265,0.028284281492233276,0.02267618104815483,0.24455316364765167,0.005656856577843428,0.013605708628892899
781,False,normal,0.93476707,0.97421765,0.024494901299476624,0.020893443375825882,0.24355439841747284,0.004898980725556612,0.01253606602549553
782,False,normal,0.93194884,0.9922701,0.04999998211860657,0.019035615026950836,0.24806752800941467,0.009999996051192284,0.011421369016170501
783,False,normal,0.92946345,1.0115335,0.06782331317663193,0.018574485555291176,0.2528833746910095,0.01356466393917799,0.011144691333174705
784,False,normal,0.9317776,1.0016986,0.04690413922071457,0.01748710311949253,0.25042465329170227,0.009380828589200974,0.010492261871695519
785,False,normal,0.9341503,0.9658675,0.0458257794380188,0.01705063506960869,0.24146687984466553,0.009165155701339245,0.010230381041765213
786,False,normal,0.9343544,0.924608,0.07348469644784927,0.01955164037644863,0.2311519980430603,0.0146969398483634,0.011730984225869179
787,False,normal,0.93441695,0.8930846,0.08999998867511749,0.025127176195383072,0.22327114641666412,0.01799999736249447,0.015076305717229843
788,False,normal,0.933277,0.88645357,0.10295628756284714,0.02998279221355915,0.22161339223384857,0.020591259002685547,0.01798967532813549
789,False,normal,0.93522173,0.8605231,0.08774963021278381,0.036786213517189026,0.2151307910680771,0.017549926415085793,0.022071728110313413
790,False,normal,0.931802,0.84693563,0.13416412472724915,0.04335189610719681,0.21173390746116638,0.02683282643556595,0.026011137664318083
791,True,sudden,0.5133755,2.9550126,2.849175453186035,0.439643532037735,0.8432518839836121,0.45419150590896606,0.263786119222641
792,False,normal,0.58528084,3.9759653,1.116333246231079,0.7736934423446655,0.9963947534561157,0.22326666116714478,0.40947737693786623
793,False,normal,0.56569254,1.3726616,2.946676015853882,0.7723848223686218,0.386330783367157,0.465334415435791,0.40895392894744875
794,False,normal,0.69205976,1.5211179,1.480067491531372,0.7724427580833435,0.4605589509010315,0.2960135042667389,0.4089771032333374
795,False,normal,0.80670464,1.3619839,0.21954496204853058,0.7697685956954956,0.38099193572998047,0.043908990919589996,0.40790743827819825
796,False,normal,0.8058735,1.1244553,0.5662155151367188,0.767273485660553,0.2811138331890106,0.11324311047792435,0.4069093942642212
797,False,normal,0.84462464,0.99221975,0.16031216084957123,0.7667279243469238,0.24805493652820587,0.032062433660030365,0.4066911697387695
798,False,normal,0.850029,0.8394045,0.21236760914325714,0.7697580456733704,0.20985113084316254,0.04247352480888367,0.40790321826934817
799,False,normal,0.85347664,0.9126883,0.10392305254936218,0.7710762619972229,0.22817207872867584,0.020784610882401466,0.40843050479888915
800,False,normal,0.8333256,1.096768,0.22113345563411713,0.7692674398422241,0.2741920053958893,0.044226691126823425,0.40770697593688965
801,False,normal,0.83302426,1.1941942,0.14696934819221497,0.7664489150047302,0.29854854941368103,0.029393872246146202,0.4065795660018921
802,False,normal,0.8371681,1.204367,0.08246210217475891,0.7637674808502197,0.30218350887298584,0.016492420807480812,0.4055069923400879
803,False,normal,0.8419963,1.1187046,0.09486836940050125,0.7621195316314697,0.2796761393547058,0.01897367462515831,0.4048478126525879
804,False,normal,0.8474448,1.0431204,0.0860232412815094,0.7613553404808044,0.26078009605407715,0.017204649746418,0.40454213619232177
805,False,normal,0.8505114,1.0119783,0.07211104035377502,0.7603955864906311,0.252994567155838,0.014422208070755005,0.40415823459625244
806,False,normal,0.8520411,1.0166612,0.04999999701976776,0.7583439946174622,0.25416529178619385,0.009999999776482582,0.40333759784698486
807,False,normal,0.8516371,1.0212737,0.054772261530160904,0.7553168535232544,0.25531843304634094,0.01095445267856121,0.40212674140930177
808,False,normal,0.85437775,0.9805101,0.054772280156612396,0.7529054284095764,0.24512751400470734,0.010954456403851509,0.4011621713638306
809,False,normal,0.8584991,0.9670574,0.014142143540084362,0.7499890923500061,0.2417643517255783,0.002828428987413645,0.39999563694000245
810,False,normal,0.85888207,0.95503926,0.02236068621277809,0.7468868494033813,0.2387598156929016,0.004472137428820133,0.39875473976135256
811,False,normal,0.8662452,0.96041656,0.022360673174262047,0.6506460905075073,0.24010413885116577,0.004472134634852409,0.3602584362030029
812,False,normal,0.91876644,0.94915754,0.022360678762197495,0.1686178743839264,0.23728938400745392,0.004472136031836271,0.10117072463035583
813,False,normal,0.9213791,0.94413984,0.009999990463256836,0.15718482434749603,0.23603495955467224,0.0019999982323497534,0.09431089460849762
814,False,normal,0.92553186,0.9479451,0.014142127707600594,0.11800764501094818,0.23698627948760986,0.00282842549495399,0.0708045870065689
815,False,normal,0.9281154,0.95770556,0.014142127707600594,0.09139437973499298,0.239426389336586,0.00282842549495399,0.054836627840995786
816,False,normal,0.9274398,0.9678843,0.02000001072883606,0.08806207031011581,0.24197107553482056,0.0040000020526349545,0.052837242186069486
817,False,normal,0.927014,0.9815294,0.014142122119665146,0.08816470950841904,0.24538235366344452,0.0028284243308007717,0.052898825705051424
818,False,normal,0.92593706,1.0024968,0.024494925513863564,0.07974809408187866,0.2506242096424103,0.004898984916508198,0.047848856449127196
819,False,normal,0.92507905,1.0225458,0.024494925513863564,0.07645587623119354,0.25563645362854004,0.004898984916508198,0.04587352573871612
820,False,normal,0.92609096,1.0278618,0.009999990463256836,0.07431410998106003,0.2569654583930969,0.0019999982323497534,0.044588465988636014
821,False,normal,0.9283273,1.0278618,0.0,0.06192762404680252,0.2569654583930969,0.0,0.03715657442808151
822,False,normal,0.92955065,1.0332474,0.009999990463256836,0.04267816245555878,0.25831183791160583,0.0019999982323497534,0.025606897473335267
823,False,normal,0.93026066,1.038701,0.009999990463256836,0.03392089903354645,0.2596752643585205,0.0019999982323497534,0.02035253942012787
824,False,normal,0.9299057,1.0442222,0.009999990463256836,0.03400328755378723,0.2610555589199066,0.0019999982323497534,0.020401972532272338
825,False,normal,0.93046457,1.0442222,0.0,0.035596150904893875,0.2610555589199066,0.0,0.021357690542936323
826,False,normal,0.93030393,1.0442222,0.0,0.03693481162190437,0.2610555589199066,0.0,0.022160886973142623
827,False,normal,0.9299909,1.0360019,0.009999990463256836,0.03757461532950401,0.2590004801750183,0.0019999982323497534,0.022544769197702406
828,False,normal,0.9306512,1.0360019,0.0,0.03832260146737099,0.2590004801750183,0.0,0.022993560880422592
829,False,normal,0.9302714,1.0304368,0.009999990463256836,0.03813605010509491,0.25760918855667114,0.0019999982323497534,0.022881630063056945
830,False,normal,0.9311627,1.0304368,0.0,0.03695842996239662,0.25760918855667114,0.0,0.022175057977437972
831,False,normal,0.93068177,1.0238163,0.014142127707600594,0.035575613379478455,0.2559540867805481,0.00282842549495399,0.02134536802768707
832,False,normal,0.93187827,1.0100495,0.014142164029181004,0.032774630934000015,0.2525123655796051,0.0028284327127039433,0.01966477856040001
833,False,normal,0.9334157,1.0100495,0.0,0.028801437467336655,0.2525123655796051,0.0,0.017280862480401993
834,False,normal,0.93352765,1.0046393,0.009999990463256836,0.02443665638566017,0.25115981698036194,0.0019999982323497534,0.014661993831396103
835,False,normal,0.93394774,1.0057833,0.009999997913837433,0.020339950919151306,0.25144582986831665,0.0019999996293336153,0.012203970551490783
836,False,normal,0.9346756,1.0004499,0.010000050067901611,0.017052460461854935,0.25011247396469116,0.0020000101067125797,0.01023147627711296
837,False,normal,0.9349636,0.99332774,0.014142127707600594,0.01577308028936386,0.2483319342136383,0.00282842549495399,0.009463848173618316
838,False,normal,0.93511784,0.9946859,0.01000000536441803,0.016369236633181572,0.24867147207260132,0.0020000010263174772,0.009821541979908944
839,False,normal,0.9352615,0.9893937,0.009999990463256836,0.01792832836508751,0.24734842777252197,0.0019999982323497534,0.010756997019052505
840,False,normal,0.93538976,0.9841748,0.009999990463256836,0.019577695056796074,0.24604369699954987,0.0019999982323497534,0.011746617034077644
841,False,normal,0.93598455,0.9841748,0.0,0.02087114192545414,0.24604369699954987,0.0,0.012522685155272483
842,False,normal,0.9344379,0.9912618,0.014142133295536041,0.02122991904616356,0.24781544506549835,0.0028284266591072083,0.012737951427698135
843,False,normal,0.9355169,0.9912618,0.0,0.021076880395412445,0.24781544506549835,0.0,0.012646128237247466
844,False,normal,0.933593,1.0036434,0.017320530489087105,0.019835414364933968,0.25091084837913513,0.003464106237515807,0.011901248618960381
845,False,normal,0.9337661,1.0077202,0.014142127707600594,0.01825597509741783,0.2519300580024719,0.00282842549495399,0.0109535850584507
846,False,normal,0.93423676,1.0088607,0.009999997913837433,0.01632874645292759,0.252215176820755,0.0019999996293336153,0.009797247871756553
847,False,normal,0.9351567,1.0088607,0.0,0.014912547543644905,0.252215176820755,0.0,0.008947528526186943
848,False,normal,0.9345308,1.0100989,0.009999997913837433,0.01323329284787178,0.252524733543396,0.0019999996293336153,0.007939975708723068
849,False,normal,0.93544227,1.0100989,0.0,0.0118877487257123,0.252524733543396,0.0,0.0071326492354273794
850,False,normal,0.9356366,1.0100989,0.0,0.010268834419548512,0.252524733543396,0.0,0.006161300651729107
851,False,normal,0.93442047,1.0185283,0.009999990463256836,0.00976245291531086,0.2546320855617523,0.0019999982323497534,0.005857471749186515
852,False,normal,0.9349471,1.0100989,0.009999990463256836,0.0097645353525877,0.252524733543396,0.0019999982323497534,0.00585872121155262
853,False,normal,0.9345823,1.0153817,0.010000050067901611,0.010053019039332867,0.2538454234600067,0.0020000101067125797,0.00603181142359972
854,False,normal,0.93462,1.0141499,0.009999997913837433,0.010380213148891926,0.25353747606277466,0.0019999996293336153,0.006228127889335155
855,False,normal,0.9353359,1.0141499,0.0,0.010664655826985836,0.25353747606277466,0.0,0.006398793496191502
856,False,normal,0.9337364,1.0214206,0.014142127707600594,0.01136802788823843,0.2553551495075226,0.00282842549495399,0.006820816732943058
857,False,normal,0.9345869,1.0130153,0.009999990463256836,0.011246997863054276,0.2532538175582886,0.0019999982323497534,0.0067481987178325655
858,False,normal,0.9348469,1.0004499,0.01732056401669979,0.01104974839836359,0.25011247396469116,0.003464112989604473,0.006629849039018154
859,False,normal,0.93621176,1.0004499,0.0,0.010500971227884293,0.25011247396469116,0.0,0.006300582736730576
860,False,normal,0.9360694,0.9920685,0.009999990463256836,0.009802287444472313,0.24801713228225708,0.0019999982323497534,0.005881372466683387
861,False,normal,0.9369118,0.9920685,0.0,0.009032591246068478,0.24801713228225708,0.0,0.005419554747641086
862,False,normal,0.9358782,0.9974467,0.010000050067901611,0.008594532497227192,0.24936167895793915,0.0020000101067125797,0.005156719498336315
863,False,normal,0.93545556,1.0004499,0.014142164029181004,0.007963757961988449,0.25011247396469116,0.0028284327127039433,0.0047782547771930695
864,False,normal,0.9365035,1.0004499,0.0,0.008069848641753197,0.25011247396469116,0.0,0.0048419091850519175
865,False,normal,0.93648726,1.0004499,0.0,0.008205048739910126,0.25011247396469116,0.0,0.004923029243946075
866,False,normal,0.9364747,1.0004499,0.0,0.008310175500810146,0.25011247396469116,0.0,0.004986105300486088
867,False,normal,0.93564117,1.0016985,0.009999997913837433,0.00835532695055008,0.2504246234893799,0.0019999996293336153,0.005013196170330047
868,False,normal,0.93639094,1.0016985,0.0,0.008357459679245949,0.2504246234893799,0.0,0.005014475807547569
869,False,normal,0.93556195,1.0030453,0.01000000536441803,0.00831441767513752,0.25076133012771606,0.0020000010263174772,0.004988650605082512
870,False,normal,0.93631893,1.0030453,0.0,0.008256100118160248,0.25076133012771606,0.0,0.004953660070896149
871,False,normal,0.9348774,1.0100989,0.014142175205051899,0.007756057195365429,0.252524733543396,0.00282843504101038,0.004653634317219257
872,False,normal,0.9359381,1.0100989,0.0,0.007756056729704142,0.252524733543396,0.0,0.004653634037822485
873,False,normal,0.9353294,1.0036434,0.014142127707600594,0.007351905107498169,0.25091084837913513,0.00282842549495399,0.004411143064498901
874,False,normal,0.93643534,1.0036434,0.0,0.006974821910262108,0.25091084837913513,0.0,0.0041848931461572645
875,False,normal,0.9364882,1.0036434,0.0,0.0065340520814061165,0.25091084837913513,0.0,0.00392043124884367
876,False,normal,0.9366735,1.0036434,0.0,0.004989929962903261,0.25091084837913513,0.0,0.0029939579777419566
877,False,normal,0.93675166,1.0036434,0.0,0.00433832174167037,0.25091084837913513,0.0,0.002602993045002222
878,False,normal,0.9364617,0.98999995,0.014142164029181004,0.005021917168051004,0.2474999874830246,0.0028284327127039433,0.0030131503008306026
879,False,normal,0.9374561,0.98999995,0.0,0.005574249662458897,0.2474999874830246,0.0,0.003344549797475338
880,False,normal,0.9366196,0.9912618,0.009999997913837433,0.005638135131448507,0.24781544506549835,0.0019999996293336153,0.0033828810788691043
881,False,normal,0.937362,0.9912618,0.0,0.005701019428670406,0.24781544506549835,0.0,0.0034206116572022436
882,False,normal,0.9362844,0.9964436,0.009999990463256836,0.005731844808906317,0.24911090731620789,0.0019999982323497534,0.00343910688534379
883,False,normal,0.93507534,1.0100989,0.014142164029181004,0.006106745917350054,0.252524733543396,0.0028284327127039433,0.003664047550410032
884,False,normal,0.9349643,1.0153817,0.010000050067901611,0.006869282107800245,0.2538454234600067,0.0020000101067125797,0.004121569264680147
885,False,normal,0.934492,1.020735,0.009999990463256836,0.008017036132514477,0.25518375635147095,0.0019999982323497534,0.004810221679508686
886,False,normal,0.9347737,1.0153817,0.009999990463256836,0.008458031341433525,0.2538454234600067,0.0019999982323497534,0.005074818804860115
887,False,normal,0.9350623,1.0057833,0.014142169617116451,0.008463232778012753,0.25144582986831665,0.0028284338768571615,0.005077939666807652
888,False,normal,0.9352931,1.0070252,0.009999997913837433,0.008482128381729126,0.25175631046295166,0.0019999996293336153,0.005089277029037475
889,False,normal,0.93472797,1.0153817,0.010000050067901611,0.008839030750095844,0.2538454234600067,0.0020000101067125797,0.005303418450057507
890,False,normal,0.9354418,1.0153817,0.0,0.009140541777014732,0.2538454234600067,0.0,0.00548432506620884
891,False,normal,0.93475056,1.0141499,0.009999997913837433,0.009292088449001312,0.25353747606277466,0.0019999996293336153,0.005575253069400787
892,False,normal,0.9354832,1.0141499,0.0,0.009436854161322117,0.25353747606277466,0.0,0.00566211249679327
893,False,normal,0.93546265,1.0141499,0.0,0.009607946500182152,0.25353747606277466,0.0,0.0057647679001092906
894,False,normal,0.93523747,1.0057833,0.010000050067901611,0.009592363610863686,0.25144582986831665,0.0020000101067125797,0.0057554181665182115
895,False,normal,0.93516177,1.0070252,0.009999997913837433,0.009576217271387577,0.25175631046295166,0.0019999996293336153,0.005745730362832546
896,False,normal,0.9359141,1.0070252,0.0,0.009557051584124565,0.25175631046295166,0.0,0.005734230950474739
897,False,normal,0.9359167,1.0070252,0.0,0.009534849785268307,0.25175631046295166,0.0,0.005720909871160984
898,False,normal,0.93533945,1.0057833,0.009999997913837433,0.008742528036236763,0.25144582986831665,0.0019999996293336153,0.005245516821742058
899,False,normal,0.9362036,1.0057833,0.0,0.00779131893068552,0.25144582986831665,0.0,0.004674791358411312
900,False,normal,0.93588096,1.0004499,0.010000050067901611,0.007007507141679525,0.25011247396469116,0.0020000101067125797,0.004204504285007715
901,False,normal,0.9367411,1.0004499,0.0,0.006089626345783472,0.25011247396469116,0.0,0.003653775807470083
902,False,normal,0.9355544,1.0088607,0.010000050067901611,0.005348418839275837,0.252215176820755,0.0020000101067125797,0.0032090513035655023
903,False,normal,0.93603534,1.0004499,0.010000050067901611,0.0057210298255085945,0.25011247396469116,0.0020000101067125797,0.0034326178953051566
904,False,normal,0.93571746,1.0057833,0.010000050067901611,0.005592526402324438,0.25144582986831665,0.0020000101067125797,0.0033555158413946626
905,False,normal,0.93610215,1.0004499,0.010000050067901611,0.00516412453725934,0.25011247396469116,0.0020000101067125797,0.003098474722355604
906,False,normal,0.93580335,1.0057833,0.010000050067901611,0.004876493476331234,0.25144582986831665,0.0020000101067125797,0.0029258960857987404
907,False,normal,0.93655336,1.0057833,0.0,0.004876493476331234,0.25144582986831665,0.0,0.0029258960857987404
908,False,normal,0.936552,1.0057833,0.0,0.004887920338660479,0.25144582986831665,0.0,0.002932752203196287
909,False,normal,0.9361543,1.0004499,0.010000050067901611,0.004729957319796085,0.25011247396469116,0.0020000101067125797,0.002837974391877651
910,False,normal,0.93693876,1.0004499,0.0,0.004442795645445585,0.25011247396469116,0.0,0.002665677387267351
911,False,normal,0.93570673,1.0088607,0.010000050067901611,0.00407914724200964,0.252215176820755,0.0020000101067125797,0.002447488345205784
912,False,normal,0.93627733,1.0004499,0.010000050067901611,0.0037045241333544254,0.25011247396469116,0.0020000101067125797,0.0022227144800126553
913,False,normal,0.9360236,1.0057833,0.010000050067901611,0.003041390096768737,0.25144582986831665,0.0020000101067125797,0.001824834058061242
914,False,normal,0.9354211,1.0141499,0.010000050067901611,0.0037045241333544254,0.25353747606277466,0.0020000101067125797,0.0022227144800126553
915,False,normal,0.9349444,1.0195098,0.009999990463256836,0.0048855883069336414,0.2548774480819702,0.0019999982323497534,0.0029313529841601847
916,False,normal,0.93523747,1.0141499,0.009999990463256836,0.005234513897448778,0.25353747606277466,0.0019999982323497534,0.003140708338469267
917,False,normal,0.9342659,1.0167104,0.020000003278255463,0.005747457966208458,0.25417760014533997,0.0040000006556510925,0.003448474779725075
918,False,normal,0.9318342,1.0319884,0.03605550155043602,0.00801962148398161,0.2579970955848694,0.007211100775748491,0.004811772890388965
919,False,normal,0.9302461,1.0447488,0.04123104736208916,0.011372764594852924,0.26118719577789307,0.008246210403740406,0.0068236587569117544
920,False,normal,0.92872137,1.0565037,0.045825764536857605,0.015085222199559212,0.26412591338157654,0.009165152907371521,0.009051133319735527
921,False,normal,0.92827886,1.0719142,0.03162279352545738,0.019623329862952232,0.2679785490036011,0.006324558984488249,0.01177399791777134
922,False,normal,0.9275377,1.0852189,0.02236068621277809,0.02465890906751156,0.271304726600647,0.004472137428820133,0.014795345440506934
923,False,normal,0.92530525,1.1068424,0.024494923651218414,0.030666515231132507,0.2767105996608734,0.004898984916508198,0.018399909138679504
924,False,normal,0.92307496,1.1236547,0.029999971389770508,0.037055373191833496,0.28091368079185486,0.0059999944642186165,0.022233223915100096
925,False,normal,0.922685,1.1344161,0.01732049137353897,0.04262462258338928,0.2836040258407593,0.0034640985541045666,0.02557477355003357
926,False,normal,0.9184207,1.1571084,0.04472137242555618,0.04921623319387436,0.2892771065235138,0.008944274857640266,0.029529739916324613
927,False,normal,0.9161074,1.179237,0.04582572728395462,0.05627807602286339,0.2948092520236969,0.009165146388113499,0.03376684561371803
928,False,normal,0.9166687,1.1680325,0.04123106598854065,0.06030769273638725,0.2920081317424774,0.00824621319770813,0.03618461564183235
929,False,normal,0.9193694,1.1545129,0.014142164029181004,0.061774201691150665,0.2886282205581665,0.0028284327127039433,0.0370645210146904
930,False,normal,0.92005557,1.1348128,0.02236071228981018,0.0611797496676445,0.2837032079696655,0.004472142551094294,0.0367078498005867
931,False,normal,0.921165,1.1196874,0.022360671311616898,0.05981247499585152,0.27992185950279236,0.004472134634852409,0.03588748499751091
932,False,normal,0.9220626,1.1017258,0.030000030994415283,0.05691320449113846,0.27543145418167114,0.006000006105750799,0.03414792269468307
933,False,normal,0.9234241,1.0785639,0.03605547919869423,0.053845733404159546,0.2696409821510315,0.007211096119135618,0.03230744004249573
934,False,normal,0.9244166,1.0566456,0.04472137242555618,0.051574669778347015,0.2641614079475403,0.008944274857640266,0.03094480186700821
935,False,normal,0.9252129,1.038701,0.05099020525813103,0.05036655440926552,0.2596752643585205,0.010198041796684265,0.03021993264555931
936,False,normal,0.92690307,1.0200491,0.044721346348524094,0.049914728850126266,0.25501227378845215,0.008944269269704819,0.02994883731007576
937,False,normal,0.92456585,0.9972963,0.09219545125961304,0.05157070979475975,0.24932406842708588,0.018439091742038727,0.030942425876855847
938,False,normal,0.92772096,0.9596353,0.0714142769575119,0.05788123980164528,0.239908829331398,0.01428285613656044,0.034728743880987165
939,False,normal,0.92834973,0.9577578,0.05477224290370941,0.06402096897363663,0.2394394427537918,0.010954448953270912,0.03841258138418197
940,False,normal,0.92885643,0.9495788,0.044721364974975586,0.07033976912498474,0.23739470541477203,0.008944272994995117,0.04220386147499084
941,False,normal,0.9292128,0.9425497,0.036055516451597214,0.07644753158092499,0.23563741147518158,0.007211103569716215,0.04586851894855499
942,False,normal,0.9284189,0.95010525,0.03316625952720642,0.08093421906232834,0.2375263124704361,0.0066332523711025715,0.048560531437397005
943,False,normal,0.928058,0.9456215,0.03605552017688751,0.08447075635194778,0.2364053726196289,0.0072111040353775024,0.05068245381116867
944,False,normal,0.9290326,0.9317188,0.030000001192092896,0.08737465739250183,0.23292970657348633,0.0060000005178153515,0.0524247944355011
945,False,normal,0.9286674,0.9334345,0.03162277489900589,0.08851025998592377,0.23335860669612885,0.00632455525919795,0.05310615599155426
946,False,normal,0.928646,0.939255,0.030000021681189537,0.08667107671499252,0.23481374979019165,0.006000004708766937,0.052002646028995514
947,False,normal,0.9289009,0.9459916,0.03000001050531864,0.08103854954242706,0.2364978939294815,0.006000002380460501,0.04862312972545624
948,False,normal,0.92925125,0.95362467,0.029999980702996254,0.07414340227842331,0.23840616643428802,0.005999996326863766,0.04448604136705398
949,False,normal,0.9296661,0.96213305,0.03000001050531864,0.06625504046678543,0.240533247590065,0.006000002380460501,0.039753024280071256
950,False,normal,0.92966354,0.9777525,0.02999999187886715,0.05814108997583389,0.24443812668323517,0.005999998655170202,0.034884653985500336
951,False,normal,0.9310319,0.987269,0.017320526763796806,0.04970620945096016,0.24681724607944489,0.003464105539023876,0.029823725670576093
952,False,normal,0.9322307,0.98777527,0.014142153784632683,0.041438695043325424,0.24694381654262543,0.002828430850058794,0.024863217025995255
953,False,normal,0.93219393,0.9976974,0.01732049137353897,0.03459120914340019,0.24942435324192047,0.0034640985541045666,0.020754725486040116
954,False,normal,0.9325519,1.0016487,0.017320500686764717,0.02955014444887638,0.2504121661186218,0.003464100183919072,0.017730086669325826
955,False,normal,0.9323256,1.0139526,0.014142122119665146,0.027013972401618958,0.253488153219223,0.0028284243308007717,0.016208383440971374
956,False,normal,0.9313972,1.0191172,0.022360673174262047,0.026924369856715202,0.25477930903434753,0.004472134634852409,0.01615462191402912
957,False,normal,0.9308104,1.0296116,0.017320500686764717,0.029498813673853874,0.2574028968811035,0.003464100183919072,0.017699288204312325
958,False,normal,0.9306285,1.0309705,0.014142143540084362,0.032293468713760376,0.25774261355400085,0.002828428987413645,0.019376081228256226
959,False,normal,0.93080246,1.0292716,0.01000000536441803,0.03431707248091698,0.2573179006576538,0.0020000010263174772,0.020590243488550184
960,False,normal,0.93087524,1.0261091,0.010000020265579224,0.035357989370822906,0.25652727484703064,0.0020000042859464884,0.021214793622493743
961,False,normal,0.93159753,1.0261091,0.0,0.0355888269841671,0.25652727484703064,0.0,0.02135329619050026
962,False,normal,0.93136,1.0136567,0.014142122119665146,0.035214874893426895,0.25341418385505676,0.0028284243308007717,0.021128924936056136
963,False,normal,0.93197596,1.0060318,0.014142133295536041,0.03405323997139931,0.2515079379081726,0.0028284266591072083,0.020431943982839585
964,False,normal,0.93272126,1.0042908,0.01000000536441803,0.03133796900510788,0.2510727047920227,0.0020000010263174772,0.01880278140306473
965,False,normal,0.93369895,0.9949372,0.009999990463256836,0.028062306344509125,0.2487342804670334,0.0019999982323497534,0.016837383806705474
966,False,normal,0.93390495,0.9980982,0.009999990463256836,0.024699248373508453,0.2495245486497879,0.0019999982323497534,0.014819549024105072
967,False,normal,0.9326355,0.9988994,0.03162277489900589,0.02134642004966736,0.2497248500585556,0.00632455525919795,0.012807852029800415
968,False,normal,0.93388486,0.98615414,0.03000003471970558,0.018587281927466393,0.24653853476047516,0.006000007502734661,0.011152369156479835
969,False,normal,0.93387157,0.9887871,0.03162277489900589,0.016312871128320694,0.24719677865505219,0.00632455525919795,0.009787722676992416
970,False,normal,0.93376225,0.99242127,0.03162277489900589,0.015330730006098747,0.24810530245304108,0.00632455525919795,0.009198438003659248
971,False,normal,0.9344833,0.9821405,0.029999971389770508,0.015691248700022697,0.24553512036800385,0.0059999944642186165,0.009414749220013618
972,False,normal,0.9360795,0.9646761,0.020000040531158447,0.017735406756401062,0.2411690205335617,0.004000008571892977,0.010641244053840636
973,False,normal,0.9364898,0.94424576,0.024494873359799385,0.022147545590996742,0.2360614389181137,0.004898975137621164,0.013288527354598045
974,False,normal,0.93734527,0.92924696,0.01732049137353897,0.02731449529528618,0.23231174051761627,0.0034640985541045666,0.016388697177171705
975,False,normal,0.9370206,0.9269304,0.01732049137353897,0.031226880848407745,0.23173260688781738,0.0034640985541045666,0.018736128509044648
976,False,normal,0.93540823,0.92881644,0.03316624090075493,0.03377748653292656,0.23220409452915192,0.006633248645812273,0.020266491919755936
977,False,normal,0.93522054,0.9235258,0.037416599690914154,0.03544030338525772,0.2308814525604248,0.007483320310711861,0.02126418203115463
978,False,normal,0.9356755,0.8916277,0.0519615076482296,0.039172280579805374,0.2229069322347641,0.010392301715910435,0.023503368347883222
979,False,normal,0.93426454,0.8711487,0.08062257617712021,0.04368295148015022,0.21778717637062073,0.01612451672554016,0.026209770888090133
980,False,normal,0.93105257,0.8181076,0.1529705822467804,0.05285791680216789,0.2045269012451172,0.0305941179394722,0.03171475008130074
981,False,normal,0.563475,2.0485604,2.5419087409973145,0.24343785643577576,0.7072840332984924,0.4190753102302551,0.14606271386146544
982,False,normal,0.5194687,3.4036746,1.8475388288497925,0.5756020545959473,0.9105511903762817,0.3397187292575836,0.3302408218383789
983,False,normal,0.6011271,1.0932977,3.083650588989258,0.574975311756134,0.2733244299888611,0.48098865151405334,0.3299901247024536
984,False,normal,0.7469647,1.568885,0.8718370795249939,0.5817109942436218,0.48444247245788574,0.17436742782592773,0.33268439769744873
985,False,normal,0.8112015,1.3327415,0.4091454744338989,0.5814985632896423,0.3663707375526428,0.08182909339666367,0.3325994253158569
986,False,normal,0.82818115,0.98848367,0.5800861716270447,0.5816523432731628,0.2471209168434143,0.11601723730564117,0.3326609373092651
987,False,normal,0.86506927,0.9172786,0.14594517648220062,0.5831868648529053,0.22931964695453644,0.029189035296440125,0.3332747459411621
988,False,normal,0.87151337,0.82686156,0.13152948021888733,0.5867886543273926,0.206715390086174,0.026305897161364555,0.334715461730957
989,False,normal,0.8616667,0.91181135,0.1905255913734436,0.5881961584091187,0.22795283794403076,0.03810512274503708,0.33527846336364747
990,False,normal,0.84999716,1.0772187,0.20928449928760529,0.5872545838356018,0.26930466294288635,0.04185689985752106,0.3349018335342407
991,False,normal,0.8420421,1.2107435,0.19672314822673798,0.5857591032981873,0.3053717613220215,0.039344631135463715,0.33430364131927487
992,False,normal,0.84485835,1.223969,0.1392838954925537,0.5837402939796448,0.31198447942733765,0.02785678021609783,0.3334961175918579
993,False,normal,0.8547,1.1628413,0.08185350894927979,0.5810419917106628,0.29071033000946045,0.016370702534914017,0.3324167966842651
994,False,normal,0.8592086,1.0784247,0.09486837685108185,0.5784342885017395,0.26960617303848267,0.01897367648780346,0.33137371540069577
995,False,normal,0.8629702,1.0404806,0.07874005287885666,0.5761784315109253,0.260120153427124,0.01574801094830036,0.3304713726043701
996,False,normal,0.8637254,1.0265476,0.0824621245265007,0.574133574962616,0.2566368877887726,0.01649242639541626,0.3296534299850464
997,False,normal,0.86498666,1.0165628,0.07615774124860764,0.5720792412757874,0.254140704870224,0.015231548808515072,0.3288316965103149
998,False,normal,0.8676386,1.0010993,0.05656856298446655,0.5693762302398682,0.2502748370170593,0.011313713155686855,0.32775049209594725
999,False,normal,0.8709682,0.9778548,0.03464099019765854,0.5664724111557007,0.2444636970758438,0.006928198039531708,0.32658896446228025
1000,False,normal,0.8733286,0.97066987,0.014142133295536041,0.5617979764938354,0.24266746640205383,0.0028284266591072083,0.3247191905975342
1001,False,normal,0.87575185,0.9585928,0.022360673174262047,0.5332382321357727,0.23964819312095642,0.004472134634852409,0.31329529285430907
1002,False,normal,0.9190982,0.95524865,0.019999995827674866,0.1641562283039093,0.2388121634721756,0.003999999258667231,0.09849373698234558
1003,False,normal,0.9185859,0.9576012,0.02236068621277809,0.16572505235671997,0.23940028250217438,0.004472137428820133,0.09943503141403198
1004,False,normal,0.92386717,0.9634832,0.022360673174262047,0.11865053325891495,0.24087080359458923,0.004472134634852409,0.07119031995534897
1005,False,normal,0.9266654,0.97082436,0.014142127707600594,0.0966450497508049,0.2427060902118683,0.00282842549495399,0.057987029850482937
1006,False,normal,0.92700005,0.96984535,0.009999997913837433,0.09695504605770111,0.24246133863925934,0.0019999996293336153,0.058173027634620664
1007,False,normal,0.9264209,0.97411495,0.01732049509882927,0.09498223662376404,0.24352873861789703,0.003464099019765854,0.05698934197425842
1008,False,normal,0.92805135,0.97519225,0.009999997913837433,0.0854092612862587,0.24379806220531464,0.0019999996293336153,0.05124555677175522
1009,False,normal,0.92698145,0.98999995,0.01732049509882927,0.08203766494989395,0.2474999874830246,0.003464099019765854,0.04922259896993637
1010,False,normal,0.92669785,0.99974996,0.014142169617116451,0.08130943030118942,0.2499374896287918,0.0028284338768571615,0.048785658180713655
1011,False,normal,0.92780447,1.0062306,0.014142133295536041,0.06871221959590912,0.2515576481819153,0.0028284266591072083,0.04122733175754547
1012,False,normal,0.92922544,1.0185283,0.017320500686764717,0.048479001969099045,0.2546320855617523,0.003464100183919072,0.029087401181459426
1013,False,normal,0.931216,1.0225458,0.014142169617116451,0.031785257160663605,0.25563645362854004,0.0028284338768571615,0.019071154296398163
1014,False,normal,0.9307575,1.0351329,0.01732049509882927,0.027063827961683273,0.258783221244812,0.003464099019765854,0.016238296777009963
1015,False,normal,0.93211204,1.0351329,0.0,0.026601199060678482,0.258783221244812,0.0,0.01596071943640709
1016,False,normal,0.9318849,1.0267423,0.009999990463256836,0.026614153757691383,0.2566855847835541,0.0019999982323497534,0.01596849225461483
1017,False,normal,0.93215674,1.0173495,0.014142127707600594,0.026652077212929726,0.2543373703956604,0.00282842549495399,0.015991246327757835
1018,False,normal,0.9320306,1.0227903,0.009999990463256836,0.02745804376900196,0.2556975781917572,0.0019999982323497534,0.016474826261401176
1019,False,normal,0.9321462,1.0155294,0.014142169617116451,0.02768818847835064,0.25388234853744507,0.0028284338768571615,0.01661291308701038
1020,False,normal,0.9328413,1.0100495,0.009999990463256836,0.027338234707713127,0.2525123655796051,0.0019999982323497534,0.016402940824627874
1021,False,normal,0.93374395,1.0100495,0.0,0.026066428050398827,0.2525123655796051,0.0,0.015639856830239295
1022,False,normal,0.93286586,1.0155294,0.009999990463256836,0.024279404431581497,0.25388234853744507,0.0019999982323497534,0.014567642658948898
1023,False,normal,0.9330415,1.0166612,0.009999997913837433,0.022226350381970406,0.25416529178619385,0.0019999996293336153,0.013335810229182243
1024,False,normal,0.93403256,1.0166612,0.0,0.02021779678761959,0.25416529178619385,0.0,0.012130678072571755
1025,False,normal,0.9338434,1.0111874,0.009999990463256836,0.01839515194296837,0.25279685854911804,0.0019999982323497534,0.011037091165781021
1026,False,normal,0.9335466,1.0155294,0.014142127707600594,0.016018128022551537,0.25388234853744507,0.00282842549495399,0.009610876813530922
1027,False,normal,0.93411946,1.0111874,0.014142127707600594,0.013505364768207073,0.25279685854911804,0.00282842549495399,0.008103218860924244
1028,False,normal,0.93513346,1.0057833,0.009999990463256836,0.01045879628509283,0.25144582986831665,0.0019999982323497534,0.006275277771055699
1029,False,normal,0.9352171,1.0016985,0.014142169617116451,0.00930064544081688,0.2504246234893799,0.0028284338768571615,0.005580387264490128
1030,False,normal,0.93581945,0.9964436,0.009999990463256836,0.009607081301510334,0.24911090731620789,0.0019999982323497534,0.0057642487809062
1031,False,normal,0.9364871,0.9964436,0.0,0.0102934455499053,0.24911090731620789,0.0,0.00617606732994318
1032,False,normal,0.9353651,1.0016985,0.009999990463256836,0.010656126774847507,0.2504246234893799,0.0019999982323497534,0.006393676064908504
1033,False,normal,0.93504065,1.0070252,0.010000050067901611,0.010585525073111057,0.25175631046295166,0.0020000101067125797,0.006351315043866634
1034,False,normal,0.9344329,1.0141499,0.014142169617116451,0.009350421838462353,0.25353747606277466,0.0028284338768571615,0.005610253103077411
1035,False,normal,0.93568146,1.0141499,0.0,0.007784987799823284,0.25353747606277466,0.0,0.004670992679893971
1036,False,normal,0.9351017,1.0130153,0.009999997913837433,0.006957299541682005,0.2532538175582886,0.0019999996293336153,0.004174379725009203
1037,False,normal,0.93563247,1.0046393,0.010000050067901611,0.006896238308399916,0.25115981698036194,0.0020000101067125797,0.00413774298503995
1038,False,normal,0.93600005,0.9992997,0.010000050067901611,0.0066143665462732315,0.24982492625713348,0.0020000101067125797,0.003968619927763939
1039,False,normal,0.9359217,1.0004499,0.009999997913837433,0.006667718291282654,0.25011247396469116,0.0019999996293336153,0.004000630974769592
1040,False,normal,0.9361852,0.9951884,0.009999990463256836,0.007212896831333637,0.24879710376262665,0.0019999982323497534,0.004327738098800182
1041,False,normal,0.9358417,1.0004499,0.009999990463256836,0.007334962487220764,0.25011247396469116,0.0019999982323497534,0.004400977492332458
1042,False,normal,0.93554115,1.0057833,0.010000050067901611,0.007061431650072336,0.25144582986831665,0.0020000101067125797,0.004236858990043402
1043,False,normal,0.9363399,1.0057833,0.0,0.006655242759734392,0.25144582986831665,0.0,0.003993145655840635
1044,False,normal,0.93529385,1.0111874,0.009999990463256836,0.0063076019287109375,0.25279685854911804,0.0019999982323497534,0.003784561157226562
1045,False,normal,0.93604386,1.0111874,0.0,0.00630760146304965,0.25279685854911804,0.0,0.00378456087782979
1046,False,normal,0.9354044,1.0100495,0.009999997913837433,0.005978810600936413,0.2525123655796051,0.0019999996293336153,0.0035872863605618476
1047,False,normal,0.9361606,1.0100495,0.0,0.0059275212697684765,0.2525123655796051,0.0,0.003556512761861086
1048,False,normal,0.93614954,1.0100495,0.0,0.006019860040396452,0.2525123655796051,0.0,0.003611916024237871
1049,False,normal,0.93481225,1.0183811,0.010000050067901611,0.006574305705726147,0.2545952796936035,0.0020000101067125797,0.003944583423435688
1050,False,normal,0.9351778,1.0130153,0.009999990463256836,0.006322973407804966,0.2532538175582886,0.0019999982323497534,0.0037937840446829792
1051,False,normal,0.9359729,1.0130153,0.0,0.0059468806721270084,0.2532538175582886,0.0,0.003568128403276205
1052,False,normal,0.93598276,1.0130153,0.0,0.005865021143108606,0.2532538175582886,0.0,0.0035190126858651635
1053,False,normal,0.93518287,1.0088607,0.014142169617116451,0.00585567019879818,0.252215176820755,0.0028284338768571615,0.0035134021192789076
1054,False,normal,0.93600607,1.0004499,0.010000050067901611,0.005965030286461115,0.25011247396469116,0.0020000101067125797,0.003579018171876669
1055,False,normal,0.9367525,1.0004499,0.0,0.005994651932269335,0.25011247396469116,0.0,0.0035967911593616005
1056,False,normal,0.9367504,1.0004499,0.0,0.0060123661532998085,0.25011247396469116,0.0,0.003607419691979885
1057,False,normal,0.93547446,1.0088607,0.010000050067901611,0.006014358252286911,0.252215176820755,0.0020000101067125797,0.0036086149513721464
1058,False,normal,0.93625325,1.0088607,0.0,0.005774489138275385,0.252215176820755,0.0,0.0034646934829652308
1059,False,normal,0.93523943,1.0046393,0.01732056401669979,0.005596277769654989,0.25115981698036194,0.003464112989604473,0.0033577666617929935
1060,False,normal,0.9358053,1.0057833,0.009999997913837433,0.004860122688114643,0.25144582986831665,0.0019999996293336153,0.0029160736128687856
1061,False,normal,0.9351734,1.0077202,0.01732056401669979,0.004542101640254259,0.2519300580024719,0.003464112989604473,0.002725260984152555
1062,False,normal,0.93538356,1.0130153,0.010000050067901611,0.004608404356986284,0.2532538175582886,0.0020000101067125797,0.0027650426141917705
1063,False,normal,0.9361291,1.0130153,0.0,0.004645706620067358,0.2532538175582886,0.0,0.0027874239720404145
1064,False,normal,0.9361221,1.0130153,0.0,0.004703438375145197,0.2532538175582886,0.0,0.0028220630250871182
1065,False,normal,0.9357046,1.0077202,0.010000050067901611,0.004690655041486025,0.2519300580024719,0.0020000101067125797,0.002814393024891615
1066,False,normal,0.9358065,1.0004499,0.014142169617116451,0.005039045121520758,0.25011247396469116,0.0028284338768571615,0.0030234270729124547
1067,False,normal,0.93539584,1.0070252,0.014142169617116451,0.005036880262196064,0.25175631046295166,0.0028284338768571615,0.0030221281573176383
1068,False,normal,0.9364573,1.0070252,0.0,0.005030170548707247,0.25175631046295166,0.0,0.003018102329224348
1069,False,normal,0.93585104,1.0057833,0.009999997913837433,0.004479228053241968,0.25144582986831665,0.0019999996293336153,0.0026875368319451806
1070,False,normal,0.9355245,1.0111874,0.009999990463256836,0.004385648760944605,0.25279685854911804,0.0019999982323497534,0.0026313892565667627
1071,False,normal,0.9358831,1.0057833,0.009999990463256836,0.004212123807519674,0.25144582986831665,0.0019999982323497534,0.0025272742845118047
1072,False,normal,0.9359776,1.0046393,0.009999997913837433,0.004020737949758768,0.25115981698036194,0.0019999996293336153,0.0024124427698552606
1073,False,normal,0.9362779,0.9992997,0.010000050067901611,0.004298568703234196,0.24982492625713348,0.0020000101067125797,0.0025791412219405173
1074,False,normal,0.93620604,1.0004499,0.009999997913837433,0.004298568703234196,0.25011247396469116,0.0019999996293336153,0.0025791412219405173
1075,False,normal,0.93695605,1.0004499,0.0,0.004298568703234196,0.25011247396469116,0.0,0.0025791412219405173
1076,False,normal,0.9358977,1.0057833,0.010000050067901611,0.004090328235179186,0.25144582986831665,0.0020000101067125797,0.0024541969411075114
1077,False,normal,0.93665165,1.0057833,0.0,0.004057331942021847,0.25144582986831665,0.0,0.002434399165213108
1078,False,normal,0.93534106,1.0141499,0.010000050067901611,0.004371199756860733,0.25353747606277466,0.0020000101067125797,0.00262271985411644
1079,False,normal,0.9360591,1.0141499,0.0,0.004637339152395725,0.25353747606277466,0.0,0.002782403491437435
1080,False,normal,0.9360312,1.0141499,0.0,0.004870184697210789,0.25353747606277466,0.0,0.0029221108183264733
1081,False,normal,0.93600607,1.0141499,0.0,0.005079845432192087,0.25353747606277466,0.0,0.0030479072593152523
1082,False,normal,0.9357939,1.0057833,0.010000050067901611,0.004955255426466465,0.25144582986831665,0.0020000101067125797,0.002973153255879879
1083,False,normal,0.93612057,1.0004499,0.010000050067901611,0.005011103115975857,0.25011247396469116,0.0020000101067125797,0.003006661869585514
1084,False,normal,0.9368733,1.0004499,0.0,0.004987815860658884,0.25011247396469116,0.0,0.0029926895163953303
1085,False,normal,0.9368564,1.0004499,0.0,0.005129121709614992,0.25011247396469116,0.0,0.0030774730257689953
1086,False,normal,0.9355949,1.0088607,0.010000050067901611,0.005010956432670355,0.252215176820755,0.0020000101067125797,0.003006573859602213
1087,False,normal,0.93566525,1.0077202,0.009999997913837433,0.005018338095396757,0.2519300580024719,0.0019999996293336153,0.003011002857238054
1088,False,normal,0.9364144,1.0077202,0.0,0.005025468301028013,0.2519300580024719,0.0,0.0030152809806168078
1089,False,normal,0.9353093,1.0130153,0.010000050067901611,0.005227124784141779,0.2532538175582886,0.0020000101067125797,0.0031362748704850674
1090,False,normal,0.9360482,1.0130153,0.0,0.005319573916494846,0.2532538175582886,0.0,0.0031917443498969077
1091,False,normal,0.9354395,1.0057833,0.014142169617116451,0.005319573916494846,0.25144582986831665,0.0028284338768571615,0.0031917443498969077
1092,False,normal,0.9356754,1.0070252,0.009999997913837433,0.005296198185533285,0.25175631046295166,0.0019999996293336153,0.003177718911319971
1093,False,normal,0.9364611,1.0070252,0.0,0.004998838063329458,0.25175631046295166,0.0,0.002999302837997675
1094,False,normal,0.93605345,1.0016985,0.010000050067901611,0.004919842816889286,0.2504246234893799,0.0020000101067125797,0.0029519056901335717
1095,False,normal,0.9361315,1.0004499,0.009999997913837433,0.004919842816889286,0.25011247396469116,0.0019999996293336153,0.0029519056901335717
1096,False,normal,0.9368552,1.0004499,0.0,0.005138865672051907,0.25011247396469116,0.0,0.003083319403231144
1097,False,normal,0.9357719,1.0057833,0.010000050067901611,0.005138865672051907,0.25144582986831665,0.0020000101067125797,0.003083319403231144
1098,False,normal,0.935872,1.0046393,0.009999997913837433,0.0049002873711287975,0.25115981698036194,0.0019999996293336153,0.0029401724226772786
1099,False,normal,0.93665797,1.0046393,0.0,0.004600590094923973,0.25115981698036194,0.0,0.002760354056954384
1100,False,normal,0.93588215,1.0057833,0.009999997913837433,0.004219957627356052,0.25144582986831665,0.0019999996293336153,0.0025319745764136314
1101,False,normal,0.93668795,1.0057833,0.0,0.0037550837732851505,0.25144582986831665,0.0,0.00225305026397109
1102,False,normal,0.93668795,1.0057833,0.0,0.0037550837732851505,0.25144582986831665,0.0,0.00225305026397109
1103,False,normal,0.93670833,1.0057833,0.0,0.0035848342813551426,0.25144582986831665,0.0,0.0021509005688130855
1104,False,normal,0.9354052,1.0141499,0.010000050067901611,0.003836711635813117,0.25353747606277466,0.0020000101067125797,0.00230202698148787
1105,False,normal,0.9354734,1.0130153,0.009999997913837433,0.0038596519734710455,0.2532538175582886,0.0019999996293336153,0.0023157911840826274
1106,False,normal,0.9361987,1.0130153,0.0,0.0040655615739524364,0.2532538175582886,0.0,0.002439336944371462
1107,False,normal,0.93534416,1.0141499,0.009999997913837433,0.004345377441495657,0.25353747606277466,0.0019999996293336153,0.0026072264648973943
1108,False,normal,0.9360653,1.0141499,0.0,0.004585750866681337,0.25353747606277466,0.0,0.0027514505200088024
1109,False,normal,0.93585575,1.0057833,0.010000050067901611,0.004439661279320717,0.25144582986831665,0.0020000101067125797,0.00266379676759243
1110,False,normal,0.93662757,1.0057833,0.0,0.004257999360561371,0.25144582986831665,0.0,0.0025547996163368222
1111,False,normal,0.93529564,1.0100495,0.014142127707600594,0.0042966995388269424,0.2525123655796051,0.00282842549495399,0.0025780197232961656
1112,False,normal,0.9350092,1.0183811,0.010000050067901611,0.004933071322739124,0.2545952796936035,0.0020000101067125797,0.0029598427936434746
1113,False,normal,0.9350241,1.0173495,0.009999997913837433,0.005346311256289482,0.2543373703956604,0.0019999996293336153,0.003207786753773689
1114,False,normal,0.9355855,1.0035936,0.014142164029181004,0.005243732128292322,0.2508983910083771,0.0028284327127039433,0.003146239276975393
1115,False,normal,0.93586016,1.0046393,0.009999997913837433,0.004998899530619383,0.25115981698036194,0.0019999996293336153,0.0029993397183716297
1116,False,normal,0.93664217,1.0046393,0.0,0.004732178989797831,0.25115981698036194,0.0,0.0028393073938786984
1117,False,normal,0.9358207,1.0057833,0.009999997913837433,0.004732178989797831,0.25144582986831665,0.0019999996293336153,0.0028393073938786984
1118,False,normal,0.936576,1.0057833,0.0,0.004687703214585781,0.25144582986831665,0.0,0.0028126219287514685
1119,False,normal,0.9358975,1.0046393,0.009999997913837433,0.004687703214585781,0.25115981698036194,0.0019999996293336153,0.0028126219287514685
1120,False,normal,0.935826,1.0057833,0.009999997913837433,0.004687703214585781,0.25144582986831665,0.0019999996293336153,0.0028126219287514685
1121,False,normal,0.9351001,1.0124228,0.014142127707600594,0.004690192639827728,0.25310570001602173,0.00282842549495399,0.002814115583896637
1122,False,normal,0.9361633,1.0124228,0.0,0.004669136833399534,0.25310570001602173,0.0,0.0028014821000397205
1123,False,normal,0.9353648,1.008365,0.014142133295536041,0.004597923252731562,0.25209125876426697,0.0028284266591072083,0.002758753951638937
1124,False,normal,0.933994,1.0196568,0.022360699251294136,0.005003464408218861,0.25491419434547424,0.004472140222787857,0.0030020786449313163
1125,False,normal,0.93328786,1.0282996,0.02236068621277809,0.006386326160281897,0.25707489252090454,0.004472137428820133,0.0038317956961691378
1126,False,normal,0.93245286,1.0373524,0.022360673174262047,0.008629603311419487,0.2593381106853485,0.004472134634852409,0.005177761986851692
1127,False,normal,0.93151736,1.0468047,0.022360673174262047,0.011502181179821491,0.26170116662979126,0.004472134634852409,0.006901308707892895
1128,False,normal,0.92791826,1.0700467,0.04242642968893051,0.01684856414794922,0.26751166582107544,0.008485286496579647,0.01010913848876953
1129,False,normal,0.9262489,1.0919249,0.03605549409985542,0.02334672212600708,0.2729812264442444,0.007211098913103342,0.014008033275604247
1130,False,normal,0.9272278,1.0977249,0.009999990463256836,0.028453143313527107,0.2744312286376953,0.0019999982323497534,0.017071885988116264
1131,False,normal,0.9269514,1.0953082,0.010000020265579224,0.032015327364206314,0.27382704615592957,0.0020000042859464884,0.019209196418523786
1132,False,normal,0.925217,1.1066165,0.01732049137353897,0.036003854125738144,0.27665412425994873,0.0034640985541045666,0.021602312475442885
1133,False,normal,0.9256661,1.0953082,0.01732049137353897,0.03815082460641861,0.27382704615592957,0.0034640985541045666,0.022890494763851164
1134,False,normal,0.92549026,1.0882554,0.02449493482708931,0.03880563750863075,0.27206385135650635,0.004898987244814634,0.02328338250517845
1135,False,normal,0.92495656,1.1003182,0.020000040531158447,0.039779406040906906,0.27507954835891724,0.004000008571892977,0.023867643624544143
1136,False,normal,0.92559665,1.096768,0.014142122119665146,0.03995591402053833,0.2741920053958893,0.0028284243308007717,0.023973548412322996
1137,False,normal,0.9250332,1.1053958,0.014142122119665146,0.04015734791755676,0.27634894847869873,0.0028284243308007717,0.024094408750534056
1138,False,normal,0.9241327,1.1189728,0.014142122119665146,0.040590278804302216,0.2797431945800781,0.0028284243308007717,0.02435416728258133
1139,False,normal,0.92478585,1.1103603,0.014142122119665146,0.03963319584727287,0.2775900661945343,0.0028284243308007717,0.023779917508363724
1140,False,normal,0.92442393,1.1071135,0.024494923651218414,0.03786943107843399,0.27677837014198303,0.004898984916508198,0.022721658647060394
1141,False,normal,0.92540944,1.0807867,0.037416599690914154,0.03529266268014908,0.27019667625427246,0.007483320310711861,0.021175597608089448
1142,False,normal,0.92583656,1.0633439,0.05099019408226013,0.03233504295349121,0.2658359706401825,0.010198039934039116,0.019401025772094727
1143,False,normal,0.92716527,1.0385085,0.05830953270196915,0.02962256409227848,0.2596271336078644,0.011661906726658344,0.017773538455367086
1144,False,normal,0.92858475,1.0257193,0.05099017545580864,0.029029183089733124,0.2564298212528229,0.010198035277426243,0.017417509853839875
1145,False,normal,0.9300454,1.0088112,0.04242640361189842,0.031015632674098015,0.2522028088569641,0.0084852809086442,0.018609379604458808
1146,False,normal,0.931664,0.98873657,0.030000044032931328,0.035749565809965134,0.2471841424703598,0.006000008899718523,0.02144973948597908
1147,False,normal,0.9327778,0.9746281,0.01732049696147442,0.04174055904150009,0.24365702271461487,0.003464099718257785,0.025044335424900054
1148,False,normal,0.9320554,0.9690201,0.022360675036907196,0.04753167927265167,0.24225503206253052,0.004472135100513697,0.028519007563591003
1149,False,normal,0.93074226,0.96260065,0.037416569888591766,0.052408214658498764,0.24065016210079193,0.007483314257115126,0.031444928795099254
1150,False,normal,0.93089586,0.96223694,0.030000023543834686,0.0559525229036808,0.24055923521518707,0.0060000051744282246,0.03357151374220848
1151,False,normal,0.92969215,0.95068395,0.05000000074505806,0.05950115621089935,0.23767097294330597,0.010000000707805157,0.03570069372653961
1152,False,normal,0.9288107,0.95603347,0.05477224290370941,0.06107715144753456,0.239008367061615,0.010954448953270912,0.03664629086852073
1153,False,normal,0.92654955,0.96431327,0.07681145519018173,0.06183326244354248,0.24107831716537476,0.015362291596829891,0.03709995746612549
1154,False,normal,0.92933035,0.9664885,0.037416569888591766,0.062148939818143845,0.24162212014198303,0.007483314257115126,0.03728936389088631
1155,False,normal,0.9292431,0.9701031,0.03741657733917236,0.060993801802396774,0.24252577126026154,0.007483316119760275,0.036596281081438066
1156,False,normal,0.9295316,0.9780593,0.030000001192092896,0.05908079445362091,0.2445148080587387,0.0060000005178153515,0.035448476672172546
1157,False,normal,0.9303588,0.98045903,0.02236068621277809,0.05571174621582031,0.2451147586107254,0.004472137428820133,0.03342704772949218
1158,False,normal,0.93088216,0.98336154,0.022360658273100853,0.049839138984680176,0.245840385556221,0.0044721318408846855,0.029903483390808103
1159,False,normal,0.93117326,0.9841747,0.028284287080168724,0.0432872474193573,0.24604366719722748,0.00565685797482729,0.02597234845161438
1160,False,normal,0.93236804,0.98818016,0.02236069180071354,0.03494717553257942,0.24704502522945404,0.004472138825803995,0.020968305319547652
1161,False,normal,0.93292576,0.9982986,0.017320526763796806,0.028179416432976723,0.24957464635372162,0.003464105539023876,0.016907649859786034
1162,False,normal,0.9334236,1.0051866,0.014142133295536041,0.02243015542626381,0.25129663944244385,0.0028284266591072083,0.013458093255758285
1163,False,normal,0.9342664,1.0030454,0.01000000536441803,0.01911071315407753,0.25076135993003845,0.0020000010263174772,0.011466427892446517
1164,False,normal,0.9336985,1.010198,0.014142122119665146,0.01752893067896366,0.25254949927330017,0.0028284243308007717,0.010517358407378196
1165,False,normal,0.9341352,1.0082659,0.01000000536441803,0.017484817653894424,0.2520664632320404,0.0020000010263174772,0.010490890592336655
1166,False,normal,0.93317485,1.0123734,0.01732049137353897,0.018773019313812256,0.2530933618545532,0.0034640985541045666,0.011263811588287353
1167,False,normal,0.9343429,1.0123734,0.0,0.019864385947585106,0.2530933618545532,0.0,0.011918631568551063
1168,False,normal,0.93373626,1.009158,0.010000020265579224,0.020344814285635948,0.2522895038127899,0.0020000042859464884,0.012206888571381568
1169,False,normal,0.9342707,0.9966945,0.014142122119665146,0.019794026389718056,0.2491736263036728,0.0028284243308007717,0.011876415833830834
1170,False,normal,0.934438,0.99548984,0.014142122119665146,0.01902720145881176,0.24887245893478394,0.0028284243308007717,0.011416320875287055
1171,False,normal,0.93518674,0.99252206,0.010000020265579224,0.016921859234571457,0.24813051521778107,0.0020000042859464884,0.010153115540742873
1172,False,normal,0.9361756,0.99252206,0.0,0.01493171975016594,0.24813051521778107,0.0,0.008959031850099563
1173,False,normal,0.9353212,0.98812956,0.01732051745057106,0.013513613492250443,0.24703238904476166,0.0034641034435480833,0.008108168095350265
1174,False,normal,0.9358581,0.9912114,0.009999990463256836,0.012010080739855766,0.24780283868312836,0.0019999982323497534,0.007206048443913459
1175,False,normal,0.93526137,0.9884331,0.02236068621277809,0.010704352520406246,0.24710828065872192,0.004472137428820133,0.006422611512243747
1176,False,normal,0.9361446,0.9734988,0.02236071228981018,0.011122516356408596,0.24337469041347504,0.004472142551094294,0.006673509813845157
1177,False,normal,0.93653023,0.96098906,0.024494873359799385,0.013090054504573345,0.24024726450443268,0.004898975137621164,0.007854032702744007
1178,False,normal,0.9378414,0.95194536,0.009999990463256836,0.015933258458971977,0.23798634111881256,0.0019999982323497534,0.009559955075383186
1179,False,normal,0.93643695,0.95947903,0.02000001072883606,0.017463237047195435,0.23986975848674774,0.0040000020526349545,0.01047794222831726
1180,False,normal,0.9357912,0.954306,0.029999982565641403,0.019289080053567886,0.2385764867067337,0.005999996792525053,0.011573448032140731
1181,False,normal,0.93617576,0.95467275,0.02236068621277809,0.020668011158704758,0.23866818845272064,0.004472137428820133,0.012400806695222854
1182,False,normal,0.9367935,0.9483143,0.017320534214377403,0.02198180928826332,0.23707856237888336,0.003464106936007738,0.013189085572957992
1183,False,normal,0.9373111,0.9466784,0.009999990463256836,0.023095952346920967,0.2366696000099182,0.0019999982323497534,0.01385757140815258
1184,False,normal,0.93661106,0.92379653,0.03464100882411003,0.025446414947509766,0.23094913363456726,0.0069282022304832935,0.01526784896850586
1185,False,normal,0.93369675,0.90559375,0.08306622505187988,0.0289471335709095,0.22639843821525574,0.016613245010375977,0.0173682801425457
1186,False,normal,0.9330262,0.91400224,0.08306623250246048,0.030155815184116364,0.22850055992603302,0.016613246873021126,0.018093489110469818
1187,False,normal,0.9351755,0.9087904,0.05744565650820732,0.03097240813076496,0.22719760239124298,0.011489132419228554,0.018583444878458977
1188,False,normal,0.9333489,0.9022749,0.0860232338309288,0.03172636777162552,0.2255687266588211,0.01720464788377285,0.019035820662975312
1189,False,normal,0.9305669,0.9160786,0.11180343478918076,0.031607385724782944,0.2290196567773819,0.02236068807542324,0.018964431434869766
1190,False,normal,0.50917196,2.7877412,2.66328763961792,0.4013899564743042,0.8181611895561218,0.43294715881347656,0.2408339738845825
1191,False,normal,0.56013864,3.9736254,1.4739742279052734,0.7537789344787598,0.9960438013076782,0.29479485750198364,0.40151157379150393
1192,False,normal,0.5312002,2.1002142,2.181696653366089,0.7774038910865784,0.7150321006774902,0.37790820002555847,0.41096155643463134
1193,False,normal,0.70024514,1.4624978,1.4644453525543213,0.776364803314209,0.43124890327453613,0.2928890883922577,0.41054592132568357
1194,False,normal,0.760521,1.4970973,0.6044831871986389,0.7750702500343323,0.4485486149787903,0.12089664489030838,0.4100281000137329
1195,False,normal,0.81799936,1.0796759,0.43520116806030273,0.7735104560852051,0.2699189782142639,0.08704023063182831,0.40940418243408205
1196,False,normal,0.8287641,0.9180959,0.4249705672264099,0.7747768759727478,0.22952397167682648,0.0849941223859787,0.40991075038909913
1197,False,normal,0.8554069,0.7983107,0.16492420434951782,0.7791170477867126,0.1995776742696762,0.032984841614961624,0.41164681911468504
1198,False,normal,0.8411952,0.95262796,0.2258317917585373,0.7791022062301636,0.2381569892168045,0.04516635835170746,0.41164088249206543
1199,False,normal,0.83411527,1.109279,0.19235384464263916,0.7766029834747314,0.2773197591304779,0.03847076743841171,0.4106411933898926
1200,False,normal,0.84020364,1.142716,0.08660254627466202,0.7735171318054199,0.28567901253700256,0.017320509999990463,0.409406852722168
1201,False,normal,0.84539247,1.1047624,0.051961544901132584,0.7707847356796265,0.2761906087398529,0.010392310097813606,0.4083138942718506
1202,False,normal,0.8473382,1.0185283,0.09949874132871628,0.7692667841911316,0.2546320855617523,0.019899750128388405,0.4077067136764526
1203,False,normal,0.85257435,0.9569743,0.08124037086963654,0.7690213322639465,0.23924358189105988,0.016248075291514397,0.40760853290557864
1204,False,normal,0.8563981,0.9387758,0.04582574591040611,0.7686437368392944,0.23469394445419312,0.009165149182081223,0.4074574947357178
1205,False,normal,0.8568987,0.93300587,0.04472138360142708,0.7679287791252136,0.23325146734714508,0.00894427765160799,0.40717151165008547
1206,False,normal,0.8579159,0.9445634,0.022360673174262047,0.7671478986740112,0.23614084720611572,0.004472134634852409,0.4068591594696045
1207,False,normal,0.85592604,0.9691749,0.030000030994415283,0.7656319737434387,0.24229373037815094,0.006000006105750799,0.4062527894973755
1208,False,normal,0.8557322,0.98407316,0.0223606638610363,0.7635769844055176,0.24601827561855316,0.0044721332378685474,0.40543079376220703
1209,False,normal,0.85647225,0.9893938,0.009999990463256836,0.7617577314376831,0.24734844267368317,0.0019999982323497534,0.40470309257507325
1210,False,normal,0.8618695,0.9863569,0.019999995827674866,0.6872896552085876,0.24658922851085663,0.003999999258667231,0.3749158620834351
1211,False,normal,0.9022776,0.9920685,0.022360678762197495,0.2836754024028778,0.24801713228225708,0.004472136031836271,0.1702052414417267
1212,False,normal,0.9169223,0.9951884,0.014142122119665146,0.165148064494133,0.24879710376262665,0.0028284243308007717,0.09908883869647979
1213,False,normal,0.92177254,0.9951884,0.0,0.13356804847717285,0.24879710376262665,0.0,0.08014082908630371
1214,False,normal,0.9288015,0.9951884,0.0,0.07499384135007858,0.24879710376262665,0.0,0.04499630481004715
1215,False,normal,0.9280575,1.0004499,0.009999990463256836,0.07220333069562912,0.25011247396469116,0.0019999982323497534,0.04332199841737747
1216,False,normal,0.92707217,1.0141499,0.014142206870019436,0.07068987935781479,0.25353747606277466,0.002828441560268402,0.04241392761468887
1217,False,normal,0.92817634,1.0137554,0.024494916200637817,0.05522330477833748,0.2534388601779938,0.004898983519524336,0.03313398286700248
1218,False,normal,0.9282073,1.0274726,0.014142164029181004,0.054291676729917526,0.2568681538105011,0.0028284327127039433,0.032575006037950514
1219,False,normal,0.9298835,1.0274726,0.0,0.04916225001215935,0.2568681538105011,0.0,0.029497350007295607
1220,False,normal,0.9301384,1.032957,0.009999990463256836,0.03793126717209816,0.2582392394542694,0.0019999982323497534,0.022758760303258897
1221,False,normal,0.9308121,1.0290287,0.017320534214377403,0.029788155108690262,0.2572571635246277,0.003464106936007738,0.017872893065214158
1222,False,normal,0.93138003,1.0278132,0.009999997913837433,0.030263597145676613,0.25695329904556274,0.0019999996293336153,0.018158158287405968
1223,False,normal,0.9317919,1.0222034,0.009999990463256836,0.029753388836979866,0.2555508613586426,0.0019999982323497534,0.01785203330218792
1224,False,normal,0.9324092,1.0128672,0.014142127707600594,0.026882557198405266,0.25321680307388306,0.00282842549495399,0.016129534319043157
1225,False,normal,0.93402964,1.0128672,0.0,0.02221803367137909,0.25321680307388306,0.0,0.013330820202827453
1226,False,normal,0.93457645,1.0128672,0.0,0.01766142249107361,0.25321680307388306,0.0,0.010596853494644164
1227,False,normal,0.9340248,1.014002,0.009999997913837433,0.01541740633547306,0.25350049138069153,0.0019999996293336153,0.009250443801283837
1228,False,normal,0.93450797,1.0084146,0.009999990463256836,0.014300771057605743,0.25210365653038025,0.0019999982323497534,0.008580462634563446
1229,False,normal,0.9353571,1.0084146,0.0,0.013475138694047928,0.25210365653038025,0.0,0.008085083216428757
1230,False,normal,0.9355075,1.0084146,0.0,0.01222173124551773,0.25210365653038025,0.0,0.007333038747310638
1231,False,normal,0.9356133,1.0084146,0.0,0.011340235359966755,0.25210365653038025,0.0,0.006804141215980053
1232,False,normal,0.93405217,1.01789,0.014142127707600594,0.010575263760983944,0.2544724941253662,0.00282842549495399,0.006345158256590366
1233,False,normal,0.93498415,1.0096534,0.009999990463256836,0.00968776736408472,0.2524133622646332,0.0019999982323497534,0.005812660418450832
1234,False,normal,0.9354197,1.0041414,0.009999990463256836,0.008929197676479816,0.2510353624820709,0.0019999982323497534,0.00535751860588789
1235,False,normal,0.93574107,0.9986991,0.009999990463256836,0.009085128083825111,0.24967478215694427,0.0019999982323497534,0.005451076850295067
1236,False,normal,0.93536085,1.0041414,0.009999990463256836,0.009419332258403301,0.2510353624820709,0.0019999982323497534,0.00565159935504198
1237,False,normal,0.9357699,0.9958916,0.009999990463256836,0.010307196527719498,0.24897289276123047,0.0019999982323497534,0.0061843179166316984
1238,False,normal,0.9352847,1.0041414,0.009999990463256836,0.010054078884422779,0.2510353624820709,0.0019999982323497534,0.0060324473306536674
1239,False,normal,0.9348346,1.0124228,0.009999990463256836,0.009491275995969772,0.25310570001602173,0.0019999982323497534,0.005694765597581863
1240,False,normal,0.93463016,1.01789,0.009999990463256836,0.00834786519408226,0.2544724941253662,0.0019999982323497534,0.005008719116449356
1241,False,normal,0.93526834,1.0096534,0.009999990463256836,0.007319389842450619,0.2524133622646332,0.0019999982323497534,0.004391633905470371
1242,False,normal,0.9361582,1.0096534,0.0,0.006153899244964123,0.2524133622646332,0.0,0.0036923395469784736
1243,False,normal,0.9362441,1.0096534,0.0,0.00543828122317791,0.2524133622646332,0.0,0.003262968733906746
1244,False,normal,0.93583584,1.0041414,0.009999990463256836,0.005460875108838081,0.2510353624820709,0.0019999982323497534,0.003276525065302849
1245,False,normal,0.9359089,1.0028958,0.009999997913837433,0.005500681232661009,0.2507239580154419,0.0019999996293336153,0.003300408739596605
1246,False,normal,0.9366596,1.0028958,0.0,0.005495151504874229,0.2507239580154419,0.0,0.0032970909029245376
1247,False,normal,0.9358508,1.0041414,0.009999997913837433,0.005336112808436155,0.2510353624820709,0.0019999996293336153,0.003201667685061693
1248,False,normal,0.93550366,1.0096534,0.009999990463256836,0.0053584096021950245,0.2524133622646332,0.0019999982323497534,0.0032150457613170148
1249,False,normal,0.93584454,1.0041414,0.009999990463256836,0.00538844196125865,0.2510353624820709,0.0019999982323497534,0.0032330651767551897
1250,False,normal,0.936592,1.0041414,0.0,0.005409876350313425,0.2510353624820709,0.0,0.003245925810188055
1251,False,normal,0.9354943,1.0096534,0.009999990463256836,0.005436035338789225,0.2524133622646332,0.0019999982323497534,0.003261621203273535
1252,False,normal,0.9363135,1.0096534,0.0,0.004859820008277893,0.2524133622646332,0.0,0.0029158920049667356
1253,False,normal,0.93564504,1.0084146,0.009999997913837433,0.004825258161872625,0.25210365653038025,0.0019999996293336153,0.002895154897123575
1254,False,normal,0.93639576,1.0084146,0.0,0.0048195063136518,0.25210365653038025,0.0,0.00289170378819108
1255,False,normal,0.93438244,1.0222034,0.014142122119665146,0.005576666444540024,0.2555508613586426,0.0028284243308007717,0.0033459998667240143
1256,False,normal,0.93535155,1.0222034,0.0,0.006339257583022118,0.2555508613586426,0.0,0.0038035545498132702
1257,False,normal,0.9353567,1.0222034,0.0,0.006296926643699408,0.2555508613586426,0.0,0.003778155986219644
1258,False,normal,0.93517315,1.0084146,0.014142122119665146,0.0061688111163675785,0.25210365653038025,0.0028284243308007717,0.003701286669820547
1259,False,normal,0.93623537,1.0084146,0.0,0.0061559113673865795,0.25210365653038025,0.0,0.0036935468204319474
1260,False,normal,0.93544126,1.0096534,0.009999997913837433,0.0058783236891031265,0.2524133622646332,0.0019999996293336153,0.0035269942134618757
1261,False,normal,0.93551815,1.0084146,0.009999997913837433,0.005883011966943741,0.25210365653038025,0.0019999996293336153,0.003529807180166244
1262,False,normal,0.93544066,1.0096534,0.009999997913837433,0.0058830115012824535,0.2524133622646332,0.0019999996293336153,0.003529806900769472
1263,False,normal,0.9361907,1.0096534,0.0,0.005883011035621166,0.2524133622646332,0.0,0.0035298066213726997
1264,False,normal,0.9357852,1.0041414,0.009999990463256836,0.0058830115012824535,0.2510353624820709,0.0019999982323497534,0.003529806900769472
1265,False,normal,0.93445385,1.0166612,0.01732049509882927,0.005881406366825104,0.25416529178619385,0.003464099019765854,0.003528843820095062
1266,False,normal,0.9357628,1.0166612,0.0,0.005798675585538149,0.25416529178619385,0.0,0.003479205351322889
1267,False,normal,0.9348891,1.014002,0.014142122119665146,0.005626109894365072,0.25350049138069153,0.0028284243308007717,0.003375665936619043
1268,False,normal,0.9359479,1.014002,0.0,0.005641598720103502,0.25350049138069153,0.0,0.003384959232062101
1269,False,normal,0.9359769,1.014002,0.0,0.0053995889611542225,0.25350049138069153,0.0,0.0032397533766925332
1270,False,normal,0.9352212,1.0096534,0.014142127707600594,0.005123631563037634,0.2524133622646332,0.00282842549495399,0.0030741789378225803
1271,False,normal,0.9362818,1.0096534,0.0,0.005123631563037634,0.2524133622646332,0.0,0.0030741789378225803
1272,False,normal,0.9356046,1.0084146,0.009999997913837433,0.005162636749446392,0.25210365653038025,0.0019999996293336153,0.003097582049667835
1273,False,normal,0.9363546,1.0084146,0.0,0.005162637215107679,0.25210365653038025,0.0,0.0030975823290646074
1274,False,normal,0.9359094,1.0028958,0.009999990463256836,0.005496511701494455,0.2507239580154419,0.0019999982323497534,0.003297907020896673
1275,False,normal,0.9366823,1.0028958,0.0,0.005305888131260872,0.2507239580154419,0.0,0.003183532878756523
1276,False,normal,0.9356646,1.0084146,0.009999990463256836,0.004662195220589638,0.25210365653038025,0.0019999982323497534,0.0027973171323537826
1277,False,normal,0.9365192,1.0084146,0.0,0.003790648654103279,0.25210365653038025,0.0,0.0022743891924619673
1278,False,normal,0.93569297,1.0096534,0.009999997913837433,0.0037805289030075073,0.2524133622646332,0.0019999996293336153,0.002268317341804504
1279,False,normal,0.9357704,1.0084146,0.009999997913837433,0.0037805289030075073,0.25210365653038025,0.0019999996293336153,0.002268317341804504
1280,False,normal,0.9365192,1.0084146,0.0,0.0037906484212726355,0.25210365653038025,0.0,0.002274389052763581
1281,False,normal,0.9365192,1.0084146,0.0,0.003790648654103279,0.25210365653038025,0.0,0.0022743891924619673
1282,False,normal,0.93651813,1.0084146,0.0,0.003799731843173504,0.25210365653038025,0.0,0.0022798391059041024
1283,False,normal,0.93608093,1.0028958,0.009999990463256836,0.004067389294505119,0.2507239580154419,0.0019999982323497534,0.0024404335767030717
1284,False,normal,0.9368206,1.0028958,0.0,0.004153331276029348,0.2507239580154419,0.0,0.002491998765617609
1285,False,normal,0.9357704,1.0084146,0.009999990463256836,0.003780753118917346,0.25210365653038025,0.0019999982323497534,0.0022684518713504075
1286,False,normal,0.9365761,1.0084146,0.0,0.003316323272883892,0.25210365653038025,0.0,0.0019897939637303352
1287,False,normal,0.93577814,1.0096534,0.009999997913837433,0.0030711276922374964,0.2524133622646332,0.0019999996293336153,0.0018426766153424978
1288,False,normal,0.9365621,1.0096534,0.0,0.0027876703534275293,0.2524133622646332,0.0,0.0016726022120565176
1289,False,normal,0.93593395,1.0084146,0.009999997913837433,0.002417554147541523,0.25210365653038025,0.0019999996293336153,0.0014505324885249137
1290,False,normal,0.9366884,1.0084146,0.0,0.0023802577052265406,0.25210365653038025,0.0,0.0014281546231359242
1291,False,normal,0.9366932,1.0084146,0.0,0.002340729581192136,0.25210365653038025,0.0,0.0014044377487152815
1292,False,normal,0.93493026,1.01789,0.014142127707600594,0.003257828764617443,0.2544724941253662,0.00282842549495399,0.0019546972587704656
1293,False,normal,0.9350596,1.0192153,0.01000000536441803,0.004078519530594349,0.2548038363456726,0.0020000010263174772,0.002447111718356609
1294,False,normal,0.9339013,1.0195097,0.02449488639831543,0.00451853359118104,0.2548774182796478,0.004898977465927601,0.002711120154708624
1295,False,normal,0.93249536,1.0302427,0.03162277489900589,0.0061898319981992245,0.257560670375824,0.00632455525919795,0.0037138991989195346
1296,False,normal,0.9314165,1.0418253,0.03162277489900589,0.009147288277745247,0.2604563236236572,0.00632455525919795,0.005488372966647148
1297,False,normal,0.9292797,1.0566456,0.04123106226325035,0.01323056872934103,0.2641614079475403,0.00824621319770813,0.007938341237604618
1298,False,normal,0.92873085,1.075221,0.024494897574186325,0.0185895636677742,0.26880523562431335,0.00489897932857275,0.01115373820066452
1299,False,normal,0.92377657,1.0979981,0.060827624052762985,0.02530379593372345,0.2744995355606079,0.012165524996817112,0.015182277560234068
1300,False,normal,0.9218224,1.1322103,0.04358898103237152,0.034543734043836594,0.28305256366729736,0.008717796765267849,0.020726240426301955
1301,False,normal,0.921533,1.1410083,0.028284266591072083,0.04193919524550438,0.28525206446647644,0.0056568533182144165,0.025163517147302628
1302,False,normal,0.92179984,1.1430223,0.014142122119665146,0.04750527814030647,0.28575557470321655,0.0028284243308007717,0.028503166884183882
1303,False,normal,0.91852754,1.1631423,0.031622812151908875,0.05336946249008179,0.2907855808734894,0.006324562709778547,0.03202167749404907
1304,False,normal,0.917579,1.1676472,0.03316624090075493,0.057963162660598755,0.2919118106365204,0.006633248645812273,0.03477789759635925
1305,False,normal,0.9145525,1.1709825,0.06480742990970612,0.061671044677495956,0.2927456200122833,0.012961486354470253,0.037002626806497574
1306,False,normal,0.915184,1.1694871,0.05385160818696022,0.0640348419547081,0.2923717796802521,0.010770322754979134,0.03842090517282486
1307,False,normal,0.91856956,1.1550325,0.020000040531158447,0.06450743228197098,0.28875812888145447,0.004000008571892977,0.038704459369182584
1308,False,normal,0.919847,1.1275195,0.028284244239330292,0.06301387399435043,0.28187987208366394,0.005656848661601543,0.037808324396610256
1309,False,normal,0.9212439,1.1080613,0.030000030994415283,0.060435280203819275,0.2770153284072876,0.006000006105750799,0.03626116812229156
1310,False,normal,0.9228534,1.0730331,0.04242636635899544,0.05750032141804695,0.268258273601532,0.008485273458063602,0.03450019285082817
1311,False,normal,0.92506045,1.0402404,0.04358900710940361,0.05546126887202263,0.2600601017475128,0.008717801421880722,0.033276761323213576
1312,False,normal,0.92590225,1.01789,0.050990164279937744,0.05546126887202263,0.2544724941253662,0.010198032483458519,0.033276761323213576
1313,False,normal,0.92563355,0.9989494,0.06782331317663193,0.05704476684331894,0.24973733723163605,0.01356466393917799,0.03422686010599136
1314,False,normal,0.92669344,0.9815803,0.06324554234743118,0.060119856148958206,0.24539507925510406,0.012649109587073326,0.03607191368937492
1315,False,normal,0.9276753,0.9681941,0.0538516640663147,0.06478055566549301,0.24204851686954498,0.010770333930850029,0.0388683333992958
1316,False,normal,0.9278187,0.97118485,0.04242640361189842,0.06916894763708115,0.24279621243476868,0.0084852809086442,0.041501368582248684
1317,False,normal,0.92857695,0.9560858,0.036055490374565125,0.07469604164361954,0.2390214502811432,0.007211098447442055,0.04481762498617172
1318,False,normal,0.92842525,0.9477341,0.03605552017688751,0.0803101509809494,0.23693352937698364,0.0072111040353775024,0.04818609058856964
1319,False,normal,0.92974555,0.9436101,0.014142127707600594,0.0851515382528305,0.23590250313282013,0.00282842549495399,0.0510909229516983
1320,False,normal,0.928759,0.9359487,0.028284281492233276,0.08852413296699524,0.23398718237876892,0.005656856577843428,0.05311447978019714
1321,False,normal,0.92643833,0.9394147,0.05385163426399231,0.09007798880338669,0.23485367000102997,0.010770326480269432,0.05404679328203201
1322,False,normal,0.92765325,0.9390953,0.037416595965623856,0.09039223939180374,0.23477382957935333,0.007483319379389286,0.05423534363508224
1323,False,normal,0.9284059,0.94768137,0.02449488639831543,0.08772411942481995,0.2369203418493271,0.004898977465927601,0.05263447165489197
1324,False,normal,0.92941636,0.95304775,0.014142143540084362,0.08297915011644363,0.23826193809509277,0.002828428987413645,0.04978749006986618
1325,False,normal,0.9299177,0.9585927,0.014142122119665146,0.07591360807418823,0.23964817821979523,0.0028284243308007717,0.04554816484451294
1326,False,normal,0.93027544,0.960937,0.02236068621277809,0.06657467037439346,0.24023425579071045,0.004472137428820133,0.039944802224636075
1327,False,normal,0.9306134,0.9762685,0.02236071228981018,0.055772941559553146,0.24406711757183075,0.004472142551094294,0.03346376493573189
1328,False,normal,0.93210846,0.97190535,0.02236069180071354,0.04558652639389038,0.2429763376712799,0.004472138825803995,0.02735191583633423
1329,False,normal,0.93325984,0.9802551,0.01732049137353897,0.034793321043252945,0.24506376683712006,0.0034640985541045666,0.020875992625951766
1330,False,normal,0.93300575,0.99368,0.022360673174262047,0.026768246665596962,0.24842000007629395,0.004472134634852409,0.016060947999358175
1331,False,normal,0.93332326,1.002447,0.017320500686764717,0.022706326097249985,0.2506117522716522,0.003464100183919072,0.01362379565834999
1332,False,normal,0.9337736,1.0020479,0.014142153784632683,0.021147925406694412,0.2505119740962982,0.002828430850058794,0.012688755244016647
1333,False,normal,0.9342384,0.99949986,0.009999990463256836,0.021190540865063667,0.24987496435642242,0.0019999982323497534,0.0127143245190382
1334,False,normal,0.9348712,0.99949986,0.0,0.02216722071170807,0.24987496435642242,0.0,0.01330033242702484
1335,False,normal,0.9345004,0.98762345,0.014142133295536041,0.0226040780544281,0.2469058632850647,0.0028284266591072083,0.01356244683265686
1336,False,normal,0.93364525,0.99939984,0.014142122119665146,0.02359701320528984,0.24984996020793915,0.0028284243308007717,0.014158207923173904
1337,False,normal,0.9338943,0.9946859,0.014142122119665146,0.02397690899670124,0.24867147207260132,0.0028284243308007717,0.014386145398020744
1338,False,normal,0.93406373,0.99704564,0.009999990463256836,0.023924237117171288,0.24926140904426575,0.0019999982323497534,0.014354542270302771
1339,False,normal,0.9342926,0.9946859,0.009999990463256836,0.02324605919420719,0.24867147207260132,0.0019999982323497534,0.013947635516524315
1340,False,normal,0.93524456,0.9946859,0.0,0.021563056856393814,0.24867147207260132,0.0,0.012937834113836288
1341,False,normal,0.9348682,0.99242127,0.01000000536441803,0.019628681242465973,0.24810530245304108,0.0020000010263174772,0.011777208745479583
1342,False,normal,0.93502486,0.9947864,0.009999990463256836,0.01709187775850296,0.24869659543037415,0.0019999982323497534,0.010255126655101776
1343,False,normal,0.9354308,0.9926228,0.01000000536441803,0.014835275709629059,0.24815569818019867,0.0020000010263174772,0.008901165425777435
1344,False,normal,0.9364484,0.9926228,0.0,0.012605490162968636,0.24815569818019867,0.0,0.007563294097781181
1345,False,normal,0.9351837,0.99015146,0.022360678762197495,0.01045672781765461,0.24753786623477936,0.004472136031836271,0.0062740366905927655
1346,False,normal,0.93654776,0.98797774,0.01000000536441803,0.007946796715259552,0.24699442088603973,0.0020000010263174772,0.004768078029155731
1347,False,normal,0.93587554,0.9954396,0.014142122119665146,0.007073672488331795,0.24885989725589752,0.0028284243308007717,0.004244203492999077
1348,False,normal,0.93716973,0.9954396,0.0,0.005127437878400087,0.24885989725589752,0.0,0.003076462727040052
1349,False,normal,0.93669033,0.9932774,0.01000000536441803,0.003998720087110996,0.2483193427324295,0.0020000010263174772,0.0023992320522665976
1350,False,normal,0.9363667,0.9934787,0.014142143540084362,0.004002286586910486,0.24836967885494232,0.002828428987413645,0.0024013719521462917
1351,False,normal,0.93618286,0.9898485,0.019999995827674866,0.0037636877968907356,0.24746210873126984,0.003999999258667231,0.0022582126781344413
1352,False,normal,0.936871,0.98086697,0.017320508137345314,0.0043813190422952175,0.2452167421579361,0.0034641018137335777,0.0026287914253771303
1353,False,normal,0.9358318,0.97882587,0.03162277489900589,0.005165915470570326,0.24470646679401398,0.00632455525919795,0.0030995492823421953
1354,False,normal,0.9362725,0.9826495,0.022360675036907196,0.00529053620994091,0.2456623762845993,0.004472135100513697,0.003174321725964546
1355,False,normal,0.9370187,0.98534256,0.010000020265579224,0.005394848063588142,0.24633564054965973,0.0020000042859464884,0.0032369088381528854
1356,False,normal,0.93579274,0.9907573,0.022360678762197495,0.0050658658146858215,0.24768932163715363,0.004472136031836271,0.0030395194888114927
1357,False,normal,0.93578446,0.9937807,0.019999995827674866,0.005035618785768747,0.24844516813755035,0.003999999258667231,0.003021371271461248
1358,False,normal,0.93558216,0.99443454,0.02236068621277809,0.004905071575194597,0.24860863387584686,0.004472137428820133,0.002943042945116758
1359,False,normal,0.9359406,0.9888377,0.022360673174262047,0.004832810256630182,0.24720942974090576,0.004472134634852409,0.002899686153978109
1360,False,normal,0.93624806,0.98371744,0.022360673174262047,0.004937938414514065,0.24592936038970947,0.004472134634852409,0.002962763048708439
1361,False,normal,0.9352773,0.98818016,0.03162278234958649,0.004914572928100824,0.24704502522945404,0.0063245571218431,0.0029487437568604946
1362,False,normal,0.936754,0.9907573,0.009999990463256836,0.004780730232596397,0.24768932163715363,0.0019999982323497534,0.0028684381395578384
1363,False,normal,0.9367505,0.9815804,0.017320508137345314,0.005014402791857719,0.24539509415626526,0.0034641018137335777,0.0030086416751146316
1364,False,normal,0.937185,0.9726253,0.017320534214377403,0.006057343445718288,0.2431563287973404,0.003464106936007738,0.003634406067430973
1365,False,normal,0.9367972,0.97082436,0.022360673174262047,0.007076719310134649,0.2427060902118683,0.004472134634852409,0.00424603158608079
1366,False,normal,0.9374882,0.9623928,0.01732051745057106,0.008859887719154358,0.24059820175170898,0.0034641034435480833,0.005315932631492615
1367,False,normal,0.9375501,0.96343136,0.014142122119665146,0.009789634495973587,0.24085783958435059,0.0028284243308007717,0.005873780697584152
1368,False,normal,0.93589103,0.9664885,0.03316624090075493,0.010133249685168266,0.24162212014198303,0.006633248645812273,0.006079949811100959
1369,False,normal,0.9345758,0.97539735,0.04358898848295212,0.009939105249941349,0.24384933710098267,0.008717798627912998,0.005963463149964809
1370,False,normal,0.936037,0.97549987,0.02449488639831543,0.009642738848924637,0.24387496709823608,0.004898977465927601,0.005785643309354782
1371,False,normal,0.9363954,0.9508943,0.037416599690914154,0.011395571753382683,0.23772357404232025,0.007483320310711861,0.00683734305202961
1372,False,normal,0.9378542,0.9403723,0.02236068621277809,0.014129415154457092,0.23509307205677032,0.004472137428820133,0.008477649092674256
1373,False,normal,0.9378438,0.9207063,0.03162277489900589,0.018669364973902702,0.23017656803131104,0.00632455525919795,0.01120161898434162
1374,False,normal,0.93702364,0.9111531,0.04358898848295212,0.023000793531537056,0.2277882695198059,0.008717798627912998,0.013800476118922234
1375,False,normal,0.93762636,0.90077746,0.03741656243801117,0.027239855378866196,0.22519436478614807,0.007483312394469976,0.016343913227319717
1376,False,normal,0.93761796,0.9004998,0.03316626325249672,0.030111268162727356,0.22512494027614594,0.006633252836763859,0.018066760897636414
1377,False,normal,0.93461615,0.90088844,0.06999997794628143,0.03190288320183754,0.22522211074829102,0.013999995775520802,0.019141729921102524
1378,False,normal,0.93280816,0.89827615,0.09433980286121368,0.033117592334747314,0.22456903755664825,0.018867962062358856,0.019870555400848387
1379,False,normal,0.58416295,2.277828,1.9849936962127686,0.29110977053642273,0.7416741847991943,0.3554278612136841,0.17466586232185363
1380,False,normal,0.5076302,3.7543306,1.7147886753082275,0.6635168194770813,0.9631496071815491,0.32454729080200195,0.3654067277908325
1381,False,normal,0.5666818,2.258362,1.6162301301956177,0.7040466666221619,0.7387542724609375,0.31328344345092773,0.38161866664886473
1382,False,normal,0.6727842,1.1857065,1.689881682395935,0.7021709680557251,0.2964266240596771,0.321700781583786,0.38086838722229005
1383,False,normal,0.74137574,1.5001667,0.9324162006378174,0.7021527290344238,0.45008331537246704,0.1864832490682602,0.3808610916137695
1384,False,normal,0.81966436,1.0522833,0.5134198665618896,0.7007680535316467,0.26307082176208496,0.10268397629261017,0.3803072214126587
1385,False,normal,0.83784705,0.8497647,0.43657761812210083,0.7037416696548462,0.21244117617607117,0.08731552958488464,0.3814966678619385
1386,False,normal,0.86334103,0.84835136,0.09486832469701767,0.7065237164497375,0.21208783984184265,0.018973665311932564,0.382609486579895
1387,False,normal,0.85895836,0.8835157,0.12206555902957916,0.7083373069763184,0.2208789438009262,0.024413112550973892,0.38333492279052733
1388,False,normal,0.8400774,1.0432642,0.2420743703842163,0.707037627696991,0.2608160376548767,0.04841487482190132,0.3828150510787964
1389,False,normal,0.8273584,1.2370126,0.22226111590862274,0.7043176293373108,0.31850630044937134,0.04445222392678261,0.3817270517349243
1390,False,normal,0.8326148,1.2861571,0.07348469644784927,0.7013025879859924,0.3430785536766052,0.0146969398483634,0.38052103519439695
1391,False,normal,0.8397444,1.2340989,0.06928202509880066,0.697463870048523,0.31704944372177124,0.013856405392289162,0.3789855480194092
1392,False,normal,0.84506655,1.1318127,0.11575839668512344,0.6939157247543335,0.2829531729221344,0.023151680827140808,0.3775662899017334
1393,False,normal,0.8499781,1.0435038,0.12688575685024261,0.6910811066627502,0.260875940322876,0.025377152487635612,0.3764324426651001
1394,False,normal,0.8543208,0.99267316,0.11357817053794861,0.6889840960502625,0.24816828966140747,0.02271563559770584,0.37559363842010496
1395,False,normal,0.858375,0.9752949,0.07615771889686584,0.6869651675224304,0.24382372200489044,0.015231545083224773,0.37478606700897216
1396,False,normal,0.8607798,0.9593227,0.059160809963941574,0.6853180527687073,0.23983067274093628,0.0118321618065238,0.3741272211074829
1397,False,normal,0.8633317,0.9479452,0.036055512726306915,0.6839695572853088,0.23698629438877106,0.007211103104054928,0.3735878229141235
1398,False,normal,0.8658973,0.9345587,0.014142164029181004,0.6829012632369995,0.2336396723985672,0.0028284327127039433,0.3731605052947998
1399,False,normal,0.8671446,0.9437161,0.02449491061270237,0.6504500508308411,0.23592902719974518,0.004898982122540474,0.3601800203323364
1400,False,normal,0.9010107,0.95168275,0.033166252076625824,0.30851390957832336,0.23792068660259247,0.006633250508457422,0.185108345746994
1401,False,normal,0.91673666,0.9646761,0.04582574591040611,0.1627846360206604,0.2411690205335617,0.009165149182081223,0.09767078161239624
1402,False,normal,0.9179441,0.9667471,0.03162276744842529,0.16052089631557465,0.24168677628040314,0.006324553396552801,0.09631253778934479
1403,False,normal,0.92318654,0.98051006,0.014142122119665146,0.12059126049280167,0.24512751400470734,0.0028284243308007717,0.072354756295681
1404,False,normal,0.92347926,0.97611475,0.014142127707600594,0.12044087052345276,0.24402868747711182,0.00282842549495399,0.07226452231407166
1405,False,normal,0.92435384,0.97718984,0.009999997913837433,0.11518187820911407,0.24429745972156525,0.0019999996293336153,0.06910912692546844
1406,False,normal,0.9230087,0.99332774,0.02449488639831543,0.10892684012651443,0.2483319342136383,0.004898977465927601,0.06535610407590865
1407,False,normal,0.9225309,1.009802,0.024494923651218414,0.10432826727628708,0.25245049595832825,0.004898984916508198,0.06259696036577224
1408,False,normal,0.9221273,1.0249878,0.017320526763796806,0.10426594316959381,0.256246954202652,0.003464105539023876,0.06255956590175628
1409,False,normal,0.92291737,1.0386529,0.014142122119665146,0.0925513505935669,0.2596632242202759,0.0028284243308007717,0.05553081035614014
1410,False,normal,0.92466205,1.0508568,0.01732049137353897,0.06966973096132278,0.2627142071723938,0.0034640985541045666,0.04180183857679367
1411,False,normal,0.928039,1.0440786,0.014142133295536041,0.04704511910676956,0.26101964712142944,0.0028284266591072083,0.028227071464061736
1412,False,normal,0.92990106,1.0344564,0.014142133295536041,0.03653943911194801,0.25861409306526184,0.0028284266591072083,0.021923663467168807
1413,False,normal,0.93076396,1.0195098,0.01732049509882927,0.03514700010418892,0.2548774480819702,0.003464099019765854,0.02108820006251335
1414,False,normal,0.9313157,1.0183811,0.009999997913837433,0.03571221977472305,0.2545952796936035,0.0019999996293336153,0.02142733186483383
1415,False,normal,0.9320285,1.0183811,0.0,0.03602276369929314,0.2545952796936035,0.0,0.021613658219575883
1416,False,normal,0.93163556,1.0090095,0.014142169617116451,0.03533896058797836,0.25225237011909485,0.0028284338768571615,0.021203376352787018
1417,False,normal,0.931406,1.0155294,0.014142127707600594,0.03385615348815918,0.25388234853744507,0.00282842549495399,0.02031369209289551
1418,False,normal,0.93160534,1.0183811,0.014142164029181004,0.03070998564362526,0.2545952796936035,0.0028284327127039433,0.018425991386175154
1419,False,normal,0.93243045,1.0111874,0.014142169617116451,0.02758074179291725,0.25279685854911804,0.0028284338768571615,0.01654844507575035
1420,False,normal,0.9334371,1.0057833,0.009999990463256836,0.02459527924656868,0.25144582986831665,0.0019999982323497534,0.014757167547941208
1421,False,normal,0.93377626,0.9992997,0.014142169617116451,0.022557195276021957,0.24982492625713348,0.0028284338768571615,0.013534317165613175
1422,False,normal,0.93509513,0.9992997,0.0,0.020405352115631104,0.24982492625713348,0.0,0.012243211269378662
1423,False,normal,0.93493515,0.98559624,0.014142122119665146,0.0200367271900177,0.24639905989170074,0.0028284243308007717,0.01202203631401062
1424,False,normal,0.93527496,0.9867624,0.009999997913837433,0.019186535850167274,0.24669060111045837,0.0019999996293336153,0.011511921510100364
1425,False,normal,0.93490744,0.9951884,0.009999990463256836,0.01786099001765251,0.24879710376262665,0.0019999982323497534,0.010716594010591506
1426,False,normal,0.93443406,1.0036434,0.010000050067901611,0.01740182936191559,0.25091084837913513,0.0020000101067125797,0.010441097617149352
1427,False,normal,0.9343445,1.004888,0.009999997913837433,0.017499979585409164,0.25122201442718506,0.0019999996293336153,0.010499987751245499
1428,False,normal,0.9351031,1.004888,0.0,0.017428234219551086,0.25122201442718506,0.0,0.010456940531730652
1429,False,normal,0.9352157,1.004888,0.0,0.016489902511239052,0.25122201442718506,0.0,0.00989394150674343
1430,False,normal,0.9344629,1.0100989,0.009999990463256836,0.013799121603369713,0.252524733543396,0.0019999982323497534,0.008279472962021828
1431,False,normal,0.93484163,1.0088607,0.009999997913837433,0.011288028210401535,0.252215176820755,0.0019999996293336153,0.006772816926240921
1432,False,normal,0.93514216,1.0024968,0.014142127707600594,0.009509456343948841,0.2506242096424103,0.00282842549495399,0.005705673806369304
1433,False,normal,0.93414557,1.0151354,0.01732049509882927,0.009245232678949833,0.25378385186195374,0.003464099019765854,0.0055471396073699
1434,False,normal,0.93434864,1.0203921,0.010000050067901611,0.009390384890139103,0.25509801506996155,0.0020000101067125797,0.005634230934083461
1435,False,normal,0.9345333,1.0130153,0.014142127707600594,0.009104705415666103,0.2532538175582886,0.00282842549495399,0.005462823249399662
1436,False,normal,0.9355804,1.0130153,0.0,0.009218279272317886,0.2532538175582886,0.0,0.005530967563390732
1437,False,normal,0.9355942,1.0130153,0.0,0.009102766402065754,0.2532538175582886,0.0,0.005461659841239452
1438,False,normal,0.93450886,1.0183811,0.009999990463256836,0.009102766402065754,0.2545952796936035,0.0019999982323497534,0.005461659841239452
1439,False,normal,0.93438816,1.0195098,0.009999997913837433,0.009520543739199638,0.2548774480819702,0.0019999996293336153,0.005712326243519783
1440,False,normal,0.9344154,1.0183811,0.009999997913837433,0.009881514124572277,0.2545952796936035,0.0019999996293336153,0.005928908474743366
1441,False,normal,0.9347593,1.0130153,0.009999990463256836,0.009810247458517551,0.2532538175582886,0.0019999982323497534,0.005886148475110531
1442,False,normal,0.93552375,1.0130153,0.0,0.00969004724174738,0.2532538175582886,0.0,0.005814028345048427
1443,False,normal,0.9356999,1.0130153,0.0,0.008222208358347416,0.2532538175582886,0.0,0.004933325015008449
1444,False,normal,0.93592346,1.0130153,0.0,0.0063591524958610535,0.2532538175582886,0.0,0.003815491497516632
1445,False,normal,0.9352336,1.0141499,0.009999997913837433,0.005266759544610977,0.25353747606277466,0.0019999996293336153,0.0031600557267665863
1446,False,normal,0.93559915,1.0088607,0.010000050067901611,0.004975415766239166,0.252215176820755,0.0020000101067125797,0.0029852494597434995
1447,False,normal,0.93637526,1.0088607,0.0,0.004758004564791918,0.252215176820755,0.0,0.0028548027388751508
1448,False,normal,0.93640363,1.0088607,0.0,0.004521453287452459,0.252215176820755,0.0,0.0027128719724714757
1449,False,normal,0.93536407,1.0141499,0.010000050067901611,0.00417958153411746,0.25353747606277466,0.0020000101067125797,0.002507748920470476
1450,False,normal,0.93611956,1.0141499,0.0,0.004133820999413729,0.25353747606277466,0.0,0.002480292599648237
1451,False,normal,0.9357001,1.0088607,0.010000050067901611,0.004133820999413729,0.252215176820755,0.0020000101067125797,0.002480292599648237
1452,False,normal,0.935838,1.0077202,0.009999997913837433,0.0035794090945273638,0.2519300580024719,0.0019999996293336153,0.0021476454567164183
1453,False,normal,0.9362307,0.9992997,0.010000050067901611,0.004692194052040577,0.24982492625713348,0.0020000101067125797,0.002815316431224346
1454,False,normal,0.93535715,1.0088607,0.014142169617116451,0.00440306356176734,0.252215176820755,0.0028284338768571615,0.002641838137060404
1455,False,normal,0.9364121,1.0088607,0.0,0.004450726788491011,0.252215176820755,0.0,0.0026704360730946063
1456,False,normal,0.9359482,1.0036434,0.009999990463256836,0.004784224089235067,0.25091084837913513,0.0019999982323497534,0.0028705344535410403
1457,False,normal,0.9354193,1.0121264,0.009999990463256836,0.0047729541547596455,0.2530316114425659,0.0019999982323497534,0.002863772492855787
1458,False,normal,0.9353438,1.0088607,0.014142122119665146,0.004514417611062527,0.252215176820755,0.0028284243308007717,0.002708650566637516
1459,False,normal,0.93645793,1.0088607,0.0,0.004068936686962843,0.252215176820755,0.0,0.0024413620121777058
1460,False,normal,0.9365103,1.0088607,0.0,0.0036324940156191587,0.252215176820755,0.0,0.002179496409371495
1461,False,normal,0.93651855,1.0088607,0.0,0.0035638222470879555,0.252215176820755,0.0,0.0021382933482527733
1462,False,normal,0.93652844,1.0088607,0.0,0.0034814272075891495,0.252215176820755,0.0,0.0020888563245534896
1463,False,normal,0.93654007,1.0088607,0.0,0.00338430842384696,0.252215176820755,0.0,0.002030585054308176
1464,False,normal,0.93655366,1.0088607,0.0,0.0032711541280150414,0.252215176820755,0.0,0.001962692476809025
1465,False,normal,0.9362302,0.9951884,0.014142164029181004,0.004249019548296928,0.24879710376262665,0.0028284327127039433,0.002549411728978157
1466,False,normal,0.93719053,0.9951884,0.0,0.0050849709659814835,0.24879710376262665,0.0,0.00305098257958889
1467,False,normal,0.93642205,0.99403214,0.009999997913837433,0.00584125891327858,0.2485080361366272,0.0019999996293336153,0.0035047553479671477
1468,False,normal,0.9358877,1.0024968,0.010000050067901611,0.005885240621864796,0.2506242096424103,0.0020000101067125797,0.0035311443731188773
1469,False,normal,0.9366654,1.0024968,0.0,0.005654540844261646,0.2506242096424103,0.0,0.0033927245065569875
1470,False,normal,0.9352409,1.0088607,0.014142127707600594,0.005372007377445698,0.252215176820755,0.00282842549495399,0.0032232044264674186
1471,False,normal,0.9351871,1.0141499,0.010000050067901611,0.005654540844261646,0.25353747606277466,0.0020000101067125797,0.0033927245065569875
1472,False,normal,0.9359036,1.0141499,0.0,0.0059334589168429375,0.25353747606277466,0.0,0.0035600753501057623
1473,False,normal,0.9358994,1.0141499,0.0,0.005968966521322727,0.25353747606277466,0.0,0.0035813799127936362
1474,False,normal,0.9358755,1.0141499,0.0,0.006167762912809849,0.25353747606277466,0.0,0.0037006577476859093
1475,False,normal,0.93545604,1.0088607,0.010000050067901611,0.006167762912809849,0.252215176820755,0.0020000101067125797,0.0037006577476859093
1476,False,normal,0.93621093,1.0088607,0.0,0.006127267610281706,0.252215176820755,0.0,0.003676360566169023
1477,False,normal,0.93622136,1.0088607,0.0,0.006040348671376705,0.252215176820755,0.0,0.003624209202826023
1478,False,normal,0.93622136,1.0088607,0.0,0.006040348671376705,0.252215176820755,0.0,0.003624209202826023
1479,False,normal,0.93622136,1.0088607,0.0,0.006040348671376705,0.252215176820755,0.0,0.003624209202826023
1480,False,normal,0.93622136,1.0088607,0.0,0.006040348671376705,0.252215176820755,0.0,0.003624209202826023
1481,False,normal,0.93622136,1.0088607,0.0,0.006040348671376705,0.252215176820755,0.0,0.003624209202826023
1482,False,normal,0.93622136,1.0088607,0.0,0.006040348671376705,0.252215176820755,0.0,0.003624209202826023
1483,False,normal,0.93622136,1.0088607,0.0,0.006040348671376705,0.252215176820755,0.0,0.003624209202826023
1484,False,normal,0.93622136,1.0088607,0.0,0.006040348671376705,0.252215176820755,0.0,0.003624209202826023
1485,False,normal,0.9363002,1.0088607,0.0,0.005383186507970095,0.252215176820755,0.0,0.003229911904782057
1486,False,normal,0.93558186,1.004888,0.014142127707600594,0.004599940963089466,0.25122201442718506,0.00282842549495399,0.0027599645778536796
1487,False,normal,0.9367925,1.004888,0.0,0.0033500168938189745,0.25122201442718506,0.0,0.0020100101362913844
1488,False,normal,0.9361325,1.0036434,0.009999997913837433,0.0032484810799360275,0.25091084837913513,0.0019999996293336153,0.0019490886479616165
1489,False,normal,0.9368952,1.0036434,0.0,0.0031426220666617155,0.25091084837913513,0.0,0.0018855732399970292
1490,False,normal,0.9358191,1.0088607,0.009999990463256836,0.0031426220666617155,0.252215176820755,0.0019999982323497534,0.0018855732399970292
1491,False,normal,0.93631077,1.0004499,0.010000050067901611,0.003425692906603217,0.25011247396469116,0.0020000101067125797,0.0020554157439619304
1492,False,normal,0.937045,1.0004499,0.0,0.0035575577057898045,0.25011247396469116,0.0,0.0021345346234738828
1493,False,normal,0.9358067,1.0088607,0.010000050067901611,0.0032459688372910023,0.252215176820755,0.0020000101067125797,0.0019475813023746014
1494,False,normal,0.936601,1.0088607,0.0,0.002876896411180496,0.252215176820755,0.0,0.0017261378467082976
1495,False,normal,0.936601,1.0088607,0.0,0.002876896411180496,0.252215176820755,0.0,0.0017261378467082976
1496,False,normal,0.936601,1.0088607,0.0,0.002876896411180496,0.252215176820755,0.0,0.0017261378467082976
1497,False,normal,0.936601,1.0088607,0.0,0.002876896411180496,0.252215176820755,0.0,0.0017261378467082976
1498,False,normal,0.9362792,0.9951884,0.014142164029181004,0.00384048861451447,0.24879710376262665,0.0028284327127039433,0.002304293168708682
1499,False,normal,0.93624103,1.0004499,0.009999990463256836,0.004006774630397558,0.25011247396469116,0.0019999982323497534,0.002404064778238535
1500,False,normal,0.93573385,1.0036434,0.014142164029181004,0.003981563728302717,0.25091084837913513,0.0028284327127039433,0.0023889382369816302
1501,False,normal,0.93679965,1.0036434,0.0,0.00393895385786891,0.25091084837913513,0.0,0.0023633723147213456
1502,False,normal,0.93572354,1.0088607,0.009999990463256836,0.00393895385786891,0.252215176820755,0.0019999982323497534,0.0023633723147213456
1503,False,normal,0.935109,1.0173004,0.009999990463256836,0.004664367064833641,0.25432509183883667,0.0019999982323497534,0.0027986202389001847
1504,False,normal,0.9357878,1.0173004,0.0,0.005257484503090382,0.25432509183883667,0.0,0.003154490701854229
1505,False,normal,0.9357276,1.0173004,0.0,0.005759324878454208,0.25432509183883667,0.0,0.003455594927072525
1506,False,normal,0.9355049,1.0088607,0.009999990463256836,0.005760510452091694,0.252215176820755,0.0019999982323497534,0.0034563062712550164
1507,False,normal,0.93625563,1.0088607,0.0,0.005754843354225159,0.252215176820755,0.0,0.0034529060125350953
1508,False,normal,0.9362612,1.0088607,0.0,0.005708586890250444,0.252215176820755,0.0,0.0034251521341502667
1509,False,normal,0.9362682,1.0088607,0.0,0.0056499214842915535,0.252215176820755,0.0,0.003389952890574932
1510,False,normal,0.9362682,1.0088607,0.0,0.0056499214842915535,0.252215176820755,0.0,0.003389952890574932
1511,False,normal,0.93629754,1.0088607,0.0,0.0054053510539233685,0.252215176820755,0.0,0.003243210632354021
1512,False,normal,0.93550366,1.0100989,0.009999997913837433,0.005126180127263069,0.252524733543396,0.0019999996293336153,0.0030757080763578414
1513,False,normal,0.9354156,1.0114347,0.01000000536441803,0.0051642172038555145,0.2528586685657501,0.0020000010263174772,0.003098530322313309
1514,False,normal,0.93391144,1.0196568,0.022360699251294136,0.0056910733692348,0.25491419434547424,0.004472140222787857,0.0034146440215408803
1515,False,normal,0.9342072,1.0146921,0.02236071228981018,0.005812701769173145,0.2536730170249939,0.004472142551094294,0.0034876210615038873
1516,False,normal,0.9333257,1.0266937,0.022360699251294136,0.0069074323400855064,0.2566734254360199,0.004472140222787857,0.004144459404051303
1517,False,normal,0.92995596,1.0489519,0.04242638871073723,0.010854975320398808,0.2622379660606384,0.008485278114676476,0.006512985192239284
1518,False,normal,0.9295463,1.061367,0.031622759997844696,0.014554469846189022,0.26534175872802734,0.0063245524652302265,0.008732681907713412
1519,False,normal,0.92971873,1.0718676,0.014142143540084362,0.018574008718132973,0.2679668962955475,0.002828428987413645,0.011144405230879784
1520,False,normal,0.92926866,1.0773115,0.009999990463256836,0.022078171372413635,0.26932787895202637,0.0019999982323497534,0.01324690282344818
1521,False,normal,0.9280513,1.0750813,0.024494897574186325,0.024324966594576836,0.26877033710479736,0.00489897932857275,0.0145949799567461
1522,False,normal,0.9283508,1.0603774,0.03162277489900589,0.025032319128513336,0.2650943398475647,0.00632455525919795,0.015019391477108
1523,False,normal,0.92967796,1.0498095,0.02236071228981018,0.02526579052209854,0.2624523639678955,0.004472142551094294,0.015159474313259124
1524,False,normal,0.9295564,1.0294659,0.04123103991150856,0.025080299004912376,0.25736647844314575,0.008246208541095257,0.015048179402947425
1525,False,normal,0.9287809,1.0270833,0.0538516528904438,0.02489597350358963,0.2567708194255829,0.010770331136882305,0.014937584102153777
1526,False,normal,0.9270806,1.0587729,0.05000001937150955,0.02496766485273838,0.2646932303905487,0.010000004433095455,0.014980598911643028
1527,False,normal,0.92619944,1.0785639,0.043588969856500626,0.026009757071733475,0.2696409821510315,0.008717793971300125,0.015605854243040083
1528,False,normal,0.92591906,1.1011358,0.024494923651218414,0.028523821383714676,0.27528396248817444,0.004898984916508198,0.017114292830228806
1529,False,normal,0.9252246,1.107926,0.024494897574186325,0.0307740718126297,0.27698150277137756,0.00489897932857275,0.01846444308757782
1530,False,normal,0.9241142,1.1076552,0.03741656243801117,0.03209216892719269,0.2769137918949127,0.007483312394469976,0.01925530135631561
1531,False,normal,0.9239917,1.09,0.05477225407958031,0.0314616821706295,0.27250000834465027,0.010954451747238636,0.0188770093023777
1532,False,normal,0.9244097,1.0827743,0.05744564160704613,0.03007064387202263,0.2706935703754425,0.011489128693938255,0.018042386323213578
1533,False,normal,0.92667013,1.079398,0.03316624090075493,0.028166821226477623,0.2698495090007782,0.006633248645812273,0.016900092735886572
1534,False,normal,0.9275275,1.0817578,0.022360673174262047,0.02654663845896721,0.2704394459724426,0.004472134634852409,0.015927983075380323
1535,False,normal,0.92919934,1.0664427,0.017320500686764717,0.023741280660033226,0.26661068201065063,0.003464100183919072,0.014244768396019935
1536,False,normal,0.92931324,1.0428326,0.03741659224033356,0.022528786212205887,0.26070815324783325,0.007483318913727999,0.013517271727323532
1537,False,normal,0.93051285,1.0256705,0.03316625580191612,0.024127351120114326,0.2564176321029663,0.006633251439779997,0.014476410672068596
1538,False,normal,0.93079495,1.0119783,0.03605550155043602,0.027102205902338028,0.252994567155838,0.007211100775748491,0.016261323541402816
1539,False,normal,0.9291455,0.9986491,0.06324554979801178,0.030795687809586525,0.24966228008270264,0.0126491105183959,0.018477412685751916
1540,False,normal,0.92995095,0.9835141,0.05830953270196915,0.03505152091383934,0.24587851762771606,0.011661906726658344,0.021030912548303603
1541,False,normal,0.928958,0.9812747,0.06782331317663193,0.038546573370695114,0.24531866610050201,0.01356466393917799,0.02312794402241707
1542,False,normal,0.9292012,0.9821405,0.05916079878807068,0.04148320481181145,0.24553512036800385,0.01183215994387865,0.024889922887086868
1543,False,normal,0.9284842,0.9841748,0.06324553489685059,0.04384535551071167,0.24604369699954987,0.012649106793105602,0.026307213306427
1544,False,normal,0.92936814,0.97036076,0.05830952897667885,0.046759337186813354,0.24259018898010254,0.011661906726658344,0.02805560231208801
1545,False,normal,0.9298693,0.9758586,0.04358899965882301,0.048919789493083954,0.24396465718746185,0.008717800490558147,0.02935187369585037
1546,False,normal,0.92924553,0.98325986,0.04358898848295212,0.05026280879974365,0.2458149641752243,0.008717798627912998,0.03015768527984619
1547,False,normal,0.9306221,0.9863569,0.022360658273100853,0.05044617876410484,0.24658922851085663,0.0044721318408846855,0.030267707258462905
1548,False,normal,0.9296958,0.9958915,0.03000001050531864,0.04842511564493179,0.24897287786006927,0.006000002380460501,0.029055069386959075
1549,False,normal,0.93176454,0.99302566,0.009999990463256836,0.045177996158599854,0.2482564002275467,0.0019999982323497534,0.02710679769515991
1550,False,normal,0.93302673,0.99302566,0.0,0.04090968891978264,0.2482564002275467,0.0,0.024545813351869582
1551,False,normal,0.9316015,0.99322706,0.024494899436831474,0.03737245872616768,0.2483067661523819,0.004898980259895325,0.022423475235700607
1552,False,normal,0.9324305,0.99974996,0.014142164029181004,0.03353710472583771,0.2499374896287918,0.0028284327127039433,0.020122262835502624
1553,False,normal,0.9325488,1.0064294,0.014142133295536041,0.02907242253422737,0.25160735845565796,0.0028284266591072083,0.01744345352053642
1554,False,normal,0.9329141,1.0123734,0.014142143540084362,0.022932609543204308,0.2530933618545532,0.002828428987413645,0.013759565725922584
1555,False,normal,0.934049,1.0100495,0.009999990463256836,0.017273996025323868,0.2525123655796051,0.0019999982323497534,0.01036439761519432
1556,False,normal,0.93448895,1.004689,0.014142133295536041,0.013810905627906322,0.2511722445487976,0.0028284266591072083,0.008286543376743793
1557,False,normal,0.9343561,1.0139526,0.009999990463256836,0.01268217246979475,0.253488153219223,0.0019999982323497534,0.00760930348187685
1558,False,normal,0.93449,1.0118301,0.01000000536441803,0.012671705335378647,0.2529575228691101,0.0020000010263174772,0.007603023201227188
1559,False,normal,0.93517333,1.0118301,0.0,0.013227383606135845,0.2529575228691101,0.0,0.007936430163681507
1560,False,normal,0.93460196,1.0088111,0.009999990463256836,0.013311214745044708,0.2522027790546417,0.0019999982323497534,0.007986728847026824
1561,False,normal,0.9348181,1.0058826,0.010000020265579224,0.013035488314926624,0.2514706552028656,0.0020000042859464884,0.007821292988955975
1562,False,normal,0.9345816,0.993076,0.024494880810379982,0.01261725090444088,0.2482690066099167,0.004898976068943739,0.007570350542664528
1563,False,normal,0.9358673,0.99040395,0.010000020265579224,0.012353847734630108,0.2476009875535965,0.0020000042859464884,0.0074123086407780646
1564,False,normal,0.93640214,0.9784171,0.014142122119665146,0.01155119203031063,0.24460427463054657,0.0028284243308007717,0.006930715218186378
1565,False,normal,0.9374914,0.9784171,0.0,0.011312472634017467,0.24460427463054657,0.0,0.0067874835804104805
1566,False,normal,0.937447,0.9784171,0.0,0.011682610027492046,0.24460427463054657,0.0,0.007009566016495228
1567,False,normal,0.9366731,0.9716481,0.014142122119665146,0.012818588875234127,0.24291200935840607,0.0028284243308007717,0.007691153325140476
1568,False,normal,0.93688685,0.9646243,0.014142175205051899,0.014695670455694199,0.24115605652332306,0.00282843504101038,0.008817402273416519
1569,False,normal,0.93705183,0.9577578,0.014142122119665146,0.016897130757570267,0.2394394427537918,0.0028284243308007717,0.01013827845454216
1570,False,normal,0.93611526,0.95671314,0.024494905024766922,0.018775567412376404,0.23917828500270844,0.004898981191217899,0.011265340447425842
1571,False,normal,0.9364071,0.9623409,0.014142122119665146,0.019882820546627045,0.24058522284030914,0.0028284243308007717,0.011929692327976226
1572,False,normal,0.9349749,0.96275645,0.03162277489900589,0.020675677806138992,0.24068911373615265,0.00632455525919795,0.012405406683683395
1573,False,normal,0.93446314,0.9731393,0.030000001192092896,0.020546820014715195,0.24328482151031494,0.0060000005178153515,0.012328092008829117
1574,False,normal,0.9351902,0.9690201,0.024494897574186325,0.02007465250790119,0.24225503206253052,0.00489897932857275,0.012044791504740715
1575,False,normal,0.9363188,0.9640539,0.014142122119665146,0.01972648687660694,0.24101348221302032,0.0028284243308007717,0.011835892125964165
1576,False,normal,0.9371546,0.95524865,0.010000050067901611,0.019936425611376762,0.2388121634721756,0.0020000101067125797,0.011961855366826058
1577,False,normal,0.9376322,0.94249666,0.014142122119665146,0.020009052008390427,0.23562416434288025,0.0028284243308007717,0.012005431205034256
1578,False,normal,0.9381158,0.9183137,0.024494880810379982,0.022104060277342796,0.2295784205198288,0.004898976068943739,0.013262436166405678
1579,False,normal,0.9386682,0.9044888,0.024494905024766922,0.024701377376914024,0.226122185587883,0.004898981191217899,0.014820826426148414
1580,False,normal,0.9370871,0.9003333,0.04582575336098671,0.02670952118933201,0.22508332133293152,0.009165151044726372,0.016025712713599205
1581,False,normal,0.9371175,0.87783825,0.05830955132842064,0.030369630083441734,0.21945956349372864,0.011661911383271217,0.01822177805006504
1582,False,normal,0.9354574,0.87022984,0.08062254637479782,0.03422122076153755,0.21755747497081757,0.016124511137604713,0.02053273245692253
1583,False,normal,0.93515134,0.87005746,0.08062257617712021,0.03686129301786423,0.21751438081264496,0.01612451672554016,0.022116775810718536
1584,False,normal,0.9334626,0.8737277,0.09695360064506531,0.0388154461979866,0.21843191981315613,0.01939072087407112,0.023289267718791962
1585,False,normal,0.9187722,0.9780593,0.20591261982917786,0.03879670053720474,0.2445148080587387,0.04118252545595169,0.023278020322322845
1586,True,sudden,0.6372927,3.9191198,3.9375245571136475,0.6513727307319641,0.9878679513931274,0.5785742998123169,0.36054909229278564
1587,False,normal,0.5419383,2.3351445,1.9627023935317993,0.7051198482513428,0.7502716779708862,0.3528802990913391,0.3820479393005371
1588,False,normal,0.6855346,1.7144387,1.3072106838226318,0.7139970660209656,0.5572193264961243,0.2614421546459198,0.3855988264083862
1589,False,normal,0.7543655,1.3538463,0.991766095161438,0.7127655148506165,0.376923143863678,0.19835323095321655,0.3851062059402466
1590,False,normal,0.832854,1.0512373,0.3271085023880005,0.7113819122314453,0.2628093361854553,0.0654217079281807,0.3845527648925781
1591,False,normal,0.8413006,0.9436101,0.30380913615226746,0.7117258906364441,0.23590250313282013,0.06076183170080185,0.38469035625457765
1592,False,normal,0.8592864,0.8287943,0.15652477741241455,0.7146817445755005,0.20719857513904572,0.03130495548248291,0.3858726978302002
1593,False,normal,0.8526373,0.88887566,0.19339078664779663,0.7162954211235046,0.22221891582012177,0.038678158074617386,0.38651816844940184
1594,False,normal,0.840037,1.0668178,0.21447612345218658,0.7150145173072815,0.2667044401168823,0.04289522394537926,0.3860058069229126
1595,False,normal,0.8444011,1.1456438,0.09273616224527359,0.7130113244056702,0.28641095757484436,0.018547233194112778,0.38520452976226804
1596,False,normal,0.8505738,1.1315918,0.024494890123605728,0.7108079791069031,0.28289794921875,0.0048989783972501755,0.38432319164276124
1597,False,normal,0.84995276,1.0942119,0.06633248925209045,0.708550751209259,0.2735529839992523,0.01326649822294712,0.3834203004837036
1598,False,normal,0.85429823,1.0360502,0.05916079133749008,0.7063949704170227,0.2590125501155853,0.011832159012556076,0.3825579881668091
1599,False,normal,0.8565425,0.9948367,0.06557438522577286,0.704526424407959,0.24870915710926056,0.013114877045154572,0.3818105697631836
1600,False,normal,0.85604954,1.0001,0.07000000029802322,0.7024275064468384,0.2500250041484833,0.014000000432133675,0.38097100257873534
1601,False,normal,0.8559598,1.0124723,0.06403125077486038,0.6994799375534058,0.2531180679798126,0.012806250713765621,0.3797919750213623
1602,False,normal,0.8578353,1.014002,0.04123104736208916,0.6962152719497681,0.25350049138069153,0.008246210403740406,0.37848610877990724
1603,False,normal,0.8601026,1.0044402,0.02236071787774563,0.693035364151001,0.2511100471019745,0.004472143482416868,0.3772141456604004
1604,False,normal,0.86086357,0.9887872,0.028284255415201187,0.6901990175247192,0.24719679355621338,0.00565685098990798,0.3760796070098877
1605,False,normal,0.8594643,0.9865597,0.048989783972501755,0.6900186538696289,0.2466399222612381,0.009797956794500351,0.3760074615478516
1606,False,normal,0.896262,0.9796428,0.03741659224033356,0.33086737990379333,0.24491070210933685,0.007483318913727999,0.198520427942276
1607,False,normal,0.91623956,0.97308785,0.014142127707600594,0.18234814703464508,0.24327196180820465,0.00282842549495399,0.10940888822078705
1608,False,normal,0.9259881,0.96669537,0.014142127707600594,0.10443972796201706,0.24167384207248688,0.00282842549495399,0.06266383677721023
1609,False,normal,0.93021864,0.96046865,0.014142127707600594,0.07242859154939651,0.240117147564888,0.00282842549495399,0.043457154929637906
1610,False,normal,0.92913413,0.97519225,0.01732049509882927,0.07181071490049362,0.24379806220531464,0.003464099019765854,0.04308642894029617
1611,False,normal,0.92909765,0.9815294,0.014142127707600594,0.07080106437206268,0.24538235366344452,0.00282842549495399,0.04248063862323761
1612,False,normal,0.92992604,0.9912618,0.014142127707600594,0.058828920125961304,0.24781544506549835,0.00282842549495399,0.03529735207557678
1613,False,normal,0.9296547,1.0016985,0.019999980926513672,0.051993001252412796,0.2504246234893799,0.003999996464699507,0.031195800751447678
1614,False,normal,0.93023366,1.0070252,0.010000050067901611,0.0506436787545681,0.25175631046295166,0.0020000101067125797,0.030386207252740858
1615,False,normal,0.9322182,1.0070252,0.0,0.04035616293549538,0.25175631046295166,0.0,0.024213697761297226
1616,False,normal,0.9323523,1.0111874,0.014142127707600594,0.028231855481863022,0.25279685854911804,0.00282842549495399,0.01693911328911781
1617,False,normal,0.9345993,1.0111874,0.0,0.018345866352319717,0.25279685854911804,0.0,0.01100751981139183
1618,False,normal,0.93485,1.0111874,0.0,0.0162565428763628,0.25279685854911804,0.0,0.00975392572581768
1619,False,normal,0.9347983,1.0111874,0.0,0.0166875422000885,0.25279685854911804,0.0,0.0100125253200531
1620,False,normal,0.93475634,1.0111874,0.0,0.017037004232406616,0.25279685854911804,0.0,0.01022220253944397
1621,False,normal,0.93476385,1.0111874,0.0,0.01697440817952156,0.25279685854911804,0.0,0.010184644907712936
1622,False,normal,0.933653,1.0166612,0.009999990463256836,0.017130644991993904,0.25416529178619385,0.0019999982323497534,0.010278386995196342
1623,False,normal,0.93434024,1.0166612,0.0,0.01765361614525318,0.25416529178619385,0.0,0.010592169687151909
1624,False,normal,0.93291587,1.0210779,0.014142127707600594,0.01838425174355507,0.25526946783065796,0.00282842549495399,0.011030551046133041
1625,False,normal,0.9337271,1.0128672,0.009999990463256836,0.018489141017198563,0.25321680307388306,0.0019999982323497534,0.011093484610319138
1626,False,normal,0.9345149,1.0128672,0.0,0.01817409321665764,0.25321680307388306,0.0,0.010904455929994583
1627,False,normal,0.9338054,1.014002,0.009999997913837433,0.017245354130864143,0.25350049138069153,0.0019999996293336153,0.010347212478518485
1628,False,normal,0.93478996,1.014002,0.0,0.01529095321893692,0.25350049138069153,0.0,0.009174571931362152
1629,False,normal,0.9352478,1.014002,0.0,0.011475708335638046,0.25350049138069153,0.0,0.006885425001382828
1630,False,normal,0.935352,1.0001999,0.014142122119665146,0.00895704235881567,0.25004997849464417,0.0028284243308007717,0.005374225415289402
1631,False,normal,0.93667644,1.0001999,0.0,0.00675897765904665,0.25004997849464417,0.0,0.00405538659542799
1632,False,normal,0.9367994,1.0001999,0.0,0.005733991973102093,0.25004997849464417,0.0,0.0034403951838612554
1633,False,normal,0.9359423,0.9958916,0.014142127707600594,0.006282037124037743,0.24897289276123047,0.00282842549495399,0.0037692222744226452
1634,False,normal,0.93572545,1.0041414,0.009999990463256836,0.00638075964525342,0.2510353624820709,0.0019999982323497534,0.0038284557871520516
1635,False,normal,0.93563634,1.0054849,0.01000000536441803,0.0064234952442348,0.25137123465538025,0.0020000010263174772,0.00385409714654088
1636,False,normal,0.93637955,1.0054849,0.0,0.006480519659817219,0.25137123465538025,0.0,0.0038883117958903313
1637,False,normal,0.93570286,1.0041414,0.01000000536441803,0.006569253746420145,0.2510353624820709,0.0020000010263174772,0.003941552247852087
1638,False,normal,0.9357666,1.0028958,0.009999997913837433,0.006687019020318985,0.2507239580154419,0.0019999996293336153,0.004012211412191391
1639,False,normal,0.9352483,1.0111874,0.009999990463256836,0.006687019485980272,0.25279685854911804,0.0019999982323497534,0.004012211691588163
1640,False,normal,0.9348817,1.0166612,0.009999990463256836,0.0068914140574634075,0.25416529178619385,0.0019999982323497534,0.004134848434478045
1641,False,normal,0.93560916,1.0166612,0.0,0.007079346105456352,0.25416529178619385,0.0,0.004247607663273811
1642,False,normal,0.9354189,1.0028958,0.014142122119665146,0.006995420437306166,0.2507239580154419,0.0028284243308007717,0.004197252262383699
1643,False,normal,0.93567497,1.0041414,0.009999997913837433,0.00680140545591712,0.2510353624820709,0.0019999996293336153,0.004080843273550272
1644,False,normal,0.93650484,1.0041414,0.0,0.006136012729257345,0.2510353624820709,0.0,0.0036816076375544068
1645,False,normal,0.9365188,1.0041414,0.0,0.006019793916493654,0.2510353624820709,0.0,0.0036118763498961923
1646,False,normal,0.9365369,1.0041414,0.0,0.0058689420111477375,0.2510353624820709,0.0,0.003521365206688642
1647,False,normal,0.93656874,1.0041414,0.0,0.005603587254881859,0.2510353624820709,0.0,0.0033621523529291154
1648,False,normal,0.9359331,1.0028958,0.009999997913837433,0.005299139302223921,0.2507239580154419,0.0019999996293336153,0.0031794835813343525
1649,False,normal,0.9360479,1.0017484,0.009999997913837433,0.004940246231853962,0.2504371106624603,0.0019999996293336153,0.002964147739112377
1650,False,normal,0.9368048,1.0017484,0.0,0.0048829540610313416,0.2504371106624603,0.0,0.0029297724366188047
1651,False,normal,0.93681186,1.0017484,0.0,0.00482373870909214,0.2504371106624603,0.0,0.002894243225455284
1652,False,normal,0.9368192,1.0017484,0.0,0.0047625284641981125,0.2504371106624603,0.0,0.0028575170785188676
1653,False,normal,0.9360491,1.0028958,0.009999997913837433,0.004332530777901411,0.2507239580154419,0.0019999996293336153,0.0025995184667408464
1654,False,normal,0.93679637,1.0028958,0.0,0.004355506971478462,0.2507239580154419,0.0,0.0026133041828870773
1655,False,normal,0.9367934,1.0028958,0.0,0.004380253609269857,0.2507239580154419,0.0,0.0026281521655619144
1656,False,normal,0.9367909,1.0028958,0.0,0.004401054698973894,0.2507239580154419,0.0,0.0026406328193843364
1657,False,normal,0.93678874,1.0028958,0.0,0.004419150296598673,0.2507239580154419,0.0,0.0026514901779592036
1658,False,normal,0.9354977,1.0111874,0.009999990463256836,0.004608849994838238,0.25279685854911804,0.0019999982323497534,0.0027653099969029427
1659,False,normal,0.93487185,1.0155294,0.014142127707600594,0.00497432379052043,0.25388234853744507,0.00282842549495399,0.0029845942743122575
1660,False,normal,0.9347683,1.0210779,0.009999990463256836,0.005535700358450413,0.25526946783065796,0.0019999982323497534,0.0033214202150702475
1661,False,normal,0.9354582,1.0210779,0.0,0.006037095095962286,0.25526946783065796,0.0,0.0036222570575773715
1662,False,normal,0.9350176,1.0155294,0.009999990463256836,0.006348661612719297,0.25388234853744507,0.0019999982323497534,0.003809196967631578
1663,False,normal,0.9355361,1.0072736,0.009999990463256836,0.006327791139483452,0.25181838870048523,0.0019999982323497534,0.003796674683690071
1664,False,normal,0.9362891,1.0072736,0.0,0.006302961148321629,0.25181838870048523,0.0,0.003781776688992977
1665,False,normal,0.9354702,1.0084146,0.009999997913837433,0.006282048299908638,0.25210365653038025,0.0019999996293336153,0.0037692289799451826
1666,False,normal,0.93539405,1.0096534,0.009999997913837433,0.006271461956202984,0.2524133622646332,0.0019999996293336153,0.00376287717372179
1667,False,normal,0.9361468,1.0096534,0.0,0.006248713005334139,0.2524133622646332,0.0,0.003749227803200483
1668,False,normal,0.9361563,1.0096534,0.0,0.006170014385133982,0.2524133622646332,0.0,0.003702008631080389
1669,False,normal,0.9348277,1.014002,0.014142127707600594,0.006138058379292488,0.25350049138069153,0.00282842549495399,0.003682835027575493
1670,False,normal,0.9352254,1.0128672,0.009999997913837433,0.006003194022923708,0.25321680307388306,0.0019999996293336153,0.0036019164137542246
1671,False,normal,0.9359983,1.0128672,0.0,0.005812295246869326,0.25321680307388306,0.0,0.003487377148121595
1672,False,normal,0.93602866,1.0128672,0.0,0.00555959390476346,0.25321680307388306,0.0,0.003335756342858076
1673,False,normal,0.9352746,1.0084146,0.014142127707600594,0.0053236400708556175,0.25210365653038025,0.00282842549495399,0.0031941840425133705
1674,False,normal,0.93603665,0.99463564,0.014142122119665146,0.006149709224700928,0.2486589103937149,0.0028284243308007717,0.0036898255348205566
1675,False,normal,0.937013,0.99463564,0.0,0.006852411199361086,0.2486589103937149,0.0,0.004111446719616651
1676,False,normal,0.9357467,1.0028958,0.009999990463256836,0.006852411199361086,0.2507239580154419,0.0019999982323497534,0.004111446719616651
1677,False,normal,0.9354219,1.0084146,0.009999990463256836,0.006685146130621433,0.25210365653038025,0.0019999982323497534,0.00401108767837286
1678,False,normal,0.9361718,1.0084146,0.0,0.0066856821067631245,0.25210365653038025,0.0,0.004011409264057874
1679,False,normal,0.9349,1.0166612,0.009999990463256836,0.0067388745956122875,0.25416529178619385,0.0019999982323497534,0.004043324757367372
1680,False,normal,0.9356869,1.0166612,0.0,0.0064314985647797585,0.25416529178619385,0.0,0.003858899138867855
1681,False,normal,0.9357266,1.0166612,0.0,0.006100687198340893,0.25416529178619385,0.0,0.0036604123190045355
1682,False,normal,0.9353364,1.0111874,0.009999990463256836,0.0059531982988119125,0.25279685854911804,0.0019999982323497534,0.0035719189792871473
1683,False,normal,0.9358373,1.0028958,0.009999990463256836,0.006097105331718922,0.2507239580154419,0.0019999982323497534,0.0036582631990313527
1684,False,normal,0.93588614,1.0017484,0.009999997913837433,0.006288363132625818,0.2504371106624603,0.0019999996293336153,0.0037730178795754906
1685,False,normal,0.93515885,1.0084146,0.014142127707600594,0.006288363132625818,0.25210365653038025,0.00282842549495399,0.0037730178795754906
1686,False,normal,0.93621993,1.0084146,0.0,0.006284375209361315,0.25210365653038025,0.0,0.0037706251256167888
1687,False,normal,0.9362205,1.0084146,0.0,0.006279773078858852,0.25210365653038025,0.0,0.0037678638473153114
1688,False,normal,0.9355418,1.0072736,0.009999997913837433,0.006280026398599148,0.25181838870048523,0.0019999996293336153,0.0037680158391594884
1689,False,normal,0.9363073,1.0072736,0.0,0.0061507378704845905,0.25181838870048523,0.0,0.003690442722290754
1690,False,normal,0.93482023,1.014002,0.014142127707600594,0.006199666298925877,0.25350049138069153,0.00282842549495399,0.0037197997793555256
1691,False,normal,0.9350406,1.015234,0.009999997913837433,0.006310414057224989,0.25380849838256836,0.0019999996293336153,0.003786248434334993
1692,False,normal,0.9349355,1.0165628,0.01000000536441803,0.006494164001196623,0.254140704870224,0.0020000010263174772,0.0038964984007179735
1693,False,normal,0.93394935,1.0195097,0.019999995827674866,0.006927653681486845,0.2548774182796478,0.003999999258667231,0.0041565922088921065
1694,False,normal,0.93464005,1.0211269,0.01000000536441803,0.006579210516065359,0.2552817165851593,0.0020000010263174772,0.003947526309639215
1695,False,normal,0.9336636,1.0309703,0.014142133295536041,0.007000495679676533,0.25774258375167847,0.0028284266591072083,0.00420029740780592
1696,False,normal,0.934631,1.0309703,0.0,0.007778283208608627,0.25774258375167847,0.0,0.004666969925165176
1697,False,normal,0.93053037,1.0477595,0.036055490374565125,0.010670742020010948,0.2619398832321167,0.007211098447442055,0.006402445212006569
1698,False,normal,0.92941976,1.0576389,0.03741659224033356,0.013929925858974457,0.26440972089767456,0.007483318913727999,0.008357955515384674
1699,False,normal,0.9277838,1.0817116,0.029999980702996254,0.019660480320453644,0.2704279124736786,0.005999996326863766,0.011796288192272186
1700,False,normal,0.92360437,1.1095946,0.050000037997961044,0.02746620960533619,0.27739864587783813,0.010000007227063179,0.016479725763201714
1701,False,normal,0.91966903,1.1450764,0.056568510830402374,0.03767568618059158,0.28626909852027893,0.01131370197981596,0.02260541170835495
1702,False,normal,0.91835153,1.1738398,0.03316628932952881,0.04829995706677437,0.293459951877594,0.006633257959038019,0.02897997424006462
1703,False,normal,0.914308,1.2033702,0.04242636635899544,0.05907295644283295,0.301685094833374,0.008485273458063602,0.03544377386569977
1704,False,normal,0.91350603,1.2135073,0.02236071228981018,0.06773773580789566,0.30675363540649414,0.004472142551094294,0.040642641484737396
1705,False,normal,0.91481686,1.1870131,0.03162280470132828,0.07185935974121094,0.29675328731536865,0.006324561312794685,0.04311561584472656
1706,False,normal,0.91626436,1.1715375,0.022360671311616898,0.07364577800035477,0.29288437962532043,0.004472134634852409,0.044187466800212856
1707,False,normal,0.91678554,1.1474319,0.03605552762746811,0.07329843938350677,0.2868579626083374,0.007211105898022652,0.043979063630104065
1708,False,normal,0.9185528,1.1139569,0.04358898103237152,0.07129736244678497,0.27848923206329346,0.008717796765267849,0.042778417468070984
1709,False,normal,0.9207147,1.075221,0.05099022015929222,0.06883139908313751,0.26880523562431335,0.010198043659329414,0.0412988394498825
1710,False,normal,0.92355263,1.0492378,0.03741656243801117,0.06719787418842316,0.2623094618320465,0.007483312394469976,0.04031872451305389
1711,False,normal,0.92422354,1.0244023,0.050000011920928955,0.06667757034301758,0.2561005651950836,0.01000000350177288,0.04000654220581055
1712,False,normal,0.9265471,1.0002999,0.03741656243801117,0.06773245334625244,0.25007498264312744,0.007483312394469976,0.04063947200775146
1713,False,normal,0.9267226,0.9841748,0.04472135007381439,0.07010330259799957,0.24604369699954987,0.008944270201027393,0.04206198155879974
1714,False,normal,0.9264995,0.96384645,0.058309536427259445,0.07405772805213928,0.24096159636974335,0.011661907657980919,0.04443463683128357
1715,False,normal,0.9267971,0.9502105,0.05744561925530434,0.07921957224607468,0.23755262792110443,0.011489124037325382,0.0475317433476448
1716,False,normal,0.92277616,0.9484197,0.10488089174032211,0.08401288837194443,0.23710492253303528,0.020976178348064423,0.05040773302316665
1717,False,normal,0.92689615,0.946784,0.04358898475766182,0.08883911371231079,0.23669598996639252,0.008717796765267849,0.05330346822738647
1718,False,normal,0.92616665,0.9300537,0.058309510350227356,0.09443120658397675,0.232513427734375,0.011661902070045471,0.05665872395038604
1719,False,normal,0.92679477,0.93669635,0.03741659224033356,0.09879569709300995,0.23417408764362335,0.007483318913727999,0.059277418255805965
1720,False,normal,0.92664725,0.9426028,0.029999980702996254,0.10158418864011765,0.2356507033109665,0.005999996326863766,0.06095051318407058
1721,False,normal,0.9268305,0.94026595,0.02828427590429783,0.10234673321247101,0.2350664883852005,0.005656855646520853,0.0614080399274826
1722,False,normal,0.9265085,0.9479452,0.030000001192092896,0.09995761513710022,0.23698629438877106,0.0060000005178153515,0.05997456908226013
1723,False,normal,0.92677474,0.95650405,0.029999980702996254,0.0932813212275505,0.23912601172924042,0.005999996326863766,0.055968792736530305
1724,False,normal,0.9274415,0.96591926,0.03000001050531864,0.0828215703368187,0.2414797991514206,0.006000002380460501,0.049692942202091216
1725,False,normal,0.9286654,0.9731392,0.02449488639831543,0.07230229675769806,0.24328480660915375,0.004898977465927601,0.043381378054618835
1726,False,normal,0.92960185,0.980918,0.02449493482708931,0.06044710427522659,0.24522949755191803,0.004898987244814634,0.036268262565135954
1727,False,normal,0.93094975,0.9912114,0.01732049137353897,0.04833748936653137,0.24780283868312836,0.0034640985541045666,0.029002493619918822
1728,False,normal,0.93198305,0.9985489,0.014142133295536041,0.0378916896879673,0.24963723123073578,0.0028284266591072083,0.02273501381278038
1729,False,normal,0.9323212,1.0060318,0.014142122119665146,0.031176332384347916,0.2515079379081726,0.0028284243308007717,0.01870579943060875
1730,False,normal,0.933889,1.0060318,0.0,0.02695029228925705,0.2515079379081726,0.0,0.016170175373554228
1731,False,normal,0.93345666,1.0042908,0.01000000536441803,0.025209464132785797,0.2510727047920227,0.0020000010263174772,0.015125678479671478
1732,False,normal,0.93397844,0.99186695,0.014142122119665146,0.02474353276193142,0.2479667216539383,0.0028284243308007717,0.014846119657158851
1733,False,normal,0.9338982,0.986002,0.02000001072883606,0.024805374443531036,0.24650050699710846,0.0040000020526349545,0.01488322466611862
1734,False,normal,0.9353662,0.986002,0.0,0.025072157382965088,0.24650050699710846,0.0,0.015043294429779051
1735,False,normal,0.9351168,0.97375566,0.014142122119665146,0.02468995563685894,0.24343891441822052,0.0028284243308007717,0.014813973382115363
1736,False,normal,0.9362409,0.97375566,0.0,0.024161195382475853,0.24343891441822052,0.0,0.014496717229485511
1737,False,normal,0.93567175,0.9671608,0.014142122119665146,0.02350052073597908,0.24179020524024963,0.0028284243308007717,0.014100312441587447
1738,False,normal,0.93537325,0.95629495,0.03000003471970558,0.02173607423901558,0.2390737384557724,0.006000007502734661,0.013041644543409347
1739,False,normal,0.9359912,0.95545805,0.024494873359799385,0.020462779328227043,0.23886451125144958,0.004898975137621164,0.012277667596936225
1740,False,normal,0.93565273,0.9477341,0.03605550155043602,0.020081259310245514,0.23693352937698364,0.007211100775748491,0.012048755586147307
1741,False,normal,0.93585336,0.9433981,0.037416599690914154,0.019816793501377106,0.235849529504776,0.007483320310711861,0.011890076100826263
1742,False,normal,0.9358164,0.94926286,0.03316624090075493,0.01972673274576664,0.23731571435928345,0.006633248645812273,0.011836039647459983
1743,False,normal,0.9374381,0.9297849,0.024494880810379982,0.02177727036178112,0.23244620859622955,0.004898976068943739,0.013066362217068672
1744,False,normal,0.93819296,0.9038252,0.028284266591072083,0.026638491079211235,0.22595630586147308,0.0056568533182144165,0.01598309464752674
1745,False,normal,0.93901515,0.88679194,0.02236068621277809,0.032360807061195374,0.22169800102710724,0.004472137428820133,0.019416484236717223
1746,False,normal,0.938831,0.86365503,0.033166248351335526,0.03919273242354393,0.21591375768184662,0.006633250042796135,0.023515639454126356
1747,False,normal,0.9396276,0.85621256,0.02000001072883606,0.04465954750776291,0.21405313909053802,0.0040000020526349545,0.026795728504657744
1748,False,normal,0.9365615,0.83845097,0.06708202511072159,0.050034381449222565,0.20961274206638336,0.013416405767202377,0.030020628869533536
1749,False,normal,0.9326102,0.8458132,0.1095445305109024,0.05258861929178238,0.21145330369472504,0.02190890721976757,0.03155317157506943
1750,False,normal,0.9312767,0.83642095,0.1319090574979782,0.05461544543504715,0.2091052383184433,0.02638181298971176,0.03276926726102829
1751,False,normal,0.92696077,0.9230384,0.12165522575378418,0.05187637731432915,0.2307596057653427,0.024331046268343925,0.031125826388597486
1752,True,sudden,0.51517737,2.991354,2.8293814659118652,0.4536704421043396,0.8487030863761902,0.45192933082580566,0.27220226526260377
1753,False,normal,0.6197444,3.645079,0.8701724410057068,0.728777289390564,0.9467618465423584,0.1740344911813736,0.3915109157562256
1754,False,normal,0.57468164,1.471394,2.6603758335113525,0.7307029366493225,0.43569695949554443,0.43261438608169556,0.392281174659729
1755,False,normal,0.7275866,1.6104658,0.8976636528968811,0.7347549200057983,0.5052328705787659,0.1795327365398407,0.39390196800231936
1756,False,normal,0.7941021,1.348703,0.44877615571022034,0.7331479787826538,0.37435150146484375,0.08975523710250854,0.39325919151306155
1757,False,normal,0.8298793,1.0160217,0.3737645745277405,0.7323372960090637,0.25400543212890625,0.07475291937589645,0.3929349184036255
1758,False,normal,0.8528811,0.8725824,0.1846618801355362,0.7341607213020325,0.21814559400081635,0.03693237528204918,0.393664288520813
1759,False,normal,0.86510986,0.8000625,0.07810249924659729,0.7378568649291992,0.2000156193971634,0.015620500780642033,0.3951427459716797
1760,False,normal,0.8371529,1.0096534,0.27730849385261536,0.7368203997612,0.2524133622646332,0.05546170100569725,0.39472815990447996
1761,False,normal,0.82434136,1.2005832,0.291547566652298,0.7339957356452942,0.30029159784317017,0.058309514075517654,0.39359829425811765
1762,False,normal,0.8425969,1.1510864,0.09273616224527359,0.7313122749328613,0.287771612405777,0.018547233194112778,0.39252490997314454
1763,False,normal,0.846313,1.0856795,0.10049878060817719,0.7286832332611084,0.271419882774353,0.020099757239222527,0.39147329330444336
1764,False,normal,0.8524614,1.0403845,0.059160806238651276,0.7259687185287476,0.26009613275527954,0.0118321618065238,0.39038748741149903
1765,False,normal,0.8546157,0.98767406,0.07681145519018173,0.7236725687980652,0.24691851437091827,0.015362291596829891,0.3894690275192261
1766,False,normal,0.85870904,0.97288233,0.03741659224033356,0.7209946513175964,0.24322058260440826,0.007483318913727999,0.38839786052703856
1767,False,normal,0.8605114,0.9719054,0.017320534214377403,0.7180682420730591,0.2429763525724411,0.003464106936007738,0.38722729682922363
1768,False,normal,0.86097133,0.96275645,0.02236071787774563,0.7147414088249207,0.24068911373615265,0.004472143482416868,0.38589656352996826
1769,False,normal,0.8616527,0.9709789,0.009999990463256836,0.7113895416259766,0.24274472892284393,0.0019999982323497534,0.3845558166503906
1770,False,normal,0.86141354,0.96747094,0.02000001072883606,0.7077440619468689,0.24186773598194122,0.0040000020526349545,0.38309762477874754
1771,False,normal,0.8623501,0.9658675,0.009999990463256836,0.7066642642021179,0.24146687984466553,0.0019999982323497534,0.3826657056808472
1772,False,normal,0.87152,0.9590099,0.014142133295536041,0.5935156345367432,0.23975245654582977,0.0028284266591072083,0.33740625381469724
1773,False,normal,0.91589725,0.9576012,0.01000000536441803,0.19585570693016052,0.23940028250217438,0.0020000010263174772,0.1175134241580963
1774,False,normal,0.9193387,0.9576012,0.0,0.17342692613601685,0.23940028250217438,0.0,0.1040561556816101
1775,False,normal,0.92420363,0.9726767,0.017320500686764717,0.11420869827270508,0.2431691735982895,0.003464100183919072,0.06852521896362304
1776,False,normal,0.9277068,0.97954065,0.014142133295536041,0.08342742174863815,0.2448851615190506,0.0028284266591072083,0.05005645304918289
1777,False,normal,0.9279421,0.9811218,0.009999990463256836,0.08323176205158234,0.2452804446220398,0.0019999982323497534,0.0499390572309494
1778,False,normal,0.92812216,0.9865597,0.010000050067901611,0.07889889180660248,0.2466399222612381,0.0020000101067125797,0.04733933508396149
1779,False,normal,0.9286052,1.00025,0.014142122119665146,0.0651545450091362,0.250062495470047,0.0028284243308007717,0.03909272700548172
1780,False,normal,0.92835724,1.004241,0.014142122119665146,0.06514200568199158,0.25106024742126465,0.0028284243308007717,0.03908520340919495
1781,False,normal,0.9294982,1.0165628,0.017320500686764717,0.047229934483766556,0.254140704870224,0.003464100183919072,0.02833796069025993
1782,False,normal,0.93134266,1.020882,0.014142133295536041,0.03159625455737114,0.255220502614975,0.0028284266591072083,0.018957752734422684
1783,False,normal,0.93200153,1.0290287,0.009999990463256836,0.024451367557048798,0.2572571635246277,0.0019999982323497534,0.014670820534229278
1784,False,normal,0.9317213,1.034698,0.009999990463256836,0.023833859711885452,0.2586745023727417,0.0019999982323497534,0.01430031582713127
1785,False,normal,0.93134296,1.0360019,0.01000000536441803,0.026307472959160805,0.2590004801750183,0.0020000010263174772,0.01578448377549648
1786,False,normal,0.9312953,1.0293201,0.014142133295536041,0.027596181258559227,0.2573300302028656,0.0028284266591072083,0.016557708755135535
1787,False,normal,0.93224573,1.0293201,0.0,0.028514403849840164,0.2573300302028656,0.0,0.0171086423099041
1788,False,normal,0.9322276,1.0293201,0.0,0.028665702790021896,0.2573300302028656,0.0,0.017199421674013136
1789,False,normal,0.9318384,1.0236211,0.009999990463256836,0.02862723171710968,0.25590527057647705,0.0019999982323497534,0.017176339030265806
1790,False,normal,0.93227154,1.0179882,0.009999990463256836,0.027951499447226524,0.25449705123901367,0.0019999982323497534,0.016770899668335913
1791,False,normal,0.9324895,1.0165628,0.01000000536441803,0.02687777392566204,0.254140704870224,0.0020000010263174772,0.016126664355397224
1792,False,normal,0.93313056,1.001449,0.017320500686764717,0.024831974878907204,0.25036224722862244,0.003464100183919072,0.014899184927344322
1793,False,normal,0.9347402,1.001449,0.0,0.022243665531277657,0.25036224722862244,0.0,0.013346199318766594
1794,False,normal,0.93429154,1.002796,0.01000000536441803,0.01903088204562664,0.2506990134716034,0.0020000010263174772,0.011418529227375985
1795,False,normal,0.9352788,1.002796,0.0,0.017053840681910515,0.2506990134716034,0.0,0.010232304409146308
1796,False,normal,0.93462896,1.004241,0.01000000536441803,0.01546623557806015,0.25106024742126465,0.0020000010263174772,0.00927974134683609
1797,False,normal,0.93491447,1.002796,0.01000000536441803,0.013839630410075188,0.2506990134716034,0.0020000010263174772,0.008303778246045113
1798,False,normal,0.93537086,0.9972462,0.009999990463256836,0.012927014380693436,0.24931155145168304,0.0019999982323497534,0.007756208628416061
1799,False,normal,0.93609846,0.9972462,0.0,0.013113939203321934,0.24931155145168304,0.0,0.00786836352199316
1800,False,normal,0.93605435,0.9972462,0.0,0.013481098227202892,0.24931155145168304,0.0,0.008088658936321736
1801,False,normal,0.9351631,0.9986991,0.01000000536441803,0.013901938684284687,0.24967478215694427,0.0020000010263174772,0.008341163210570811
1802,False,normal,0.93588185,0.9986991,0.0,0.014162014238536358,0.24967478215694427,0.0,0.008497208543121814
1803,False,normal,0.93461066,1.002796,0.014142133295536041,0.013782584108412266,0.2506990134716034,0.0028284266591072083,0.008269550465047359
1804,False,normal,0.9357914,1.002796,0.0,0.012782231904566288,0.2506990134716034,0.0,0.007669339142739772
1805,False,normal,0.93487304,1.0084146,0.009999990463256836,0.011258500628173351,0.25210365653038025,0.0019999982323497534,0.006755100376904011
1806,False,normal,0.93376946,1.0222036,0.014142122119665146,0.010684465989470482,0.25555089116096497,0.0028284243308007717,0.006410679593682289
1807,False,normal,0.93477434,1.0084146,0.014142122119665146,0.00949234701693058,0.25210365653038025,0.0028284243308007717,0.005695408210158348
1808,False,normal,0.93601507,1.0084146,0.0,0.007991636171936989,0.25210365653038025,0.0,0.004794981703162193
1809,False,normal,0.9350101,1.0141007,0.009999990463256836,0.007155364844948053,0.25352516770362854,0.0019999982323497534,0.004293218906968832
1810,False,normal,0.93456,1.0165628,0.014142122119665146,0.0070348940789699554,0.254140704870224,0.0028284243308007717,0.004220936447381973
1811,False,normal,0.93476707,1.0179882,0.01000000536441803,0.007155364844948053,0.25449705123901367,0.0020000010263174772,0.004293218906968832
1812,False,normal,0.9354635,1.0179882,0.0,0.0076022376306355,0.25449705123901367,0.0,0.0045613425783813
1813,False,normal,0.93542314,1.0179882,0.0,0.007938580587506294,0.25449705123901367,0.0,0.004763148352503776
1814,False,normal,0.93350345,1.0186757,0.02449488639831543,0.00826849602162838,0.2546689212322235,0.004898977465927601,0.004961097612977028
1815,False,normal,0.932599,1.0218611,0.03316624090075493,0.008726886473596096,0.2554652690887451,0.006633248645812273,0.0052361318841576574
1816,False,normal,0.9334131,1.0296601,0.014142164029181004,0.00977073609828949,0.2574150264263153,0.0028284327127039433,0.005862441658973694
1817,False,normal,0.9331678,1.0317945,0.014142164029181004,0.010702786967158318,0.257948637008667,0.0028284327127039433,0.0064216721802949905
1818,False,normal,0.9338417,1.0261092,0.009999990463256836,0.010637370869517326,0.256527304649353,0.0019999982323497534,0.006382422521710396
1819,False,normal,0.9334714,1.0317945,0.009999990463256836,0.010762282647192478,0.257948637008667,0.0019999982323497534,0.006457369588315487
1820,False,normal,0.9329071,1.0355675,0.014142164029181004,0.010910538025200367,0.25889188051223755,0.0028284327127039433,0.00654632281512022
1821,False,normal,0.9319843,1.0398557,0.022360673174262047,0.011230641975998878,0.2599639296531677,0.004472134634852409,0.006738385185599327
1822,False,normal,0.9327886,1.0416334,0.009999990463256836,0.011327448301017284,0.26040834188461304,0.0019999982323497534,0.006796468980610371
1823,False,normal,0.93113685,1.0512373,0.022360673174262047,0.012365014292299747,0.2628093361854553,0.004472134634852409,0.007419008575379848
1824,False,normal,0.9294116,1.0670989,0.028284266591072083,0.014778289943933487,0.2667747139930725,0.0056568533182144165,0.008866973966360091
1825,False,normal,0.926233,1.0880257,0.0458257719874382,0.01940409652888775,0.27200642228126526,0.00916515477001667,0.01164245791733265
1826,False,normal,0.9266915,1.104038,0.01732049137353897,0.025059230625629425,0.2760095000267029,0.0034640985541045666,0.015035538375377654
1827,False,normal,0.9267967,1.1003182,0.014142143540084362,0.028106512501835823,0.27507954835891724,0.002828428987413645,0.016863907501101495
1828,False,normal,0.92735326,1.080648,0.02236071228981018,0.028576718643307686,0.2701619863510132,0.004472142551094294,0.017146031185984612
1829,False,normal,0.92898774,1.080648,0.0,0.02893120050430298,0.2701619863510132,0.0,0.017358720302581787
1830,False,normal,0.92825675,1.0756394,0.014142122119665146,0.028792990371584892,0.26890984177589417,0.0028284243308007717,0.017275794222950936
1831,False,normal,0.9288724,1.067052,0.014142122119665146,0.028134964406490326,0.26676300168037415,0.0028284243308007717,0.016880978643894196
1832,False,normal,0.9286406,1.072194,0.014142143540084362,0.02738853730261326,0.268048495054245,0.002828428987413645,0.016433122381567956
1833,False,normal,0.92930853,1.0638609,0.014142122119665146,0.02616235241293907,0.26596522331237793,0.0028284243308007717,0.015697411447763442
1834,False,normal,0.9297385,1.0498095,0.0223606638610363,0.024760974571108818,0.2624523639678955,0.0044721332378685474,0.01485658474266529
1835,False,normal,0.92968726,1.0532806,0.022360673174262047,0.023380156606435776,0.2633201479911804,0.004472134634852409,0.014028093963861465
1836,False,normal,0.9303823,1.0435036,0.022360673174262047,0.022680554538965225,0.2608759105205536,0.004472134634852409,0.013608332723379135
1837,False,normal,0.93098575,1.0341179,0.022360699251294136,0.022540250793099403,0.2585294842720032,0.004472140222787857,0.013524150475859642
1838,False,normal,0.9307407,1.0293201,0.030000001192092896,0.02230621688067913,0.2573300302028656,0.0060000005178153515,0.013383730128407477
1839,False,normal,0.93111277,1.0196568,0.03162278234958649,0.02322467975318432,0.25491419434547424,0.0063245571218431,0.013934807851910591
1840,False,normal,0.9308974,1.0191172,0.03316623717546463,0.02433570846915245,0.25477930903434753,0.006633247714489698,0.01460142508149147
1841,False,normal,0.9312164,1.0148399,0.030000006780028343,0.0258838701993227,0.25370997190475464,0.006000001914799213,0.015530322119593619
1842,False,normal,0.9312329,1.0024968,0.036055535078048706,0.028390266001224518,0.2506242096424103,0.007211107295006514,0.01703415960073471
1843,False,normal,0.93153614,0.99131227,0.03605550155043602,0.03168899938464165,0.24782805144786835,0.007211100775748491,0.019013399630784987
1844,False,normal,0.93234265,0.9811728,0.028284257277846336,0.03510633111000061,0.24529318511486053,0.005656851455569267,0.021063798666000364
1845,False,normal,0.9321045,0.9902525,0.022360675036907196,0.036063749343156815,0.24756312370300293,0.004472135100513697,0.021638249605894087
1846,False,normal,0.9301938,0.98812956,0.05099019408226013,0.03519884869456291,0.24703238904476166,0.010198039934039116,0.021119309216737745
1847,False,normal,0.93106306,0.98564696,0.04358898848295212,0.03387390449643135,0.2464117407798767,0.008717798627912998,0.02032434269785881
1848,False,normal,0.9335125,0.98229325,0.014142127707600594,0.03361237049102783,0.24557329714298248,0.00282842549495399,0.0201674222946167
1849,False,normal,0.934186,0.9778548,0.009999990463256836,0.032900843769311905,0.2444636970758438,0.0019999982323497534,0.019740506261587142
1850,False,normal,0.93417275,0.97478205,0.014142148196697235,0.03202241286635399,0.24369551241397858,0.0028284296859055758,0.019213447719812392
1851,False,normal,0.9340504,0.96772933,0.0223606638610363,0.03157905116677284,0.24193233251571655,0.0044721332378685474,0.018947430700063706
1852,False,normal,0.9339691,0.97020614,0.024494905024766922,0.02963279001414776,0.2425515204668045,0.004898981191217899,0.017779674008488653
1853,False,normal,0.9351147,0.967936,0.014142122119665146,0.02773885801434517,0.24198399484157562,0.0028284243308007717,0.0166433148086071
1854,False,normal,0.9346375,0.97498715,0.017320500686764717,0.02605646848678589,0.2437467873096466,0.003464100183919072,0.015633881092071533
1855,False,normal,0.93489134,0.98051006,0.014142143540084362,0.0230508241802454,0.24512751400470734,0.002828428987413645,0.01383049450814724
1856,False,normal,0.9352662,0.96612626,0.024494880810379982,0.020948201417922974,0.24153156578540802,0.004898976068943739,0.012568920850753784
1857,False,normal,0.9359317,0.9720082,0.014142143540084362,0.018809307366609573,0.2430020421743393,0.002828428987413645,0.011285584419965744
1858,False,normal,0.9362869,0.97066987,0.014142122119665146,0.0165462177246809,0.24266746640205383,0.0028284243308007717,0.00992773063480854
1859,False,normal,0.9364145,0.9644688,0.02000001072883606,0.015051847323775291,0.2411171942949295,0.0040000020526349545,0.009031108394265174
1860,False,normal,0.9367481,0.9708759,0.014142164029181004,0.01259585004299879,0.24271897971630096,0.0028284327127039433,0.007557510025799274
1861,False,normal,0.93750465,0.9689686,0.009999990463256836,0.009873250499367714,0.24224214255809784,0.0019999982323497534,0.0059239502996206285
1862,False,normal,0.9384587,0.9689686,0.0,0.008173386566340923,0.24224214255809784,0.0,0.004904031939804554
1863,False,normal,0.9372153,0.978366,0.009999990463256836,0.007389970123767853,0.24459150433540344,0.0019999982323497534,0.004433982074260712
1864,False,normal,0.9379762,0.978366,0.0,0.007299363613128662,0.24459150433540344,0.0,0.0043796181678771974
1865,False,normal,0.9380762,0.978366,0.0,0.006466165650635958,0.24459150433540344,0.0,0.0038796993903815746
1866,False,normal,0.9367426,0.98777527,0.009999990463256836,0.006428804714232683,0.24694381654262543,0.0019999982323497534,0.00385728282853961
1867,False,normal,0.9369236,0.9849873,0.009999990463256836,0.006372180767357349,0.2462468296289444,0.0019999982323497534,0.0038233084604144094
1868,False,normal,0.93618953,0.99443454,0.009999990463256836,0.007569453213363886,0.24860863387584686,0.0019999982323497534,0.004541671928018331
1869,False,normal,0.9368071,0.99443454,0.0,0.0086729871109128,0.24860863387584686,0.0,0.005203792266547679
1870,False,normal,0.9366989,0.99443454,0.0,0.009574297815561295,0.24860863387584686,0.0,0.005744578689336776
1871,False,normal,0.93663883,0.99443454,0.0,0.010074901394546032,0.24860863387584686,0.0,0.006044940836727619
1872,False,normal,0.935639,0.9971961,0.009999990463256836,0.010718723759055138,0.24929901957511902,0.0019999982323497534,0.006431234255433083
1873,False,normal,0.93471223,0.9966444,0.02236068621277809,0.011003760620951653,0.24916109442710876,0.004472137428820133,0.006602256372570991
1874,False,normal,0.9345273,0.99025244,0.030000001192092896,0.011099553667008877,0.24756310880184174,0.0060000005178153515,0.006659732200205326
1875,False,normal,0.9350446,0.9908078,0.022360678762197495,0.011273859068751335,0.24770194292068481,0.004472136031836271,0.0067643154412508006
1876,False,normal,0.93542594,0.9885848,0.019999995827674866,0.010729296132922173,0.24714620411396027,0.003999999258667231,0.006437577679753303
1877,False,normal,0.9353274,0.99704564,0.014142127707600594,0.010804730467498302,0.24926140904426575,0.00282842549495399,0.006482838280498981
1878,False,normal,0.93517977,0.99944985,0.014142153784632683,0.01078290306031704,0.2498624622821808,0.002828430850058794,0.006469741836190223
1879,False,normal,0.9356408,0.9986991,0.009999997913837433,0.009920698590576649,0.24967478215694427,0.0019999996293336153,0.005952419154345989
1880,False,normal,0.9357469,0.9980481,0.010000001639127731,0.009375474415719509,0.24951203167438507,0.0020000003278255463,0.005625284649431705
1881,False,normal,0.93590695,0.99749684,0.009999997913837433,0.008329111151397228,0.24937421083450317,0.0019999996293336153,0.004997466690838337
1882,False,normal,0.93630147,0.99423337,0.010000020265579224,0.006741486955434084,0.24855832755565643,0.0020000042859464884,0.00404489217326045
1883,False,normal,0.93538976,1.004241,0.014142127707600594,0.006537623703479767,0.25106024742126465,0.00282842549495399,0.00392257422208786
1884,False,normal,0.9340942,1.006479,0.030000004917383194,0.006257055327296257,0.25161975622177124,0.006000001449137926,0.003754233196377754
1885,False,normal,0.9331972,1.004689,0.044721346348524094,0.005463631357997656,0.2511722445487976,0.008944269269704819,0.0032781788147985933
1886,False,normal,0.9337297,0.99543965,0.045825764536857605,0.005153020843863487,0.24885989725589752,0.009165152907371521,0.0030918125063180923
1887,False,normal,0.9332386,0.9878259,0.05916079506278038,0.004876627586781979,0.246956467628479,0.01183215994387865,0.002925976552069187
1888,False,normal,0.9358603,0.9782127,0.02999999187886715,0.006262233015149832,0.24455316364765167,0.005999998655170202,0.003757339809089899
1889,False,normal,0.93620586,0.9600521,0.03464104235172272,0.0099397674202919,0.2400130182504654,0.006928208749741316,0.00596386045217514
1890,False,normal,0.9363908,0.9241753,0.04898976907134056,0.018116535618901253,0.23104383051395416,0.009797954931855202,0.010869921371340751
1891,False,normal,0.93359524,0.9114275,0.08602324873209,0.024906734004616737,0.2278568595647812,0.017204649746418,0.014944040402770042
1892,False,normal,0.9367186,0.9106591,0.03741658478975296,0.029658082872629166,0.2276647686958313,0.0074833170510828495,0.017794849723577498
1893,False,normal,0.9345954,0.92249656,0.0519615076482296,0.032095398753881454,0.23062413930892944,0.010392301715910435,0.019257239252328872
1894,False,normal,0.93171483,0.924013,0.0860232561826706,0.034021664410829544,0.23100325465202332,0.01720465160906315,0.020412998646497725
1895,False,normal,0.9314395,0.9297849,0.08306624740362167,0.03515796735882759,0.23244620859622955,0.016613250598311424,0.021094780415296555
1896,False,normal,0.93360895,0.9269843,0.0547722689807415,0.036221880465745926,0.23174606263637543,0.010954453609883785,0.021733128279447556
1897,False,normal,0.93221444,0.91874915,0.07874006778001785,0.03715214878320694,0.22968728840351105,0.01574801467359066,0.022291289269924162
1898,False,normal,0.9344907,0.91575104,0.04999997466802597,0.037707261741161346,0.2289377599954605,0.009999995119869709,0.022624357044696806
1899,False,normal,0.9348776,0.91869473,0.04242640733718872,0.03768347576260567,0.22967368364334106,0.008485281839966774,0.0226100854575634
1900,False,normal,0.9326135,0.9202174,0.07211104780435562,0.037204790860414505,0.2300543487071991,0.014422210864722729,0.022322874516248703
1901,False,normal,0.9284185,0.93755,0.11575836688280106,0.035855796188116074,0.23438750207424164,0.02315167337656021,0.021513477712869645
1902,False,normal,0.9281725,0.93866926,0.12041596323251724,0.03441216051578522,0.2346673160791397,0.024083193391561508,0.02064729630947113
1903,True,sudden,0.50956535,3.0311384,2.7118442058563232,0.4560379981994629,0.8546707630157471,0.43849650025367737,0.2736227989196777
1904,False,normal,0.57058096,4.051975,1.2750293016433716,0.7973983883857727,1.0,0.2550058662891388,0.41895935535430906
1905,False,normal,0.5452413,1.705579,2.5705056190490723,0.8034049272537231,0.5527895092964172,0.42234349250793457,0.42136197090148925
1906,False,normal,0.6325027,1.4974645,1.596182942390442,0.8033559918403625,0.44873225688934326,0.31099236011505127,0.42134239673614504
1907,False,normal,0.77597463,1.3506665,0.6147356629371643,0.8010855317115784,0.3753332495689392,0.12294713407754898,0.4204342126846313
1908,False,normal,0.80287343,1.095445,0.5962381958961487,0.7992921471595764,0.27386125922203064,0.11924764513969421,0.4197168588638306
1909,False,normal,0.8354752,0.9883319,0.2513960897922516,0.7987415790557861,0.24708297848701477,0.050279222428798676,0.41949663162231443
1910,False,normal,0.8498552,0.8764702,0.15165750682353973,0.7998889684677124,0.21911755204200745,0.030331501737236977,0.41995558738708494
1911,False,normal,0.8510673,0.94095695,0.0824621170759201,0.7992275953292847,0.23523923754692078,0.01649242453277111,0.4196910381317139
1912,False,normal,0.840919,1.0549881,0.1256980150938034,0.7964610457420349,0.26374703645706177,0.02513960376381874,0.418584418296814
1913,False,normal,0.82934964,1.1886547,0.17291618883609772,0.792384147644043,0.2971636652946472,0.03458324074745178,0.41695365905761717
1914,False,normal,0.8398166,1.2024559,0.024494890123605728,0.7879912257194519,0.3012279272079468,0.0048989783972501755,0.4151964902877808
1915,False,normal,0.8388957,1.1146749,0.11575832217931747,0.7844411730766296,0.27866873145103455,0.023151664063334465,0.41377646923065187
1916,False,normal,0.84574723,1.0419213,0.08774968981742859,0.7818935513496399,0.2604803144931793,0.017549939453601837,0.412757420539856
1917,False,normal,0.85095805,1.0144457,0.043588969856500626,0.7796241641044617,0.25361141562461853,0.008717793971300125,0.41184966564178466
1918,False,normal,0.85068464,1.0249878,0.04123104736208916,0.7770159840583801,0.256246954202652,0.008246210403740406,0.41080639362335203
1919,False,normal,0.85091126,1.0246463,0.04123106226325035,0.7744500041007996,0.25616157054901123,0.00824621319770813,0.4097800016403198
1920,False,normal,0.85133755,1.0257193,0.03741656243801117,0.7718591094017029,0.2564298212528229,0.007483312394469976,0.4087436437606812
1921,False,normal,0.8537284,1.014002,0.01732049137353897,0.7699676156044006,0.25350049138069153,0.0034640985541045666,0.40798704624176024
1922,False,normal,0.85459805,1.0060815,0.014142164029181004,0.7682651877403259,0.2515203654766083,0.0028284327127039433,0.40730607509613037
1923,False,normal,0.8632825,0.99040395,0.017320534214377403,0.6689776182174683,0.2476009875535965,0.003464106936007738,0.3675910472869873
1924,False,normal,0.91302633,1.00025,0.014142175205051899,0.19497811794281006,0.250062495470047,0.00282843504101038,0.11698687076568604
1925,False,normal,0.91920173,1.0081171,0.014142122119665146,0.13941900432109833,0.25202926993370056,0.0028284243308007717,0.08365140259265899
1926,False,normal,0.9234238,1.0161201,0.014142175205051899,0.1000666469335556,0.2540300190448761,0.00282843504101038,0.06003998816013336
1927,False,normal,0.9246739,1.0325212,0.028284255415201187,0.07226813584566116,0.2581303119659424,0.00565685098990798,0.0433608815073967
1928,False,normal,0.922822,1.0621675,0.029999976977705956,0.07118765264749527,0.2655418813228607,0.005999995861202478,0.04271259158849716
1929,False,normal,0.9221412,1.0796295,0.024494929239153862,0.07120704650878906,0.2699073851108551,0.00489898631349206,0.042724227905273436
1930,False,normal,0.9199234,1.1098648,0.04242636635899544,0.0627334862947464,0.27746620774269104,0.008485273458063602,0.03764009177684784
1931,False,normal,0.9199765,1.1290262,0.030000030994415283,0.060078009963035583,0.282256543636322,0.006000006105750799,0.036046805977821346
1932,False,normal,0.9205196,1.1259663,0.022360673174262047,0.061920493841171265,0.28149157762527466,0.004472134634852409,0.03715229630470276
1933,False,normal,0.9194977,1.1394736,0.03162277489900589,0.05761222168803215,0.28486838936805725,0.00632455525919795,0.034567333012819286
1934,False,normal,0.92238235,1.1330049,0.009999990463256836,0.05045672133564949,0.28325122594833374,0.0019999982323497534,0.030274032801389694
1935,False,normal,0.9214246,1.1291146,0.024494897574186325,0.05140483379364014,0.2822786569595337,0.00489897932857275,0.030842900276184082
1936,False,normal,0.92113227,1.1015444,0.050000011920928955,0.05226003751158714,0.27538609504699707,0.01000000350177288,0.03135602250695228
1937,False,normal,0.92257875,1.0634378,0.06403124332427979,0.051283564418554306,0.265859454870224,0.012806248851120472,0.03077013865113258
1938,False,normal,0.92503047,1.0336827,0.05656851828098297,0.0510142482817173,0.2584206759929657,0.011313704773783684,0.03060854896903038
1939,False,normal,0.92733395,1.0128672,0.04242642968893051,0.05149899423122406,0.25321680307388306,0.008485286496579647,0.030899396538734435
1940,False,normal,0.9288934,0.9906059,0.03741656243801117,0.053229354321956635,0.24765147268772125,0.007483312394469976,0.03193761259317398
1941,False,normal,0.9301079,0.97821265,0.02828430011868477,0.05527088791131973,0.24455316364765167,0.005656859837472439,0.03316253274679184
1942,False,normal,0.930547,0.9664885,0.028284257277846336,0.057717833667993546,0.24162212014198303,0.005656851455569267,0.03463070020079612
1943,False,normal,0.9303725,0.95530105,0.03605550155043602,0.060142066329717636,0.238825261592865,0.007211100775748491,0.03608523979783058
1944,False,normal,0.93057543,0.9538868,0.030000003054738045,0.06297183036804199,0.23847170174121857,0.0060000005178153515,0.03778309822082519
1945,False,normal,0.9302539,0.95341486,0.030000003054738045,0.06589726358652115,0.23835371434688568,0.0060000005178153515,0.039538358151912686
1946,False,normal,0.93049294,0.94498676,0.028284259140491486,0.06936728954315186,0.23624669015407562,0.005656852386891842,0.04162037372589111
1947,False,normal,0.93051076,0.9373366,0.028284277766942978,0.07320293039083481,0.23433415591716766,0.005656855646520853,0.04392175823450088
1948,False,normal,0.9295593,0.9354144,0.03741658851504326,0.0764254480600357,0.23385359346866608,0.007483317982405424,0.04585526883602142
1949,False,normal,0.93081963,0.9284934,0.02236066199839115,0.07893750816583633,0.23212334513664246,0.004472132306545973,0.0473625048995018
1950,False,normal,0.93024904,0.91967386,0.036055512726306915,0.07972649484872818,0.2299184650182724,0.007211103104054928,0.047835896909236904
1951,False,normal,0.9302506,0.9215205,0.037416573613882065,0.07790135592222214,0.2303801029920578,0.007483314722776413,0.04674081355333328
1952,False,normal,0.93200994,0.91678786,0.02236069180071354,0.07511462271213531,0.2291969656944275,0.004472138825803995,0.045068773627281185
1953,False,normal,0.93174034,0.92379653,0.030000001192092896,0.06893638521432877,0.23094913363456726,0.0060000005178153515,0.04136183112859726
1954,False,normal,0.9318116,0.9291932,0.03741655871272087,0.060896530747413635,0.23229829967021942,0.007483311928808689,0.03653791844844818
1955,False,normal,0.93242574,0.94053173,0.03741657733917236,0.04987300932407379,0.23513293266296387,0.007483316119760275,0.029923805594444273
1956,False,normal,0.9332706,0.94180673,0.042426399886608124,0.03903763368725777,0.23545168340206146,0.008485279977321625,0.02342258021235466
1957,False,normal,0.93469113,0.948367,0.03162277862429619,0.030535053461790085,0.23709174990653992,0.006324555724859238,0.01832103207707405
1958,False,normal,0.93636596,0.94514555,0.02236068621277809,0.024044957011938095,0.23628638684749603,0.004472137428820133,0.014426974207162857
1959,False,normal,0.93799394,0.9390953,0.014142122119665146,0.018766112625598907,0.23477382957935333,0.0028284243308007717,0.011259667575359344
1960,False,normal,0.93850577,0.94244367,0.009999990463256836,0.015345676802098751,0.23561091721057892,0.0019999982323497534,0.00920740608125925
1961,False,normal,0.9366064,0.95131487,0.03162277862429619,0.013039053417742252,0.23782871663570404,0.006324555724859238,0.00782343205064535
1962,False,normal,0.93323433,0.97821265,0.05196152999997139,0.014418557286262512,0.24455316364765167,0.010392306372523308,0.008651134371757506
1963,False,normal,0.9315091,0.99824846,0.05099017918109894,0.01896781288087368,0.2495620995759964,0.010198036208748817,0.011380687728524208
1964,False,normal,0.93104565,1.0082659,0.041231073439121246,0.02371179312467575,0.2520664632320404,0.008246215060353279,0.014227075874805449
1965,False,normal,0.93291324,1.0045894,0.014142122119665146,0.026993894949555397,0.2511473596096039,0.0028284243308007717,0.016196336969733237
1966,False,normal,0.9321534,0.98229325,0.04123108088970184,0.028007661923766136,0.24557329714298248,0.008246216922998428,0.016804597154259682
1967,False,normal,0.93378574,0.94116944,0.053851623088121414,0.0279359333217144,0.23529236018657684,0.010770324617624283,0.01676155999302864
1968,False,normal,0.9348606,0.8884818,0.07874008268117905,0.030864929780364037,0.22212044894695282,0.01574801839888096,0.01851895786821842
1969,False,normal,0.9349884,0.8173739,0.1187434196472168,0.04183344170451164,0.20434348285198212,0.02374868467450142,0.025100065022706983
1970,True,sudden,0.5129376,2.8220558,2.975045919418335,0.41161149740219116,0.8233083486557007,0.46857669949531555,0.2469668984413147
1971,False,normal,0.5562023,4.1673255,1.4690814018249512,0.7952073812484741,1.0,0.29381629824638367,0.41808295249938965
1972,False,normal,0.5284865,1.846808,2.5548582077026367,0.8044642806053162,0.6234039664268494,0.4205552339553833,0.42178571224212646
1973,False,normal,0.63074535,1.5318617,1.5559241771697998,0.8032086491584778,0.4659308195114136,0.3063913583755493,0.4212834596633911
1974,False,normal,0.7840322,1.4383323,0.3624914288520813,0.799867570400238,0.4191661477088928,0.07249829173088074,0.4199470281600952
1975,False,normal,0.8002331,1.2379823,0.48476800322532654,0.7957689166069031,0.31899112462997437,0.0969536080956459,0.41830756664276125
1976,False,normal,0.8344209,1.005087,0.25612497329711914,0.7943972945213318,0.2512717545032501,0.05122499540448189,0.4177589178085327
1977,False,normal,0.85041213,0.81178814,0.20000003278255463,0.798138439655304,0.20294703543186188,0.040000006556510925,0.4192553758621216
1978,False,normal,0.84593666,0.9496315,0.14491376280784607,0.798035740852356,0.2374078780412674,0.028982752934098244,0.41921429634094237
1979,False,normal,0.8375077,1.0823123,0.14966632425785065,0.7952852845191956,0.2705780863761902,0.02993326634168625,0.4181141138076782
1980,False,normal,0.83771133,1.1402192,0.10246946662664413,0.7917473912239075,0.2850548028945923,0.020493894815444946,0.416698956489563
1981,False,normal,0.8446072,1.1057577,0.04242636635899544,0.7887622714042664,0.2764394283294678,0.008485273458063602,0.4155049085617065
1982,False,normal,0.8469096,1.0774508,0.037416547536849976,0.7867936491966248,0.2693626880645752,0.007483309600502253,0.4147174596786499
1983,False,normal,0.84704,1.0726603,0.041231054812669754,0.7853299379348755,0.26816508173942566,0.00824621133506298,0.4141319751739502
1984,False,normal,0.8457268,1.0915127,0.044721346348524094,0.7837448120117188,0.27287817001342773,0.008944269269704819,0.4134979248046875
1985,False,normal,0.8448306,1.0994998,0.051961541175842285,0.7819197177886963,0.2748749554157257,0.010392308235168457,0.4127678871154785
1986,False,normal,0.84353137,1.1119802,0.06164412572979927,0.7793315649032593,0.2779950499534607,0.012328825891017914,0.4117326259613037
1987,False,normal,0.84306735,1.1264546,0.060000017285346985,0.7753655314445496,0.28161364793777466,0.012000003829598427,0.4101462125778198
1988,False,normal,0.84502184,1.1454693,0.024494873359799385,0.769365131855011,0.2863673269748688,0.004898975137621164,0.4077460527420044
1989,False,normal,0.84560287,1.1562872,0.017320560291409492,0.7603764533996582,0.28907179832458496,0.003464112291112542,0.40415058135986326
1990,False,normal,0.8522507,1.1462984,0.014142164029181004,0.6880621910095215,0.2865746021270752,0.0028284327127039433,0.3752248764038086
1991,False,normal,0.9003663,1.146691,0.02999999187886715,0.21429584920406342,0.2866727411746979,0.005999998655170202,0.12857750952243804
1992,False,normal,0.9096972,1.145993,0.014142122119665146,0.1468135118484497,0.2864982485771179,0.0028284243308007717,0.08808810710906982
1993,False,normal,0.9138042,1.141972,0.014142122119665146,0.11468243598937988,0.28549298644065857,0.0028284243308007717,0.06880946159362793
1994,False,normal,0.91785383,1.1348128,0.009999990463256836,0.08725301176309586,0.2837032079696655,0.0019999982323497534,0.05235180705785751
1995,False,normal,0.9188518,1.1251668,0.014142122119665146,0.08137209713459015,0.2812916934490204,0.0028284243308007717,0.04882325828075409
1996,False,normal,0.9191444,1.0870602,0.0458257794380188,0.07897818833589554,0.2717650532722473,0.009165155701339245,0.04738691300153732
1997,False,normal,0.92501765,1.0570241,0.0447213239967823,0.04636882245540619,0.2642560303211212,0.008944264613091946,0.027821293473243712
1998,False,normal,0.92773235,1.0300485,0.050000011920928955,0.0344967357814312,0.2575121223926544,0.01000000350177288,0.02069804146885872
1999,False,normal,0.92828935,0.9988994,0.05656856298446655,0.041973281651735306,0.2497248500585556,0.011313713155686855,0.025183968991041184
2000,False,normal,0.92858785,0.9782127,0.057445596903562546,0.04971209913492203,0.24455316364765167,0.01148911938071251,0.029827259480953217
2001,False,normal,0.92890954,0.96586746,0.050990212708711624,0.057495880872011185,0.24146686494350433,0.01019804272800684,0.03449752852320671
2002,False,normal,0.92855954,0.9471536,0.05830950289964676,0.06558472663164139,0.23678840696811676,0.011661901138722897,0.03935083597898483
2003,False,normal,0.92894113,0.92666066,0.056568555533885956,0.07416628301143646,0.23166514933109283,0.011313711293041706,0.04449976980686188
2004,False,normal,0.9293193,0.92217135,0.04358898848295212,0.08146495372056961,0.23054282367229462,0.008717798627912998,0.048878972232341764
2005,False,normal,0.93087286,0.913236,0.019999980926513672,0.0879158303141594,0.22830899059772491,0.003999996464699507,0.052749498188495635
2006,False,normal,0.93056214,0.9051519,0.02236068993806839,0.09324034303426743,0.22628797590732574,0.0044721378944814205,0.05594420582056046
2007,False,normal,0.93057096,0.8975522,0.02236066199839115,0.09712489694356918,0.22438804805278778,0.004472132306545973,0.05827493816614151
2008,False,normal,0.9280474,0.90697294,0.04690415412187576,0.09790787100791931,0.22674323618412018,0.009380830451846123,0.05874472260475158
2009,False,normal,0.9283645,0.9207606,0.03464104235172272,0.09574905037879944,0.23019014298915863,0.006928208749741316,0.05744943022727966
2010,False,normal,0.9278568,0.9356281,0.03464100882411003,0.09223633259534836,0.23390702903270721,0.0069282022304832935,0.05534179955720901
2011,False,normal,0.9291083,0.9282241,0.03162277862429619,0.08754981309175491,0.23205602169036865,0.006324555724859238,0.05252988785505295
2012,False,normal,0.93006957,0.93391645,0.024494893848896027,0.08102972060441971,0.2334791123867035,0.004898978862911463,0.048617832362651825
2013,False,normal,0.93042475,0.9443516,0.02449488639831543,0.07263466715812683,0.23608790338039398,0.004898977465927601,0.0435808002948761
2014,False,normal,0.9317125,0.95571965,0.014142175205051899,0.06245286390185356,0.23892991244792938,0.00282843504101038,0.03747171834111213
2015,False,normal,0.93362504,0.95336246,0.01000000536441803,0.05033189058303833,0.2383406162261963,0.0020000010263174772,0.030199134349822996
2016,False,normal,0.93454105,0.95304775,0.014142133295536041,0.040273308753967285,0.23826193809509277,0.0028284266591072083,0.02416398525238037
2017,False,normal,0.9348136,0.95509166,0.022360673174262047,0.03180064633488655,0.238772913813591,0.004472134634852409,0.01908038780093193
2018,False,normal,0.9362199,0.955301,0.014142143540084362,0.02510981447994709,0.2388252466917038,0.002828428987413645,0.015065888687968253
2019,False,normal,0.9349691,0.9607289,0.03162277489900589,0.02178001031279564,0.24018222093582153,0.00632455525919795,0.013068006187677382
2020,False,normal,0.9360639,0.95488214,0.024494929239153862,0.020156923681497574,0.23872052133083344,0.00489898631349206,0.012094154208898544
2021,False,normal,0.93563724,0.9544632,0.03162277489900589,0.01947607472538948,0.23861579596996307,0.00632455525919795,0.011685644835233688
2022,False,normal,0.93382657,0.9695875,0.041231051087379456,0.02068221941590309,0.24239687621593475,0.008246210403740406,0.012409331649541855
2023,False,normal,0.93152374,0.9762172,0.06403123587369919,0.022169381380081177,0.24405430257320404,0.012806247919797897,0.013301628828048705
2024,False,normal,0.9308728,0.993076,0.054772235453128815,0.02460002340376377,0.2482690066099167,0.010954447090625763,0.014760014042258261
2025,False,normal,0.9325971,0.9811728,0.04123108834028244,0.024894097819924355,0.24529318511486053,0.008246217854321003,0.014936458691954611
2026,False,normal,0.93403286,0.9658675,0.037416547536849976,0.023284990340471268,0.24146687984466553,0.007483309600502253,0.01397099420428276
2027,False,normal,0.9357869,0.9318261,0.04690418392419815,0.020467743277549744,0.23295652866363525,0.00938083790242672,0.012280645966529845
2028,False,normal,0.9376896,0.88283634,0.05744559317827225,0.023539284244179726,0.22070908546447754,0.011489118449389935,0.014123570546507834
2029,False,normal,0.9390924,0.84723073,0.05477225407958031,0.03206459805369377,0.21180768311023712,0.010954451747238636,0.019238758832216263
2030,False,normal,0.93990904,0.81865746,0.05099020525813103,0.0425051711499691,0.20466436445713043,0.010198041796684265,0.02550310268998146
2031,False,normal,0.9399086,0.80106175,0.050000011920928955,0.052291639149188995,0.20026545226573944,0.01000000350177288,0.0313749834895134
2032,False,normal,0.9378343,0.7839643,0.07681144773960114,0.061725471168756485,0.19599108397960663,0.015362289734184742,0.03703528270125389
2033,False,normal,0.9268577,0.77388626,0.21840330958366394,0.06995141506195068,0.19347156584262848,0.04368066415190697,0.04197084903717041
2034,True,sudden,0.5167308,3.036923,2.800821304321289,0.4673352539539337,0.8555384278297424,0.4486653208732605,0.28040115237236024
2035,False,normal,0.5969818,3.915546,0.9794897437095642,0.7840437889099121,0.9873318672180176,0.19589795172214508,0.41361751556396487
2036,False,normal,0.540229,1.8745131,2.322606325149536,0.7968770861625671,0.6372565627098083,0.3940121531486511,0.41875083446502687
2037,False,normal,0.7185309,1.5634897,1.0293201208114624,0.7979239225387573,0.48174482583999634,0.2058640420436859,0.41916956901550295
2038,False,normal,0.7838508,1.3436146,0.5276362895965576,0.7953084111213684,0.3718072772026062,0.10552725940942764,0.41812336444854736
2039,False,normal,0.82974195,1.1552489,0.19519218802452087,0.7926950454711914,0.28881222009658813,0.03903844207525253,0.41707801818847656
2040,False,normal,0.83731234,0.9521554,0.2634388208389282,0.7927504181861877,0.23803885281085968,0.052687764167785645,0.4171001672744751
2041,False,normal,0.8538033,0.8575546,0.11999998241662979,0.7949942946434021,0.2143886536359787,0.023999998345971107,0.41799771785736084
2042,False,normal,0.8428105,0.92162895,0.2121320515871048,0.7959722280502319,0.2304072380065918,0.04242641106247902,0.41838889122009276
2043,False,normal,0.83237755,1.0697663,0.2293468862771988,0.7945125699043274,0.2674415707588196,0.045869380235672,0.41780502796173097
2044,False,normal,0.83301437,1.1849895,0.12727923691272736,0.7922234535217285,0.29624736309051514,0.02545584738254547,0.4168893814086914
2045,False,normal,0.8393931,1.2049067,0.024494873359799385,0.7894558906555176,0.30245333909988403,0.004898975137621164,0.41578235626220705
2046,False,normal,0.84018767,1.1562006,0.061644140630960464,0.7865815162658691,0.2890501618385315,0.012328828684985638,0.41463260650634765
2047,False,normal,0.8443535,1.1076552,0.049999989569187164,0.7833508849143982,0.2769137918949127,0.009999998845160007,0.4133403539657593
2048,False,normal,0.84683543,1.0839741,0.04123106598854065,0.7790483236312866,0.27099353075027466,0.00824621319770813,0.41161932945251467
2049,False,normal,0.8484186,1.075221,0.03316624090075493,0.7736577987670898,0.26880523562431335,0.006633248645812273,0.40946311950683595
2050,False,normal,0.84859,1.0696261,0.042426396161317825,0.767204999923706,0.26740652322769165,0.008485279977321625,0.40688199996948243
2051,False,normal,0.8499997,1.069439,0.031622808426618576,0.7598577737808228,0.26735976338386536,0.006324561778455973,0.4039431095123291
2052,False,normal,0.85042393,1.084804,0.022360658273100853,0.751234233379364,0.2712010145187378,0.0044721318408846855,0.4004936933517456
2053,False,normal,0.8504622,1.0965856,0.02236068621277809,0.7415521144866943,0.2741464078426361,0.004472137428820133,0.3966208457946777
2054,False,normal,0.85797477,1.1129241,0.017320560291409492,0.6396055221557617,0.27823102474212646,0.003464112291112542,0.35584220886230467
2055,False,normal,0.9028894,1.1173183,0.014142122119665146,0.21847960352897644,0.2793295681476593,0.0028284243308007717,0.13108776211738585
2056,False,normal,0.90979874,1.1322986,0.02999999187886715,0.1431884467601776,0.28307464718818665,0.005999998655170202,0.08591306805610656
2057,False,normal,0.91361433,1.1521285,0.029999971389770508,0.1010635495185852,0.2880321145057678,0.0059999944642186165,0.06063812971115112
2058,False,normal,0.91537255,1.1655899,0.020000040531158447,0.08565078675746918,0.29139748215675354,0.004000008571892977,0.0513904720544815
2059,False,normal,0.9155772,1.1591808,0.02236071228981018,0.08580813556909561,0.2897951900959015,0.004472142551094294,0.051484881341457366
2060,False,normal,0.9165472,1.1531695,0.022360658273100853,0.0808558389544487,0.28829237818717957,0.0044721318408846855,0.04851350337266922
2061,False,normal,0.920099,1.1378489,0.022360658273100853,0.05923668295145035,0.28446221351623535,0.0044721318408846855,0.03554200977087021
2062,False,normal,0.92247075,1.1087831,0.0458257794380188,0.03994499519467354,0.2771957814693451,0.009165155701339245,0.023966997116804122
2063,False,normal,0.9250723,1.0782393,0.03741655498743057,0.039429087191820145,0.2695598304271698,0.007483311463147402,0.023657452315092087
2064,False,normal,0.9250207,1.0341179,0.07211102545261383,0.041155025362968445,0.2585294842720032,0.014422206208109856,0.024693015217781066
2065,False,normal,0.9271428,1.007075,0.06480741500854492,0.042120467871427536,0.25176873803138733,0.01296148356050253,0.025272280722856522
2066,False,normal,0.9279019,0.9835649,0.06480740755796432,0.04803910851478577,0.24589122831821442,0.01296148169785738,0.02882346510887146
2067,False,normal,0.9294518,0.96067685,0.04999999701976776,0.05629910156130791,0.2401692122220993,0.009999999776482582,0.033779460936784744
2068,False,normal,0.93103766,0.95467275,0.022360675036907196,0.06348525732755661,0.23866818845272064,0.004472135100513697,0.03809115439653397
2069,False,normal,0.9314308,0.94069123,0.01732049696147442,0.07064110040664673,0.2351728081703186,0.003464099718257785,0.042384660243988036
2070,False,normal,0.9296059,0.9259049,0.04242640733718872,0.07785891741514206,0.23147623240947723,0.008485281839966774,0.04671535044908524
2071,False,normal,0.9296385,0.90824,0.04472137987613678,0.08535342663526535,0.227060005068779,0.008944275788962841,0.05121205598115921
2072,False,normal,0.9291208,0.9060905,0.043588969856500626,0.091495081782341,0.22652262449264526,0.008717793971300125,0.0548970490694046
2073,False,normal,0.92828566,0.9144944,0.041231077164411545,0.09555099159479141,0.22862359881401062,0.008246215991675854,0.05733059495687484
2074,False,normal,0.9286064,0.9185859,0.030000006780028343,0.09776632487773895,0.2296464741230011,0.006000001914799213,0.05865979492664337
2075,False,normal,0.9286778,0.9224966,0.024494901299476624,0.09857556968927383,0.23062415421009064,0.004898980725556612,0.059145341813564296
2076,False,normal,0.9292401,0.9175511,0.02236066199839115,0.09779903292655945,0.2293877750635147,0.004472132306545973,0.058679419755935665
2077,False,normal,0.9292009,0.9226592,0.024494901299476624,0.09413151443004608,0.23066480457782745,0.004898980725556612,0.05647890865802765
2078,False,normal,0.9298446,0.9202717,0.02828427031636238,0.08764246106147766,0.2300679236650467,0.005656854249536991,0.0525854766368866
2079,False,normal,0.93145293,0.9170605,0.02236069180071354,0.07961440086364746,0.22926510870456696,0.004472138825803995,0.04776864051818847
2080,False,normal,0.9325233,0.92612094,0.01732049137353897,0.069125697016716,0.23153023421764374,0.0034640985541045666,0.0414754182100296
2081,False,normal,0.9329978,0.9334345,0.024494893848896027,0.05687830224633217,0.23335860669612885,0.004898978862911463,0.0341269813477993
2082,False,normal,0.9334389,0.94329214,0.030000021681189537,0.04462812468409538,0.23582302033901215,0.006000004708766937,0.026776874810457228
2083,False,normal,0.9360088,0.94371605,0.014142133295536041,0.0329025574028492,0.23592901229858398,0.0028284266591072083,0.019741534441709518
2084,False,normal,0.93605566,0.9539916,0.017320500686764717,0.025173278525471687,0.23849789798259735,0.003464100183919072,0.015103967115283012
2085,False,normal,0.93618524,0.9585927,0.02000001072883606,0.02002248354256153,0.23964817821979523,0.0040000020526349545,0.012013490125536918
2086,False,normal,0.9370637,0.9610411,0.009999990463256836,0.017676817253232002,0.2402602732181549,0.0019999982323497534,0.0106060903519392
2087,False,normal,0.9378102,0.9610411,0.0,0.017706021666526794,0.2402602732181549,0.0,0.010623612999916076
2088,False,normal,0.9368228,0.96358705,0.01000000536441803,0.018358798697590828,0.24089676141738892,0.0020000010263174772,0.011015279218554497
2089,False,normal,0.9365184,0.9582275,0.017320500686764717,0.019111253321170807,0.23955687880516052,0.003464100183919072,0.011466751992702483
2090,False,normal,0.9372197,0.95036834,0.014142164029181004,0.01934693567454815,0.23759208619594574,0.0028284327127039433,0.01160816140472889
2091,False,normal,0.9373957,0.9454628,0.01732051745057106,0.01844852603971958,0.23636570572853088,0.0034641034435480833,0.01106911562383175
2092,False,normal,0.9366671,0.9532051,0.0223606638610363,0.017338108271360397,0.23830127716064453,0.0044721332378685474,0.010402864962816238
2093,False,normal,0.93552816,0.96275645,0.030000001192092896,0.01707993820309639,0.24068911373615265,0.0060000005178153515,0.010247962921857834
2094,False,normal,0.9344122,0.9658675,0.04242642596364021,0.016992729157209396,0.24146687984466553,0.008485285565257072,0.010195637494325638
2095,False,normal,0.9360284,0.9644688,0.022360658273100853,0.016793491318821907,0.2411171942949295,0.0044721318408846855,0.010076094791293145
2096,False,normal,0.9370583,0.9505262,0.022360658273100853,0.015472957864403725,0.23763154447078705,0.0044721318408846855,0.009283774718642234
2097,False,normal,0.9384314,0.9326843,0.020000040531158447,0.01479857787489891,0.23317107558250427,0.004000008571892977,0.008879146724939346
2098,False,normal,0.939476,0.91493165,0.019999980926513672,0.015339885838329792,0.2287329137325287,0.003999996464699507,0.009203931502997875
2099,False,normal,0.9400044,0.8869048,0.029999976977705956,0.019283777102828026,0.221726194024086,0.005999995861202478,0.011570266261696814
2100,False,normal,0.9408857,0.86081356,0.028284307569265366,0.02660106122493744,0.2152033895254135,0.005656861700117588,0.015960636734962463
2101,False,normal,0.9403704,0.8291562,0.045825742185115814,0.0364203080534935,0.20728905498981476,0.009165149182081223,0.0218521848320961
2102,False,normal,0.9388991,0.8088263,0.06708202511072159,0.045984283089637756,0.2022065818309784,0.013416405767202377,0.027590569853782655
2103,False,normal,0.93558174,0.808146,0.10049876570701599,0.05309763178229332,0.202036514878273,0.020099753513932228,0.03185857906937599
2104,False,normal,0.93164116,0.8244392,0.13341663777828217,0.05687624588608742,0.20610980689525604,0.026683328673243523,0.03412574753165245
2105,False,normal,0.9310481,0.84723073,0.12041593343019485,0.05807333439588547,0.21180768311023712,0.02408318780362606,0.03484400063753128
2106,False,normal,0.5770103,2.219144,2.13405704498291,0.2909734845161438,0.7328715920448303,0.3724636733531952,0.17458409070968628
2107,True,sudden,0.5657128,4.2534456,2.5979223251342773,0.7712574005126953,1.0,0.4254768490791321,0.40850296020507815
2108,False,normal,0.52594495,2.400958,2.035386800765991,0.8170778751373291,0.7601436972618103,0.36118707060813904,0.42683115005493166
2109,False,normal,0.5824851,1.8725917,1.6156731843948364,0.8271253705024719,0.6362958550453186,0.31321981549263,0.43085014820098877
2110,False,normal,0.74298114,1.4355835,0.887749969959259,0.8248710632324219,0.4177917242050171,0.17754998803138733,0.42994842529296873
2111,False,normal,0.8170835,1.1275637,0.35566845536231995,0.8221080303192139,0.2818909287452698,0.07113369554281235,0.4288432121276855
2112,False,normal,0.8271925,0.9825477,0.34234482049942017,0.8215299844741821,0.2456369251012802,0.06846896559000015,0.42861199378967285
2113,False,normal,0.8511323,0.9356281,0.061644162982702255,0.8220953941345215,0.23390702903270721,0.01232883334159851,0.4288381576538086
2114,False,normal,0.8418282,1.0076705,0.12649111449718475,0.8213186860084534,0.25191763043403625,0.02529822289943695,0.42852747440338135
2115,False,normal,0.83640254,1.1061646,0.11916378140449524,0.8190608024597168,0.276541143655777,0.023832758888602257,0.4276243209838867
2116,False,normal,0.8322528,1.1953243,0.10392305254936218,0.8155648112297058,0.2988310754299164,0.020784610882401466,0.42622592449188235
2117,False,normal,0.82858473,1.2465152,0.07615772634744644,0.8111132979393005,0.32325756549835205,0.015231546014547348,0.4244453191757202
2118,False,normal,0.83593285,1.2015823,0.05830951780080795,0.806202232837677,0.3007911443710327,0.01166190393269062,0.4224808931350708
2119,False,normal,0.8378104,1.1510864,0.08246209472417831,0.8007751703262329,0.287771612405777,0.016492420807480812,0.42031006813049315
2120,False,normal,0.8422574,1.1438094,0.03605550155043602,0.7943798899650574,0.2859523594379425,0.007211100775748491,0.41775195598602294
2121,False,normal,0.83737254,1.1783463,0.08124037832021713,0.7860978841781616,0.29458656907081604,0.016248077154159546,0.41443915367126466
2122,False,normal,0.83667123,1.2057778,0.07348468154668808,0.7761898040771484,0.3028888702392578,0.014696937054395676,0.4104759216308594
2123,False,normal,0.84103066,1.2037442,0.030000021681189537,0.765641450881958,0.3018720746040344,0.006000004708766937,0.4062565803527832
2124,False,normal,0.8433914,1.1827509,0.030000030994415283,0.7554576396942139,0.295687735080719,0.006000006105750799,0.40218305587768555
2125,False,normal,0.8451388,1.1649463,0.0316227562725544,0.7460046410560608,0.2912365794181824,0.006324551533907652,0.3984018564224243
2126,False,normal,0.84761906,1.1382004,0.04000002145767212,0.7280430793762207,0.28455010056495667,0.008000004105269909,0.3912172317504883
2127,False,normal,0.88873595,1.0929317,0.054772280156612396,0.3237326443195343,0.27323293685913086,0.010954456403851509,0.19423958659172058
2128,False,normal,0.90735954,1.0594338,0.04999997094273567,0.18896538019180298,0.2648584544658661,0.009999994188547134,0.11337922811508178
2129,False,normal,0.9184695,1.0325212,0.05744565650820732,0.10574590414762497,0.2581303119659424,0.011489132419228554,0.06344754248857498
2130,False,normal,0.9233709,1.0022974,0.05000001937150955,0.08529608696699142,0.25057435035705566,0.010000004433095455,0.051177652180194856
2131,False,normal,0.9239818,0.98183507,0.05099015682935715,0.0902438759803772,0.24545876681804657,0.010198031552135944,0.05414632558822632
2132,False,normal,0.9257753,0.9568699,0.04472138360142708,0.09221837669610977,0.23921747505664825,0.00894427765160799,0.05533102601766586
2133,False,normal,0.9276134,0.9383496,0.036055512726306915,0.09196356683969498,0.2345874011516571,0.007211103104054928,0.05517814010381698
2134,False,normal,0.9282586,0.925689,0.028284281492233276,0.09803785383701324,0.23142223060131073,0.005656856577843428,0.058822712302207945
2135,False,normal,0.9274545,0.9126883,0.03605549782514572,0.10665303468704224,0.22817207872867584,0.007211099844425917,0.06399182081222533
2136,False,normal,0.9265024,0.8914034,0.056568559259176254,0.11285219341516495,0.22285084426403046,0.01131371222436428,0.06771131604909897
2137,False,normal,0.92565393,0.89157164,0.06708203256130219,0.11326377093791962,0.22289292514324188,0.013416406698524952,0.06795826256275177
2138,False,normal,0.9276248,0.8937002,0.03741656243801117,0.11427231132984161,0.22342504560947418,0.007483312394469976,0.06856338679790497
2139,False,normal,0.92798096,0.90027773,0.024494903162121773,0.1159549206495285,0.22506941854953766,0.004898980725556612,0.0695729523897171
2140,False,normal,0.9272949,0.89554447,0.03605550155043602,0.1169116199016571,0.22388611733913422,0.007211100775748491,0.07014697194099426
2141,False,normal,0.92573106,0.9051519,0.05385167896747589,0.11381711065769196,0.22628797590732574,0.010770335793495178,0.06829026639461518
2142,False,normal,0.9289902,0.9049862,0.022360673174262047,0.10642614960670471,0.22624655067920685,0.004472134634852409,0.06385568976402282
2143,False,normal,0.93019164,0.90807486,0.02000001072883606,0.09628058224916458,0.22701871395111084,0.0040000020526349545,0.057768349349498746
2144,False,normal,0.9312253,0.9165697,0.017320500686764717,0.08491726219654083,0.229142427444458,0.003464100183919072,0.0509503573179245
2145,False,normal,0.93278986,0.90983516,0.022360673174262047,0.07223646342754364,0.22745878994464874,0.004472134634852409,0.04334187805652618
2146,False,normal,0.93424183,0.91874915,0.017320500686764717,0.05864414945244789,0.22968728840351105,0.003464100183919072,0.035186489671468736
2147,False,normal,0.93389046,0.93749666,0.024494880810379982,0.04732387512922287,0.23437416553497314,0.004898976068943739,0.02839432507753372
2148,False,normal,0.9349806,0.94688964,0.01732054352760315,0.03783150017261505,0.2367224097251892,0.0034641087986528873,0.02269890010356903
2149,False,normal,0.93528926,0.9565041,0.01732049137353897,0.03025156259536743,0.2391260266304016,0.0034640985541045666,0.01815093755722046
2150,False,normal,0.9338809,0.97226536,0.028284266591072083,0.02692638337612152,0.24306632578372955,0.0056568533182144165,0.01615583002567291
2151,False,normal,0.93484735,0.96917486,0.019999995827674866,0.025660064071416855,0.24229371547698975,0.003999999258667231,0.015396038442850112
2152,False,normal,0.93600786,0.9575489,0.014142122119665146,0.02570580691099167,0.23938722908496857,0.0028284243308007717,0.015423484146595001
2153,False,normal,0.9369591,0.9575489,0.0,0.026617486029863358,0.23938722908496857,0.0,0.015970491617918015
2154,False,normal,0.93598217,0.95906204,0.01000000536441803,0.027720404788851738,0.23976550996303558,0.0020000010263174772,0.016632242873311043
2155,False,normal,0.9361077,0.95131487,0.014142122119665146,0.028120482340455055,0.23782871663570404,0.0028284243308007717,0.016872289404273034
2156,False,normal,0.93595475,0.95498693,0.014142133295536041,0.02748263254761696,0.23874671757221222,0.0028284266591072083,0.016489579528570174
2157,False,normal,0.93624276,0.95713115,0.009999990463256836,0.026554478332400322,0.2392827868461609,0.0019999982323497534,0.015932686999440192
2158,False,normal,0.93470186,0.9563472,0.033166248351335526,0.025324814021587372,0.2390868067741394,0.006633250042796135,0.015194888412952422
2159,False,normal,0.93266654,0.9644688,0.054772261530160904,0.024552037939429283,0.2411171942949295,0.01095445267856121,0.01473122276365757
2160,False,normal,0.9328777,0.96436507,0.054772261530160904,0.022846227511763573,0.2410912662744522,0.01095445267856121,0.013707736507058144
2161,False,normal,0.93391126,0.97066987,0.037416569888591766,0.021796802058815956,0.24266746640205383,0.007483314257115126,0.013078081235289573
2162,False,normal,0.93564975,0.948736,0.036055538803339005,0.019583744928240776,0.23718400299549103,0.007211108226329088,0.011750246956944465
2163,False,normal,0.93762743,0.91711503,0.03741655871272087,0.018721915781497955,0.22927875816822052,0.007483311928808689,0.011233149468898774
2164,False,normal,0.93866014,0.8847034,0.044721346348524094,0.02243140898644924,0.22117586433887482,0.008944269269704819,0.013458845391869544
2165,False,normal,0.93955785,0.85638773,0.045825764536857605,0.029008271172642708,0.21409693360328674,0.009165152907371521,0.017404962703585623
2166,False,normal,0.9408066,0.8383317,0.031622789800167084,0.03688295930624008,0.20958292484283447,0.006324558053165674,0.022129775583744047
2167,False,normal,0.9396241,0.82516664,0.04582575336098671,0.0447174571454525,0.20629166066646576,0.009165151044726372,0.026830474287271498
2168,False,normal,0.937729,0.81694555,0.06708204746246338,0.051506079733371735,0.20423638820648193,0.01341641042381525,0.03090364784002304
2169,False,normal,0.93345785,0.8224354,0.1122497096657753,0.05600978061556816,0.20560885965824127,0.02244994230568409,0.033605868369340895
2170,False,normal,0.9328043,0.8266196,0.11357817053794861,0.058446820825338364,0.20665492117404938,0.02271563559770584,0.03506809249520302
2171,True,sudden,0.51184404,3.001483,2.760253667831421,0.4589375853538513,0.8502224683761597,0.4440290033817291,0.2753625512123108
2172,False,normal,0.62843245,3.6669605,0.7345067262649536,0.7371066212654114,0.9500440359115601,0.14690135419368744,0.3948426485061646
2173,False,normal,0.5603069,1.7096491,2.396601676940918,0.7453637719154358,0.5548245310783386,0.4024687707424164,0.3981455087661743
2174,False,normal,0.7481445,1.5754682,0.6678323149681091,0.747931718826294,0.4877340793609619,0.1335664689540863,0.3991726875305176
2175,False,normal,0.78635174,1.3222331,0.5829237103462219,0.7456231117248535,0.36111652851104736,0.11658474802970886,0.3982492446899414
2176,False,normal,0.8316852,1.0535179,0.3059411644935608,0.7440540194511414,0.2633794844150543,0.0611882358789444,0.3976216077804565
2177,False,normal,0.8462127,0.9169514,0.22516664862632751,0.7448794841766357,0.22923783957958221,0.045033328235149384,0.3979517936706543
2178,False,normal,0.8581465,0.81987804,0.14352700114250183,0.7480823993682861,0.20496951043605804,0.028705401346087456,0.39923295974731443
2179,False,normal,0.84399843,0.92962354,0.23999997973442078,0.7487509846687317,0.232405886054039,0.047999996691942215,0.3995003938674927
2180,False,normal,0.8297904,1.1317686,0.2632489502429962,0.7466298341751099,0.28294214606285095,0.05264979228377342,0.3986519336700439
2181,False,normal,0.83264226,1.2337341,0.11489128321409225,0.744051456451416,0.31686705350875854,0.02297825738787651,0.39762058258056643
2182,False,normal,0.84035325,1.2283729,0.024494929239153862,0.7407872676849365,0.3141864538192749,0.00489898631349206,0.3963149070739746
2183,False,normal,0.84215164,1.1896217,0.060827627778053284,0.7366869449615479,0.2974054217338562,0.012165525928139687,0.39467477798461914
2184,False,normal,0.844882,1.141096,0.06999994069337845,0.7318682670593262,0.2852739989757538,0.013999988324940205,0.3927473068237305
2185,False,normal,0.8487973,1.0850806,0.07000001519918442,0.7266894578933716,0.27127015590667725,0.014000004157423973,0.39067578315734863
2186,False,normal,0.8534771,1.0615554,0.033166270703077316,0.7211021184921265,0.2653888463973999,0.006633254699409008,0.3884408473968506
2187,False,normal,0.8528705,1.0713075,0.040000006556510925,0.7146591544151306,0.2678268849849701,0.008000001311302185,0.38586366176605225
2188,False,normal,0.8512994,1.0927489,0.05099020525813103,0.7072444558143616,0.27318722009658813,0.010198041796684265,0.3828977823257446
2189,False,normal,0.85051095,1.1232542,0.0447213277220726,0.699144721031189,0.2808135449886322,0.008944266475737095,0.3796578884124756
2190,False,normal,0.8521764,1.1317686,0.024494923651218414,0.690636932849884,0.28294214606285095,0.004898984916508198,0.3762547731399536
2191,False,normal,0.8612459,1.134284,0.017320508137345314,0.5820293426513672,0.2835710048675537,0.0034641018137335777,0.33281173706054684
2192,False,normal,0.90480936,1.1311499,0.010000020265579224,0.19786469638347626,0.2827874720096588,0.0020000042859464884,0.11871881783008575
2193,False,normal,0.9088009,1.107294,0.05099020525813103,0.15140792727470398,0.276823490858078,0.010198041796684265,0.09084475636482238
2194,False,normal,0.9144162,1.0831897,0.06164414435625076,0.11050953716039658,0.2707974314689636,0.012328828684985638,0.06630572229623795
2195,False,normal,0.91891253,1.0798612,0.024494897574186325,0.09799172729253769,0.2699652910232544,0.00489897932857275,0.05879503637552261
2196,False,normal,0.9196725,1.0634378,0.028284255415201187,0.09784445911645889,0.265859454870224,0.00565685098990798,0.05870667546987533
2197,False,normal,0.9216748,1.0532806,0.022360673174262047,0.09015101939439774,0.2633201479911804,0.004472134634852409,0.05409061163663864
2198,False,normal,0.92424,1.0401922,0.037416595965623856,0.0661810040473938,0.2600480616092682,0.007483319379389286,0.039708602428436275
2199,False,normal,0.9256985,1.0113357,0.05656851828098297,0.057086605578660965,0.25283393263816833,0.011313704773783684,0.03425196334719658
2200,False,normal,0.9272409,0.9815294,0.050990212708711624,0.06324346363544464,0.24538235366344452,0.01019804272800684,0.03794607818126678
2201,False,normal,0.9282124,0.9757561,0.04582574591040611,0.06138254702091217,0.24393902719020844,0.009165149182081223,0.0368295282125473
2202,False,normal,0.930045,0.96384645,0.036055516451597214,0.05842004343867302,0.24096159636974335,0.007211103569716215,0.03505202606320381
2203,False,normal,0.93010116,0.95299524,0.044721364974975586,0.05818776786327362,0.238248810172081,0.008944272994995117,0.03491266071796417
2204,False,normal,0.9298933,0.93520045,0.056568536907434464,0.06178366020321846,0.23380009829998016,0.011313707567751408,0.037070196121931076
2205,False,normal,0.9304198,0.9330059,0.04358900338411331,0.0666511282324791,0.23325148224830627,0.008717801421880722,0.039990676939487456
2206,False,normal,0.93017375,0.93664294,0.03741656243801117,0.07066529244184494,0.23416073620319366,0.007483312394469976,0.042399175465106964
2207,False,normal,0.93128884,0.93016124,0.02236068807542324,0.07415837794542313,0.2325403094291687,0.0044721378944814205,0.04449502676725387
2208,False,normal,0.93136394,0.93584186,0.014142122119665146,0.07571088522672653,0.23396046459674835,0.0028284243308007717,0.04542653113603592
2209,False,normal,0.931203,0.93010753,0.02236068807542324,0.07490192353725433,0.23252688348293304,0.0044721378944814205,0.0449411541223526
2210,False,normal,0.93150294,0.9374434,0.01732049509882927,0.07173193246126175,0.23436084389686584,0.003464099019765854,0.04303915947675705
2211,False,normal,0.9317196,0.9481561,0.014142127707600594,0.0663333460688591,0.23703902959823608,0.00282842549495399,0.03980000764131546
2212,False,normal,0.93221086,0.9434511,0.02236069180071354,0.05955348163843155,0.23586277663707733,0.004472138825803995,0.03573208898305893
2213,False,normal,0.9310533,0.95984375,0.03464104235172272,0.05298694223165512,0.2399609386920929,0.006928208749741316,0.031792165338993074
2214,False,normal,0.93117565,0.9652461,0.03741656616330147,0.04741869866847992,0.24131152033805847,0.007483313791453838,0.02845121920108795
2215,False,normal,0.9332731,0.96260065,0.02236068621277809,0.040727924555540085,0.24065016210079193,0.004472137428820133,0.02443675473332405
2216,False,normal,0.933146,0.97416633,0.02449488639831543,0.03442899510264397,0.24354158341884613,0.004898977465927601,0.02065739706158638
2217,False,normal,0.93564606,0.9646243,0.009999990463256836,0.02762421779334545,0.24115605652332306,0.0019999982323497534,0.01657453067600727
2218,False,normal,0.9352994,0.9743716,0.017320508137345314,0.020860929042100906,0.24359290301799774,0.0034641018137335777,0.012516557425260543
2219,False,normal,0.93595195,0.97478205,0.014142133295536041,0.01719600521028042,0.24369551241397858,0.0028284266591072083,0.010317603126168251
2220,False,normal,0.9370707,0.97478205,0.0,0.01671174168586731,0.24369551241397858,0.0,0.010027045011520385
2221,False,normal,0.9358214,0.97128785,0.02000001072883606,0.0164424329996109,0.24282196164131165,0.0040000020526349545,0.00986545979976654
2222,False,normal,0.93697155,0.96010417,0.014142122119665146,0.016343804076313972,0.24002604186534882,0.0028284243308007717,0.009806282445788383
2223,False,normal,0.9364274,0.9681942,0.014142133295536041,0.01666492596268654,0.24204854667186737,0.0028284266591072083,0.009998955577611922
2224,False,normal,0.93661195,0.97061837,0.009999990463256836,0.01645352877676487,0.24265459179878235,0.0019999982323497534,0.009872117266058921
2225,False,normal,0.93690205,0.96254873,0.014142133295536041,0.01564990170300007,0.2406371831893921,0.0028284266591072083,0.009389941021800042
2226,False,normal,0.9371934,0.9641577,0.009999990463256836,0.014972761273384094,0.2410394251346588,0.0019999982323497534,0.008983656764030457
2227,False,normal,0.937963,0.95462036,0.009999990463256836,0.013527078554034233,0.23865507543087006,0.0019999982323497534,0.00811624713242054
2228,False,normal,0.9388439,0.95462036,0.0,0.012435958720743656,0.23865507543087006,0.0,0.007461575232446193
2229,False,normal,0.93808585,0.94942087,0.01732054352760315,0.010635779239237309,0.23735521733760834,0.0034641087986528873,0.006381467543542385
2230,False,normal,0.938813,0.9426558,0.014142122119665146,0.010086608119308949,0.23566395044326782,0.0028284243308007717,0.006051964871585369
2231,False,normal,0.9371029,0.95136744,0.030000001192092896,0.009888364933431149,0.23784185945987701,0.0060000005178153515,0.005933018960058689
2232,False,normal,0.93678695,0.9483143,0.037416569888591766,0.009476193226873875,0.23707856237888336,0.007483314257115126,0.005685715936124325
2233,False,normal,0.9384846,0.9267686,0.028284266591072083,0.012258486822247505,0.2316921502351761,0.0056568533182144165,0.007355092093348503
2234,False,normal,0.93973035,0.90824,0.020000040531158447,0.016705455258488655,0.227060005068779,0.004000008571892977,0.010023273155093193
2235,False,normal,0.93878824,0.89465076,0.03605550155043602,0.021599335595965385,0.22366268932819366,0.007211100775748491,0.012959601357579231
2236,False,normal,0.93919766,0.8697701,0.041231051087379456,0.027911623939871788,0.21744252741336823,0.008246210403740406,0.016746974363923074
2237,False,normal,0.9395271,0.84917605,0.042426418513059616,0.0351451076567173,0.21229401230812073,0.008485284633934498,0.02108706459403038
2238,False,normal,0.9391291,0.8420808,0.04472135752439499,0.040723029524087906,0.2105201929807663,0.008944272063672543,0.024433817714452744
2239,False,normal,0.93729764,0.835823,0.06708202511072159,0.0452689528465271,0.20895574986934662,0.013416405767202377,0.02716137170791626
2240,False,normal,0.9376801,0.82897526,0.061644162982702255,0.04904666543006897,0.20724381506443024,0.01232883334159851,0.02942799925804138
2241,False,normal,0.9343002,0.82613564,0.1044030413031578,0.05196785554289818,0.20653390884399414,0.02088060975074768,0.031180713325738907
2242,False,normal,0.93327063,0.8271638,0.11357817053794861,0.05427701771259308,0.206790953874588,0.02271563559770584,0.032566210627555846
2243,False,normal,0.53570604,2.6230328,2.3841350078582764,0.3779667615890503,0.7934548854827881,0.40104401111602783,0.22678005695343018
2244,False,normal,0.61372596,3.4851398,1.1018619537353516,0.6617705225944519,0.9227709770202637,0.22037239372730255,0.3647082090377808
2245,False,normal,0.56224185,2.0074363,1.8567174673080444,0.6882132887840271,0.7011154294013977,0.3407677114009857,0.37528531551361083
2246,False,normal,0.74098027,1.5268594,0.9053727984428406,0.6907417178153992,0.46342968940734863,0.18107455968856812,0.37629668712615966
2247,False,normal,0.7697651,1.4574978,0.6373382210731506,0.69059157371521,0.4287489056587219,0.12746764719486237,0.376236629486084
2248,False,normal,0.829597,1.1480854,0.31464260816574097,0.6881185173988342,0.28702133893966675,0.06292852759361267,0.3752474069595337
2249,False,normal,0.840691,0.9721111,0.3138471245765686,0.6876695156097412,0.24302777647972107,0.06276942789554596,0.37506780624389646
2250,False,normal,0.8600701,0.8675252,0.14071246981620789,0.689451277256012,0.21688130497932434,0.028142495080828667,0.3757805109024048
2251,False,normal,0.8524803,0.92249656,0.19544820487499237,0.6900627613067627,0.23062413930892944,0.039089642465114594,0.3760251045227051
2252,False,normal,0.8336904,1.1004089,0.30016660690307617,0.687768816947937,0.2751022279262543,0.06003332510590553,0.3751075267791748
2253,False,normal,0.8366322,1.2253163,0.13964241743087769,0.6841261386871338,0.3126581311225891,0.027928484603762627,0.37365045547485354
2254,False,normal,0.8405912,1.2555875,0.041231073439121246,0.6796008944511414,0.3277937173843384,0.008246215060353279,0.37184035778045654
2255,False,normal,0.84424627,1.229024,0.04242638871073723,0.6742963790893555,0.3145120143890381,0.008485278114676476,0.3697185516357422
2256,False,normal,0.84784186,1.1744361,0.07071073353290558,0.6681573987007141,0.29360902309417725,0.01414214726537466,0.36726295948028564
2257,False,normal,0.8526834,1.1355175,0.045825742185115814,0.661372721195221,0.2838793694972992,0.009165149182081223,0.36454908847808837
2258,False,normal,0.8554456,1.1195087,0.029999980702996254,0.6541885733604431,0.2798771858215332,0.005999996326863766,0.36167542934417723
2259,False,normal,0.85674953,1.1177657,0.02236071228981018,0.6464136242866516,0.2794414162635803,0.004472142551094294,0.35856544971466064
2260,False,normal,0.8562051,1.1244999,0.03316625952720642,0.6378268599510193,0.2811249792575836,0.0066332523711025715,0.3551307439804077
2261,False,normal,0.8561553,1.1392541,0.03162277489900589,0.6283701658248901,0.2848135232925415,0.00632455525919795,0.3513480663299561
2262,False,normal,0.8578825,1.141578,0.01732049137353897,0.6183728575706482,0.28539448976516724,0.0034640985541045666,0.34734914302825926
2263,False,normal,0.8629856,1.1372774,0.024494923651218414,0.5512179732322693,0.28431934118270874,0.004898984916508198,0.3204871892929077
2264,False,normal,0.89972126,1.1201786,0.02449488639831543,0.23692022264003754,0.28004464507102966,0.004898977465927601,0.1421521335840225
2265,False,normal,0.91202915,1.1135979,0.009999990463256836,0.1468416005373001,0.2783994674682617,0.0019999982323497534,0.08810496032238006
2266,False,normal,0.9151854,1.094212,0.028284307569265366,0.11920850723981857,0.2735530138015747,0.005656861700117588,0.07152510434389114
2267,False,normal,0.918026,1.0638609,0.05744559317827225,0.0931190624833107,0.26596522331237793,0.011489118449389935,0.055871437489986416
2268,False,normal,0.91979647,1.0419213,0.05099022760987282,0.09382635354995728,0.2604803144931793,0.010198046453297138,0.056295812129974365
2269,False,normal,0.9213916,1.0220568,0.050990182906389236,0.09087977558374405,0.2555142045021057,0.010198037140071392,0.05452786535024643
2270,False,normal,0.92430466,1.0161201,0.04123106598854065,0.07579581439495087,0.2540300190448761,0.00824621319770813,0.04547748863697052
2271,False,normal,0.9273886,1.0066776,0.022360673174262047,0.06680840253829956,0.25166940689086914,0.004472134634852409,0.04008504152297974
2272,False,normal,0.9260973,0.9946356,0.04123106226325035,0.07204721868038177,0.2486588954925537,0.00824621319770813,0.04322833120822906
2273,False,normal,0.9273175,0.97969383,0.03605550155043602,0.07289548218250275,0.2449234575033188,0.007211100775748491,0.043737289309501645
2274,False,normal,0.9271335,0.9629642,0.05744563788175583,0.06977351754903793,0.24074102938175201,0.01148912776261568,0.04186411052942276
2275,False,normal,0.92872447,0.94069123,0.056568536907434464,0.06866403669118881,0.2351728081703186,0.011313707567751408,0.041198422014713285
2276,False,normal,0.93003726,0.92130345,0.05000001937150955,0.07192728668451309,0.2303258627653122,0.010000004433095455,0.04315637201070786
2277,False,normal,0.9295823,0.9093954,0.05830952152609825,0.07672737538814545,0.22734884917736053,0.01166190393269062,0.046036425232887264
2278,False,normal,0.9296835,0.90917546,0.05099017918109894,0.08057290315628052,0.22729386389255524,0.010198036208748817,0.04834374189376831
2279,False,normal,0.92924994,0.90779954,0.0538516491651535,0.0831141471862793,0.22694988548755646,0.01077033020555973,0.04986848831176758
2280,False,normal,0.9287946,0.9314505,0.04123108088970184,0.08247798681259155,0.23286262154579163,0.008246216922998428,0.04948679208755493
2281,False,normal,0.93138814,0.93322027,0.01000000536441803,0.07946322113275528,0.23330505192279816,0.0020000010263174772,0.047677932679653166
2282,False,normal,0.93088156,0.93584186,0.022360658273100853,0.07459377497434616,0.23396046459674835,0.0044721318408846855,0.0447562649846077
2283,False,normal,0.9315435,0.943875,0.01732051745057106,0.06804375350475311,0.23596875369548798,0.0034641034435480833,0.040826252102851866
2284,False,normal,0.9314867,0.94926286,0.024494873359799385,0.06122671067714691,0.23731571435928345,0.004898975137621164,0.03673602640628815
2285,False,normal,0.93247837,0.9579144,0.01732051745057106,0.05294119939208031,0.23947860300540924,0.0034641034435480833,0.031764719635248184
2286,False,normal,0.93297493,0.96943283,0.014142164029181004,0.044790636748075485,0.24235820770263672,0.0028284327127039433,0.02687438204884529
2287,False,normal,0.9332729,0.9762172,0.014142122119665146,0.038774073123931885,0.24405430257320404,0.0028284243308007717,0.02326444387435913
2288,False,normal,0.93337715,0.9734989,0.022360678762197495,0.0341845341026783,0.24337472021579742,0.004472136031836271,0.020510720461606978
2289,False,normal,0.93342066,0.9784682,0.02236068621277809,0.03123338706791401,0.2446170449256897,0.004472137428820133,0.018740032240748404
2290,False,normal,0.93481755,0.9763708,0.009999990463256836,0.028410518541932106,0.24409270286560059,0.0019999982323497534,0.017046311125159263
2291,False,normal,0.9352157,0.9743716,0.01000000536441803,0.026133891195058823,0.24359290301799774,0.0020000010263174772,0.015680334717035293
2292,False,normal,0.93585503,0.96260065,0.014142133295536041,0.024348191916942596,0.24065016210079193,0.0028284266591072083,0.014608915150165557
2293,False,normal,0.9363367,0.95294285,0.017320500686764717,0.02337796613574028,0.2382357120513916,0.003464100183919072,0.014026779681444168
2294,False,normal,0.9373252,0.9413288,0.014142175205051899,0.0231759212911129,0.2353322058916092,0.00282843504101038,0.01390555277466774
2295,False,normal,0.93801993,0.92967737,0.014142133295536041,0.023454593494534492,0.23241934180259705,0.0028284266591072083,0.014072756096720694
2296,False,normal,0.9384916,0.9222256,0.014142133295536041,0.023405464366078377,0.2305563986301422,0.0028284266591072083,0.014043278619647026
2297,False,normal,0.9376039,0.92887026,0.022360678762197495,0.022205330431461334,0.23221756517887115,0.004472136031836271,0.0133231982588768
2298,False,normal,0.93471843,0.94413984,0.05099020525813103,0.020404700189828873,0.23603495955467224,0.010198041796684265,0.012242820113897324
2299,False,normal,0.93466836,0.9483143,0.0519615039229393,0.01804082840681076,0.23707856237888336,0.01039230078458786,0.010824497044086456
2300,False,normal,0.9327929,0.9681942,0.060827627778053284,0.017774349078536034,0.24204854667186737,0.012165525928139687,0.01066460944712162
2301,False,normal,0.93383014,0.9738583,0.042426396161317825,0.017680928111076355,0.24346457421779633,0.008485279977321625,0.010608556866645812
2302,False,normal,0.93547374,0.95467275,0.03741660341620445,0.017108039930462837,0.23866818845272064,0.007483320776373148,0.010264823958277701
2303,False,normal,0.93746233,0.925905,0.033166222274303436,0.018176162615418434,0.23147623240947723,0.006633244454860687,0.01090569756925106
2304,False,normal,0.9380643,0.89044935,0.046904176473617554,0.023040179163217545,0.22261233627796173,0.009380835108458996,0.013824107497930527
2305,False,normal,0.9381456,0.8614523,0.05830949917435646,0.030337145552039146,0.21536307036876678,0.011661900207400322,0.018202287331223487
2306,False,normal,0.93676484,0.8430896,0.0806225910782814,0.037461310625076294,0.21077239513397217,0.01612451858818531,0.022476786375045774
2307,False,normal,0.9386238,0.83892787,0.05099020153284073,0.04265812411904335,0.20973196625709534,0.01019804086536169,0.02559487447142601
2308,False,normal,0.9389848,0.844926,0.03605550155043602,0.045859623700380325,0.21123149991035461,0.007211100775748491,0.027515774220228193
2309,False,normal,0.9367124,0.8508819,0.05916079133749008,0.047253772616386414,0.21272046864032745,0.011832159012556076,0.028352263569831847
2310,False,normal,0.93444717,0.8718372,0.0728011205792427,0.04669103026390076,0.21795929968357086,0.014560224488377571,0.028014618158340453
2311,True,sudden,0.51990104,2.9444695,2.9492032527923584,0.44492191076278687,0.8416703939437866,0.46562325954437256,0.2669531464576721
2312,False,normal,0.5628859,4.1157503,1.3657599687576294,0.8085261583328247,1.0,0.27315202355384827,0.42341046333312987
2313,False,normal,0.5301126,1.7592611,2.687601089477539,0.8166306018829346,0.5796305537223816,0.4357258677482605,0.4266522407531738
2314,False,normal,0.69849336,1.5191445,1.350333333015442,0.8167324662208557,0.4595722556114197,0.27006667852401733,0.4266929864883423
2315,False,normal,0.7766345,1.4503448,0.4253234267234802,0.8146641850471497,0.4251723885536194,0.08506468683481216,0.4258656740188599
2316,False,normal,0.81044096,1.1861281,0.407185435295105,0.8110887408256531,0.2965320348739624,0.08143708854913712,0.42443549633026123
2317,False,normal,0.83318716,0.9849366,0.2727636396884918,0.8099628686904907,0.24623414874076843,0.05455273017287254,0.4239851474761963
2318,False,normal,0.8505175,0.8328866,0.16552944481372833,0.8126543164253235,0.2082216441631317,0.033105891197919846,0.4250617265701294
2319,False,normal,0.8395666,0.9150956,0.24228082597255707,0.8133606314659119,0.22877390682697296,0.04845616966485977,0.42534425258636477
2320,False,normal,0.83048725,1.0878419,0.22135943174362183,0.811508059501648,0.27196046710014343,0.044271886348724365,0.4246032238006592
2321,False,normal,0.82949543,1.2046576,0.13638177514076233,0.8086718320846558,0.30232876539230347,0.027276357635855675,0.4234687328338623
2322,False,normal,0.8302969,1.2083046,0.12328827381134033,0.8052303194999695,0.30415230989456177,0.024657655507326126,0.4220921277999878
2323,False,normal,0.8383702,1.1347687,0.0877496525645256,0.8015685677528381,0.2836921811103821,0.01754993200302124,0.42062742710113527
2324,False,normal,0.8429984,1.0994998,0.060000013560056686,0.7972863912582397,0.2748749554157257,0.012000003829598427,0.4189145565032959
2325,False,normal,0.845142,1.0929319,0.042426396161317825,0.7920970916748047,0.27323296666145325,0.008485279977321625,0.4168388366699219
2326,False,normal,0.84523356,1.0841126,0.054772257804870605,0.7862682342529297,0.27102816104888916,0.010954451747238636,0.4145072937011719
2327,False,normal,0.84693146,1.0909629,0.03316624090075493,0.7799490690231323,0.2727407217025757,0.006633248645812273,0.41197962760925294
2328,False,normal,0.84670603,1.1136427,0.024494873359799385,0.7731776833534241,0.2784106731414795,0.004898975137621164,0.40927107334136964
2329,False,normal,0.8472022,1.127209,0.014142164029181004,0.7660825252532959,0.281802237033844,0.0028284327127039433,0.4064330101013184
2330,False,normal,0.8487959,1.127209,0.0,0.7594190835952759,0.281802237033844,0.0,0.40376763343811034
2331,False,normal,0.85413617,1.1222299,0.024494873359799385,0.6735915541648865,0.2805574834346771,0.004898975137621164,0.3694366216659546
2332,False,normal,0.90495384,1.1181234,0.01414218544960022,0.20085671544075012,0.2795308530330658,0.0028284373693168163,0.12051402926445007
2333,False,normal,0.9122378,1.1046267,0.014142122119665146,0.14718608558177948,0.2761566638946533,0.0028284243308007717,0.08831165134906768
2334,False,normal,0.9155434,1.0830051,0.036055535078048706,0.11720540374517441,0.2707512676715851,0.007211107295006514,0.07032324224710464
2335,False,normal,0.9202881,1.0720074,0.02999999187886715,0.08717881888151169,0.26800185441970825,0.005999998655170202,0.05230729132890701
2336,False,normal,0.9218352,1.0543244,0.028284266591072083,0.08456861227750778,0.2635810971260071,0.0056568533182144165,0.05074116736650467
2337,False,normal,0.92367727,1.051903,0.009999990463256836,0.08190672844648361,0.2629757523536682,0.0019999982323497534,0.04914403706789017
2338,False,normal,0.9261652,1.0410571,0.022360699251294136,0.05909726768732071,0.2602642774581909,0.004472140222787857,0.03545836061239242
2339,False,normal,0.9279086,1.0223991,0.03605550155043602,0.045727312564849854,0.2555997669696808,0.007211100775748491,0.027436387538909913
2340,False,normal,0.92795295,1.0124723,0.03741657733917236,0.049677275121212006,0.2531180679798126,0.007483316119760275,0.0298063650727272
2341,False,normal,0.9282043,1.0024968,0.0458257794380188,0.04752279072999954,0.2506242096424103,0.009165155701339245,0.028513674437999723
2342,False,normal,0.92892724,0.983209,0.05744559317827225,0.04428139328956604,0.24580225348472595,0.011489118449389935,0.026568835973739623
2343,False,normal,0.9284811,0.98025507,0.06164415180683136,0.04691349342465401,0.24506376683712006,0.012328831478953362,0.028148096054792404
2344,False,normal,0.92981625,0.96384645,0.04999998211860657,0.05161120742559433,0.24096159636974335,0.009999996051192284,0.030966724455356597
2345,False,normal,0.9306073,0.9459916,0.04582575708627701,0.05692707747220993,0.2364978939294815,0.009165151976048946,0.03415624648332596
2346,False,normal,0.93068635,0.9467312,0.03741657733917236,0.06113903224468231,0.23668280243873596,0.007483316119760275,0.03668341934680939
2347,False,normal,0.9307867,0.94010633,0.03605550155043602,0.06460372358560562,0.23502658307552338,0.007211100775748491,0.03876223415136337
2348,False,normal,0.9300302,0.93193346,0.05000000074505806,0.06644939631223679,0.23298336565494537,0.010000000707805157,0.03986963778734207
2349,False,normal,0.93047774,0.9334881,0.04358898848295212,0.06591744720935822,0.2333720177412033,0.008717798627912998,0.03955046832561493
2350,False,normal,0.931971,0.93669635,0.024494929239153862,0.06373617053031921,0.23417408764362335,0.00489898631349206,0.038241702318191524
2351,False,normal,0.93283254,0.94212526,0.014142122119665146,0.060199785977602005,0.23553131520748138,0.0028284243308007717,0.0361198715865612
2352,False,normal,0.9339145,0.93856275,0.009999990463256836,0.05562778189778328,0.2346406877040863,0.0019999982323497534,0.03337666913866997
2353,False,normal,0.9331665,0.94292104,0.024494899436831474,0.05053187161684036,0.23573026061058044,0.004898980259895325,0.030319122970104216
2354,False,normal,0.9341175,0.94894683,0.014142122119665146,0.04593905434012413,0.23723670840263367,0.0028284243308007717,0.027563432604074477
2355,False,normal,0.93388754,0.9521555,0.02236068621277809,0.04104720801115036,0.23803886771202087,0.004472137428820133,0.024628324806690215
2356,False,normal,0.93388754,0.9579144,0.024494905024766922,0.03671422600746155,0.23947860300540924,0.004898981191217899,0.02202853560447693
2357,False,normal,0.93488264,0.96467614,0.014142164029181004,0.03137059137225151,0.2411690205335617,0.0028284327127039433,0.018822354823350904
2358,False,normal,0.93599904,0.9621331,0.01000000536441803,0.02598031610250473,0.2405332773923874,0.0020000010263174772,0.015588189661502837
2359,False,normal,0.9360564,0.95734006,0.019999995827674866,0.02174888737499714,0.23933501541614532,0.003999999258667231,0.013049332424998283
2360,False,normal,0.9359422,0.95304775,0.03162277489900589,0.01767193339765072,0.23826193809509277,0.00632455525919795,0.010603160038590432
2361,False,normal,0.9378883,0.955301,0.01000000536441803,0.013794791884720325,0.2388252466917038,0.0020000010263174772,0.008276875130832195
2362,False,normal,0.93720615,0.9526804,0.024494916200637817,0.011785143055021763,0.2381701022386551,0.004898983519524336,0.007071085833013057
2363,False,normal,0.9383012,0.94799787,0.017320500686764717,0.009582562372088432,0.23699946701526642,0.003464100183919072,0.005749537423253059
2364,False,normal,0.93782663,0.9534673,0.02000001072883606,0.009014028124511242,0.23836682736873627,0.0040000020526349545,0.005408416874706745
2365,False,normal,0.9373945,0.95718336,0.022360658273100853,0.009204273112118244,0.2392958402633667,0.0044721318408846855,0.005522563867270946
2366,False,normal,0.93605685,0.95173526,0.04472137242555618,0.009213447570800781,0.23793381452560425,0.008944274857640266,0.005528068542480468
2367,False,normal,0.93652034,0.9489468,0.04123104736208916,0.008984391577541828,0.23723669350147247,0.008246210403740406,0.005390634946525097
2368,False,normal,0.9369023,0.9542536,0.03316624090075493,0.008078237064182758,0.2385634034872055,0.006633248645812273,0.004846942238509655
2369,False,normal,0.9378551,0.9538868,0.02236068621277809,0.007082405034452677,0.23847170174121857,0.004472137428820133,0.004249443020671606
2370,False,normal,0.938744,0.94720644,0.017320500686764717,0.006304365582764149,0.2368016093969345,0.003464100183919072,0.003782619349658489
2371,False,normal,0.93959785,0.93626916,0.014142133295536041,0.006872364319860935,0.23406729102134705,0.0028284266591072083,0.004123418591916561
2372,False,normal,0.93966585,0.910055,0.028284244239330292,0.01112015824764967,0.22751374542713165,0.005656848661601543,0.006672094948589801
2373,False,normal,0.9392626,0.88679194,0.04242641106247902,0.017757175490260124,0.22169800102710724,0.008485282771289349,0.010654305294156074
2374,False,normal,0.9397234,0.8649855,0.04242642596364021,0.025275593623518944,0.21624638140201569,0.008485285565257072,0.015165356174111366
2375,False,normal,0.938898,0.83845097,0.061644114553928375,0.03396220505237579,0.20961274206638336,0.01232882309705019,0.020377323031425476
2376,False,normal,0.9377948,0.8207923,0.0781024917960167,0.04206644743680954,0.20519807934761047,0.015620498917996883,0.025239868462085722
2377,False,normal,0.9330535,0.83270645,0.12449901551008224,0.04637429863214493,0.2081766277551651,0.02489980310201645,0.027824579179286955
2378,False,normal,0.9319935,0.84723073,0.12328826636075974,0.04839983582496643,0.21180768311023712,0.024657653644680977,0.029039901494979856
2379,False,normal,0.9297826,0.83336663,0.16031219065189362,0.05090462788939476,0.20834167301654816,0.03206244111061096,0.030542776733636853
2380,True,sudden,0.5017008,3.0362642,2.5645272731781006,0.4660646915435791,0.8554396033287048,0.42166027426719666,0.27963881492614745
2381,False,normal,0.624163,3.705361,0.7605261206626892,0.7480818629264832,0.9558041095733643,0.15210524201393127,0.39923274517059326
2382,False,normal,0.57325983,1.6181471,2.3625619411468506,0.7531704902648926,0.5090735554695129,0.3985785245895386,0.40126819610595704
2383,False,normal,0.737812,1.4900671,0.9416475296020508,0.7538260221481323,0.44503355026245117,0.18832950294017792,0.40153040885925295
2384,False,normal,0.8163667,1.2209013,0.34539833664894104,0.751447856426239,0.31045061349868774,0.06907966732978821,0.4005791425704956
2385,False,normal,0.8273599,1.1013174,0.3179622292518616,0.7495072484016418,0.2753293514251709,0.06359244883060455,0.3998028993606567
2386,False,normal,0.84637606,0.9705153,0.17378146946430206,0.7491635680198669,0.24262882769107819,0.03475629538297653,0.3996654272079468
2387,False,normal,0.85554934,0.8351047,0.1615549623966217,0.7517499923706055,0.20877619087696075,0.03231099247932434,0.4006999969482422
2388,False,normal,0.8451572,0.9024411,0.24289914965629578,0.7527850270271301,0.22561027109622955,0.048579830676317215,0.4011140108108521
2389,False,normal,0.830327,1.1051697,0.2738613188266754,0.7507540583610535,0.2762924134731293,0.0547722652554512,0.4003016233444214
2390,False,normal,0.8391006,1.1837652,0.09433978796005249,0.7479826807975769,0.2959412932395935,0.018867958337068558,0.3991930723190308
2391,False,normal,0.84511083,1.1754574,0.024494880810379982,0.7448244690895081,0.29386433959007263,0.004898976068943739,0.3979297876358032
2392,False,normal,0.84596515,1.1346806,0.05099020525813103,0.7411634922027588,0.2836701571941376,0.010198041796684265,0.3964653968811035
2393,False,normal,0.8489189,1.1029506,0.04242642596364021,0.737058699131012,0.2757376432418823,0.008485285565257072,0.3948234796524048
2394,False,normal,0.8501183,1.0898165,0.04242638871073723,0.7323275804519653,0.2724541127681732,0.008485278114676476,0.3929310321807861
2395,False,normal,0.85227776,1.0682228,0.037416595965623856,0.7269010543823242,0.2670556902885437,0.007483319379389286,0.3907604217529297
2396,False,normal,0.8533022,1.0687376,0.02999999187886715,0.7206465601921082,0.26718440651893616,0.005999998655170202,0.38825862407684325
2397,False,normal,0.85604066,1.0687376,0.0,0.7145403027534485,0.26718440651893616,0.0,0.3858161211013794
2398,False,normal,0.85350025,1.0791664,0.03162280470132828,0.708501398563385,0.2697916030883789,0.006324561312794685,0.383400559425354
2399,False,normal,0.8544364,1.0841126,0.022360658273100853,0.7016191482543945,0.27102816104888916,0.0044721318408846855,0.3806476593017578
2400,False,normal,0.86296535,1.0920165,0.024494873359799385,0.5868309140205383,0.27300411462783813,0.004898975137621164,0.33473236560821534
2401,False,normal,0.9104381,1.0887607,0.017320526763796806,0.16846098005771637,0.2721901834011078,0.003464105539023876,0.10107658803462982
2402,False,normal,0.91597086,1.0882095,0.014142164029181004,0.12462835758924484,0.2720523774623871,0.0028284327127039433,0.0747770145535469
2403,False,normal,0.92083985,1.0841587,0.014142164029181004,0.08616311103105545,0.2710396647453308,0.0028284327127039433,0.05169786661863327
2404,False,normal,0.9213695,1.0758252,0.024494873359799385,0.07961929589509964,0.2689563035964966,0.004898975137621164,0.04777157753705978
2405,False,normal,0.92189837,1.0679888,0.02449491061270237,0.0792936235666275,0.26699718832969666,0.004898982122540474,0.0475761741399765
2406,False,normal,0.9228966,1.0668178,0.01732049137353897,0.07606832683086395,0.2667044401168823,0.0034640985541045666,0.04564099609851837
2407,False,normal,0.9263381,1.0645188,0.01000000536441803,0.05316244810819626,0.2661297023296356,0.0020000010263174772,0.031897468864917754
2408,False,normal,0.9267442,1.0515226,0.045825764536857605,0.03415592759847641,0.2628806531429291,0.009165152907371521,0.020493556559085847
2409,False,normal,0.9258876,1.0435036,0.061644136905670166,0.03558426350355148,0.2608759105205536,0.012328827753663063,0.02135055810213089
2410,False,normal,0.92788494,1.0036434,0.07211102545261383,0.03315822035074234,0.25091084837913513,0.014422206208109856,0.019894932210445405
2411,False,normal,0.93038994,0.9728309,0.06403125077486038,0.03338130936026573,0.24320772290229797,0.012806250713765621,0.02002878561615944
2412,False,normal,0.93084234,0.96389836,0.059160780161619186,0.0373077355325222,0.24097459018230438,0.011832156218588352,0.02238464131951332
2413,False,normal,0.9317197,0.94942087,0.05000000074505806,0.04326218366622925,0.23735521733760834,0.010000000707805157,0.025957310199737547
2414,False,normal,0.93206364,0.9501579,0.03741657733917236,0.047877177596092224,0.23753945529460907,0.007483316119760275,0.02872630655765533
2415,False,normal,0.93265265,0.9425497,0.028284277766942978,0.05263879895210266,0.23563741147518158,0.005656855646520853,0.0315832793712616
2416,False,normal,0.9325718,0.935735,0.028284259140491486,0.056861761957407,0.23393374681472778,0.005656852386891842,0.034117057174444194
2417,False,normal,0.93269324,0.94164747,0.017320547252893448,0.05962308123707771,0.2354118674993515,0.003464109729975462,0.03577384874224663
2418,False,normal,0.93198884,0.936109,0.028284255415201187,0.06152543053030968,0.23402725160121918,0.00565685098990798,0.036915258318185803
2419,False,normal,0.9315243,0.94053173,0.03000001050531864,0.062020473182201385,0.23513293266296387,0.006000002380460501,0.03721228390932083
2420,False,normal,0.9325145,0.9349332,0.022360658273100853,0.06145951524376869,0.23373329639434814,0.0044721318408846855,0.03687570914626121
2421,False,normal,0.9318131,0.93584186,0.03316624462604523,0.060077231377363205,0.23396046459674835,0.00663324911147356,0.036046338826417924
2422,False,normal,0.93246216,0.9408507,0.024494905024766922,0.057479728013277054,0.23521266877651215,0.004898981191217899,0.03448783680796623
2423,False,normal,0.9325357,0.9464671,0.024494899436831474,0.053941596299409866,0.23661677539348602,0.004898980259895325,0.03236495777964592
2424,False,normal,0.9326325,0.9526804,0.024494893848896027,0.04989863187074661,0.2381701022386551,0.004898978862911463,0.029939179122447965
2425,False,normal,0.9343915,0.9502105,0.009999990463256836,0.045586198568344116,0.23755262792110443,0.0019999982323497534,0.02735171914100647
2426,False,normal,0.9343048,0.95734006,0.014142175205051899,0.04000667855143547,0.23933501541614532,0.00282843504101038,0.02400400713086128
2427,False,normal,0.9362094,0.95734006,0.0,0.03297368437051773,0.23933501541614532,0.0,0.019784210622310637
2428,False,normal,0.9371068,0.95734006,0.0,0.025495480746030807,0.23933501541614532,0.0,0.015297288447618483
2429,False,normal,0.93794936,0.94578004,0.014142175205051899,0.0156562477350235,0.23644500970840454,0.00282843504101038,0.009393748641014098
2430,False,normal,0.93969965,0.94578004,0.0,0.00990889873355627,0.23644500970840454,0.0,0.005945339240133762
2431,False,normal,0.9399181,0.94578004,0.0,0.008088823407888412,0.23644500970840454,0.0,0.004853294044733047
2432,False,normal,0.93869805,0.9502105,0.014142143540084362,0.007109211757779121,0.23755262792110443,0.002828428987413645,0.004265527054667473
2433,False,normal,0.93876547,0.94540995,0.01732049137353897,0.0070616514421999454,0.23635248839855194,0.0034640985541045666,0.004236990865319967
2434,False,normal,0.93827474,0.9500526,0.02000001072883606,0.007058316376060247,0.23751315474510193,0.0040000020526349545,0.004234989825636149
2435,False,normal,0.938747,0.9457801,0.017320500686764717,0.00702286371961236,0.23644502460956573,0.003464100183919072,0.004213718231767416
2436,False,normal,0.93731546,0.95383435,0.03000001609325409,0.006832292303442955,0.23845858871936798,0.006000003311783075,0.004099375382065773
2437,False,normal,0.9346814,0.9691749,0.04999998211860657,0.008293163031339645,0.24229373037815094,0.009999996051192284,0.004975897818803787
2438,False,normal,0.93497556,0.9716481,0.04242642596364021,0.009287284687161446,0.24291200935840607,0.008485285565257072,0.005572370812296867
2439,False,normal,0.93737185,0.9576012,0.022360658273100853,0.009175454266369343,0.23940028250217438,0.0044721318408846855,0.005505272559821605
2440,False,normal,0.93787146,0.9249324,0.041231077164411545,0.010232814587652683,0.23123310506343842,0.008246215991675854,0.00613968875259161
2441,False,normal,0.93848026,0.899611,0.04690418392419815,0.014801801182329655,0.22490274906158447,0.00938083790242672,0.008881080709397792
2442,False,normal,0.9389202,0.88096535,0.046904150396585464,0.02084699086844921,0.22024133801460266,0.009380830451846123,0.012508194521069526
2443,False,normal,0.939779,0.8605812,0.041231051087379456,0.027852902188897133,0.2151453047990799,0.008246210403740406,0.016711741313338278
2444,False,normal,0.9393106,0.8544589,0.04358898848295212,0.033471181988716125,0.21361473202705383,0.008717798627912998,0.020082709193229676
2445,False,normal,0.9373604,0.8598837,0.05916077643632889,0.037165045738220215,0.2149709314107895,0.011832155287265778,0.022299027442932128
2446,False,normal,0.93654734,0.8693101,0.05916081741452217,0.039030805230140686,0.2173275202512741,0.011832164600491524,0.023418483138084412
2447,False,normal,0.9316865,0.9159149,0.08602327108383179,0.03847552090883255,0.2289787232875824,0.017204655334353447,0.023085312545299528
2448,False,normal,0.50061303,2.9111853,2.661935329437256,0.43484634160995483,0.8366777896881104,0.432792603969574,0.2609078049659729
2449,False,normal,0.5628569,3.8557231,1.4961953163146973,0.7542349696159363,0.9783585071563721,0.29923906922340393,0.4016939878463745
2450,False,normal,0.5468344,2.0226963,1.9828011989593506,0.7745869755744934,0.703404426574707,0.35517728328704834,0.40983479022979735
2451,False,normal,0.6023464,1.7873724,1.5275471210479736,0.7812564969062805,0.5936861634254456,0.3031482398509979,0.4125025987625122
2452,False,normal,0.7500999,1.3146863,1.0443658828735352,0.777961015701294,0.3573431372642517,0.2088731974363327,0.41118440628051756
2453,False,normal,0.8179865,1.100091,0.41641318798065186,0.7753354907035828,0.2750227451324463,0.08328263461589813,0.4101341962814331
2454,False,normal,0.8435894,0.95231295,0.19824230670928955,0.7752860188484192,0.23807822167873383,0.03964846581220627,0.4101144075393677
2455,False,normal,0.8463712,0.9288703,0.18027754127979279,0.7756704688072205,0.23221758008003235,0.03605550900101662,0.4102681875228882
2456,False,normal,0.85109794,0.9873196,0.06928202509880066,0.7749799489974976,0.24682989716529846,0.013856405392289162,0.409991979598999
2457,False,normal,0.84379786,1.0720074,0.0979795902967453,0.773165225982666,0.26800185441970825,0.019595917314291,0.4092660903930664
2458,False,normal,0.84214246,1.1195089,0.08306622505187988,0.7707280516624451,0.2798772156238556,0.016613245010375977,0.408291220664978
2459,False,normal,0.8479992,1.0774508,0.04242641106247902,0.7684760689735413,0.2693626880645752,0.008485282771289349,0.4073904275894165
2460,False,normal,0.8504119,1.0420653,0.04242642596364021,0.7659633159637451,0.26051631569862366,0.008485285565257072,0.40638532638549807
2461,False,normal,0.8525199,1.0364362,0.022360658273100853,0.7628219127655029,0.2591090500354767,0.0044721318408846855,0.40512876510620116
2462,False,normal,0.85059536,1.0497143,0.041231073439121246,0.7588148713111877,0.2624285817146301,0.008246215060353279,0.4035259485244751
2463,False,normal,0.8500786,1.0644248,0.04123104736208916,0.7537818551063538,0.26610618829727173,0.008246210403740406,0.4015127420425415
2464,False,normal,0.8489553,1.0856335,0.04472135752439499,0.7479813694953918,0.2714083790779114,0.008944272063672543,0.3991925477981567
2465,False,normal,0.84564316,1.1237882,0.06403126567602158,0.7414718866348267,0.2809470593929291,0.012806253507733345,0.3965887546539307
2466,False,normal,0.84532535,1.1546428,0.04999997466802597,0.7344934344291687,0.2886607050895691,0.009999995119869709,0.39379737377166746
2467,False,normal,0.84722567,1.1711105,0.01732049137353897,0.7285111546516418,0.2927776277065277,0.0034640985541045666,0.39140446186065675
2468,False,normal,0.85201347,1.1830891,0.03741656243801117,0.6404653191566467,0.2957722842693329,0.007483312394469976,0.35618612766265867
2469,False,normal,0.8918296,1.18,0.04123104736208916,0.26106730103492737,0.29499998688697815,0.008246210403740406,0.15664038062095642
2470,False,normal,0.9049968,1.1596982,0.022360658273100853,0.1737084686756134,0.2899245619773865,0.0044721318408846855,0.10422508120536804
2471,False,normal,0.91650593,1.1484772,0.01732049137353897,0.08679334074258804,0.2871192991733551,0.0034640985541045666,0.052076004445552826
2472,False,normal,0.91922337,1.141972,0.009999990463256836,0.07211136072874069,0.28549298644065857,0.0019999982323497534,0.043266816437244414
2473,False,normal,0.91892636,1.1202232,0.03162280470132828,0.0724000632762909,0.28005579113960266,0.006324561312794685,0.04344003796577454
2474,False,normal,0.9210566,1.0828665,0.04582572728395462,0.06522756069898605,0.2707166373729706,0.009165146388113499,0.03913653641939163
2475,False,normal,0.92431587,1.05385,0.04472137615084648,0.05387011170387268,0.26346251368522644,0.008944275788962841,0.032322067022323604
2476,False,normal,0.9269455,1.027716,0.03741656243801117,0.05013332888484001,0.2569290101528168,0.007483312394469976,0.030079997330904006
2477,False,normal,0.9277232,1.0160708,0.031622759997844696,0.053338855504989624,0.25401771068573,0.0063245524652302265,0.032003313302993774
2478,False,normal,0.92841864,1.0009995,0.028284307569265366,0.057479582726955414,0.25024986267089844,0.005656861700117588,0.034487749636173244
2479,False,normal,0.9270634,0.98640764,0.05099017545580864,0.06218203157186508,0.2466019093990326,0.010198035277426243,0.037309218943119046
2480,False,normal,0.9273061,0.974269,0.050990212708711624,0.06648161262273788,0.24356724321842194,0.01019804272800684,0.03988896757364273
2481,False,normal,0.92714757,0.9596353,0.05744561925530434,0.07138995081186295,0.239908829331398,0.011489124037325382,0.04283397048711777
2482,False,normal,0.9274187,0.9529428,0.05099019408226013,0.07665088027715683,0.2382356971502304,0.010198039934039116,0.0459905281662941
2483,False,normal,0.9284335,0.9441398,0.03605550155043602,0.08211351931095123,0.23603494465351105,0.007211100775748491,0.04926811158657074
2484,False,normal,0.92828435,0.93664294,0.036055516451597214,0.08726068586111069,0.23416073620319366,0.007211103569716215,0.05235641151666641
2485,False,normal,0.92885965,0.9295697,0.028284277766942978,0.09100767225027084,0.23239243030548096,0.005656855646520853,0.054604603350162505
2486,False,normal,0.93033355,0.9254188,0.009999990463256836,0.09231492877006531,0.2313546985387802,0.0019999982323497534,0.055388957262039185
2487,False,normal,0.9307134,0.9213577,0.009999990463256836,0.09126424789428711,0.2303394228219986,0.0019999982323497534,0.054758548736572266
2488,False,normal,0.9308652,0.91350967,0.02000001072883606,0.08783669769763947,0.22837741672992706,0.0040000020526349545,0.05270201861858368
2489,False,normal,0.931457,0.9181503,0.017320530489087105,0.08216334134340286,0.22953757643699646,0.003464106237515807,0.04929800480604172
2490,False,normal,0.93209374,0.92379653,0.014142122119665146,0.07590276002883911,0.23094913363456726,0.0028284243308007717,0.045541656017303464
2491,False,normal,0.9324031,0.9339165,0.014142127707600594,0.06805402785539627,0.23347912728786469,0.00282842549495399,0.040832416713237764
2492,False,normal,0.9338467,0.9348262,0.01000000536441803,0.05813850834965706,0.2337065488100052,0.0020000010263174772,0.03488310500979423
2493,False,normal,0.93443555,0.94069123,0.014142143540084362,0.04758837819099426,0.2351728081703186,0.002828428987413645,0.028553026914596557
2494,False,normal,0.9351659,0.9350936,0.02236066199839115,0.03928099200129509,0.2337733954191208,0.004472132306545973,0.023568595200777052
2495,False,normal,0.9350701,0.94069123,0.030000001192092896,0.03238926827907562,0.2351728081703186,0.0060000005178153515,0.019433560967445373
2496,False,normal,0.9366048,0.9501579,0.009999990463256836,0.02716953121125698,0.23753945529460907,0.0019999982323497534,0.016301718726754188
2497,False,normal,0.93678635,0.95194536,0.014142127707600594,0.02213679440319538,0.23798634111881256,0.00282842549495399,0.013282076641917228
2498,False,normal,0.9377925,0.9489468,0.009999990463256836,0.017903102561831474,0.23723669350147247,0.0019999982323497534,0.010741861537098885
2499,False,normal,0.937524,0.95843625,0.010000050067901611,0.015197648666799068,0.23960904777050018,0.0020000101067125797,0.00911858920007944
2500,False,normal,0.9384517,0.95843625,0.0,0.01371693704277277,0.23960904777050018,0.0,0.008230162225663662
2501,False,normal,0.9375337,0.95315266,0.017320530489087105,0.013293549418449402,0.23828814923763275,0.003464106237515807,0.007976129651069641
2502,False,normal,0.9367988,0.95822746,0.02236068807542324,0.013624588027596474,0.23955686390399933,0.0044721378944814205,0.008174752816557884
2503,False,normal,0.93718755,0.96041656,0.014142127707600594,0.01438106782734394,0.24010413885116577,0.00282842549495399,0.008628640696406365
2504,False,normal,0.93522644,0.9756024,0.024494925513863564,0.01634387858211994,0.2439005821943283,0.004898984916508198,0.009806327149271965
2505,False,normal,0.9342299,0.98681307,0.024494891986250877,0.01880975440144539,0.24670326709747314,0.0048989783972501755,0.011285852640867233
2506,False,normal,0.9336561,0.99904954,0.01732051558792591,0.021702153608202934,0.2497623711824417,0.0034641032107174397,0.01302129216492176
2507,False,normal,0.9313088,1.0146921,0.029999984428286552,0.02519136294722557,0.2536730170249939,0.00599999725818634,0.015114817768335342
2508,False,normal,0.93112373,1.0220078,0.02236068993806839,0.027697933837771416,0.25550195574760437,0.0044721378944814205,0.01661876030266285
2509,False,normal,0.9299074,1.0296116,0.028284257277846336,0.030171401798725128,0.2574028968811035,0.005656851455569267,0.018102841079235075
2510,False,normal,0.92899346,1.0428326,0.024494901299476624,0.033269792795181274,0.26070815324783325,0.004898980725556612,0.019961875677108765
2511,False,normal,0.9285161,1.0473777,0.022360675036907196,0.036214448511600494,0.2618444263935089,0.004472135100513697,0.021728669106960297
2512,False,normal,0.9285646,1.0519506,0.014142128638923168,0.03856537863612175,0.2629876434803009,0.0028284257277846336,0.02313922718167305
2513,False,normal,0.9289731,1.04336,0.014142129570245743,0.03963567689061165,0.2608399987220764,0.002828426193445921,0.023781406134366988
2514,False,normal,0.93003243,1.04336,0.0,0.039646606892347336,0.2608399987220764,0.0,0.0237879641354084
2515,False,normal,0.9280698,1.056693,0.014142143540084362,0.04021868482232094,0.2641732394695282,0.002828428987413645,0.02413121089339256
2516,False,normal,0.92894816,1.04336,0.014142143540084362,0.03984330594539642,0.2608399987220764,0.002828428987413645,0.023905983567237853
2517,False,normal,0.9301054,1.04336,0.0,0.03903830796480179,0.2608399987220764,0.0,0.02342298477888107
2518,False,normal,0.9298699,1.0339246,0.014142129570245743,0.037076372653245926,0.25848114490509033,0.002828426193445921,0.022245823591947555
2519,False,normal,0.9307264,1.0202451,0.01732049696147442,0.03507719188928604,0.2550612688064575,0.003464099718257785,0.021046315133571625
2520,False,normal,0.93231475,1.0202451,0.0,0.032665882259607315,0.2550612688064575,0.0,0.019599529355764388
2521,False,normal,0.9319547,1.0157263,0.014142128638923168,0.029181551188230515,0.25393158197402954,0.0028284257277846336,0.017508930712938308
2522,False,normal,0.93345565,1.0157263,0.0,0.025512205436825752,0.25393158197402954,0.0,0.01530732326209545
2523,False,normal,0.93368375,1.002447,0.014142143540084362,0.021688885986804962,0.2506117522716522,0.002828428987413645,0.013013331592082978
2524,False,normal,0.93336755,0.9940322,0.028284257277846336,0.01986781321465969,0.2485080510377884,0.005656851455569267,0.011920687928795814
2525,False,normal,0.9347119,0.99010104,0.014142150059342384,0.01955113559961319,0.24752525985240936,0.0028284299187362194,0.011730681359767913
2526,False,normal,0.9348189,0.986357,0.014142128638923168,0.020609401166439056,0.24658922851085663,0.0028284257277846336,0.012365640699863433
2527,False,normal,0.9349208,0.98661035,0.009999999776482582,0.022217020392417908,0.24665258824825287,0.0020000000949949026,0.013330212235450745
2528,False,normal,0.9342407,0.9958413,0.009999990463256836,0.023077083751559258,0.24896033108234406,0.0019999982323497534,0.013846250250935555
2529,False,normal,0.9339398,0.99969995,0.009999990463256836,0.023574283346533775,0.24992498755455017,0.0019999982323497534,0.014144570007920264
2530,False,normal,0.93469733,0.99969995,0.0,0.023511800915002823,0.24992498755455017,0.0,0.014107080549001692
2531,False,normal,0.93345,1.0039921,0.014142150059342384,0.02283179759979248,0.25099802017211914,0.0028284299187362194,0.013699078559875488
2532,False,normal,0.93466413,1.0039921,0.0,0.021553149446845055,0.25099802017211914,0.0,0.012931889668107032
2533,False,normal,0.9334901,1.0076706,0.014142128638923168,0.02058170549571514,0.25191766023635864,0.0028284257277846336,0.012349023297429084
2534,False,normal,0.9330749,1.0165628,0.014142128638923168,0.0194106362760067,0.254140704870224,0.0028284257277846336,0.011646381765604018
2535,False,normal,0.9344815,1.0165628,0.0,0.016527844592928886,0.254140704870224,0.0,0.00991670675575733
2536,False,normal,0.9346956,1.0165628,0.0,0.014743422158062458,0.254140704870224,0.0,0.008846053294837475
2537,False,normal,0.9335416,1.0217631,0.014142122119665146,0.012812798842787743,0.25544077157974243,0.0028284243308007717,0.007687679305672645
2538,False,normal,0.9342736,1.0128179,0.014142128638923168,0.011371850967407227,0.25320446491241455,0.0028284257277846336,0.006823110580444336
2539,False,normal,0.9340634,1.0165628,0.014142128638923168,0.011173190549015999,0.254140704870224,0.0028284257277846336,0.0067039143294095995
2540,False,normal,0.93382347,1.0022475,0.029999984428286552,0.010717088356614113,0.2505618631839752,0.00599999725818634,0.006430253013968467
2541,False,normal,0.9350909,1.006479,0.010000020265579224,0.010451264679431915,0.25161975622177124,0.0020000042859464884,0.006270758807659149
2542,False,normal,0.93512297,1.0065287,0.009999999776482582,0.010158008895814419,0.2516321837902069,0.0020000000949949026,0.006094805337488651
2543,False,normal,0.93484306,1.0108413,0.009999990463256836,0.01024472713470459,0.2527103126049042,0.0019999982323497534,0.006146836280822754
2544,False,normal,0.93424237,1.0155787,0.014142122119665146,0.010194182395935059,0.2538946866989136,0.0028284243308007717,0.006116509437561035
2545,False,normal,0.9353586,1.0155787,0.0,0.009731228463351727,0.2538946866989136,0.0,0.005838737078011036
2546,False,normal,0.93548954,1.0155787,0.0,0.00864003412425518,0.2538946866989136,0.0,0.005184020474553108
2547,False,normal,0.9336537,1.028883,0.014142122119665146,0.008170107379555702,0.2572207450866699,0.0028284243308007717,0.004902064427733421
2548,False,normal,0.93394667,1.0245975,0.014142128638923168,0.007961240597069263,0.25614938139915466,0.0028284257277846336,0.004776744358241558
2549,False,normal,0.9348843,1.0155294,0.009999990463256836,0.007459159940481186,0.25388234853744507,0.0019999982323497534,0.004475495964288712
2550,False,normal,0.93518764,1.0022974,0.01732051372528076,0.007247793022543192,0.25057435035705566,0.003464102977886796,0.004348675813525915
2551,False,normal,0.9357149,1.002447,0.009999999776482582,0.007351226173341274,0.2506117522716522,0.0020000000949949026,0.004410735704004764
2552,False,normal,0.93645275,1.002447,0.0,0.007452423684298992,0.2506117522716522,0.0,0.004471454210579395
2553,False,normal,0.93484384,1.0113852,0.014142128638923168,0.007366148289293051,0.25284630060195923,0.0028284257277846336,0.00441968897357583
2554,False,normal,0.93516195,1.0113357,0.009999999776482582,0.007329962681978941,0.25283393263816833,0.0020000000949949026,0.004397977609187365
2555,False,normal,0.9354138,1.007224,0.009999990463256836,0.007372795604169369,0.25180599093437195,0.0019999982323497534,0.004423677362501621
2556,False,normal,0.9361622,1.007224,0.0,0.007385920733213425,0.25180599093437195,0.0,0.004431552439928055
2557,False,normal,0.93619823,1.007224,0.0,0.007085556164383888,0.25180599093437195,0.0,0.004251333698630333
2558,False,normal,0.93544066,1.0072736,0.009999999776482582,0.007122862618416548,0.25181838870048523,0.0020000000949949026,0.0042737175710499285
2559,False,normal,0.9362008,1.0072736,0.0,0.007038423325866461,0.25181838870048523,0.0,0.004223053995519877
2560,False,normal,0.9362259,1.0072736,0.0,0.006829526275396347,0.25181838870048523,0.0,0.004097715765237808
2561,False,normal,0.9356807,0.9980982,0.014142128638923168,0.007312617730349302,0.2495245486497879,0.0028284257277846336,0.004387570638209581
2562,False,normal,0.93593687,0.9981483,0.009999999776482582,0.007740347646176815,0.24953706562519073,0.0020000000949949026,0.004644208587706089
2563,False,normal,0.935045,1.0074224,0.014142128638923168,0.0077534690499305725,0.25185561180114746,0.0028284257277846336,0.004652081429958343
2564,False,normal,0.9361188,1.0074224,0.0,0.007644162513315678,0.25185561180114746,0.0,0.004586497507989407
2565,False,normal,0.93613476,1.0074224,0.0,0.007511161267757416,0.25185561180114746,0.0,0.004506696760654449
2566,False,normal,0.9361537,1.0074224,0.0,0.007353178225457668,0.25185561180114746,0.0,0.004411906935274601
2567,False,normal,0.936357,1.0074224,0.0,0.005659122951328754,0.25185561180114746,0.0,0.0033954737707972524
2568,False,normal,0.9363264,0.9982986,0.009999990463256836,0.004416418727487326,0.24957464635372162,0.0019999982323497534,0.0026498512364923955
2569,False,normal,0.93523157,1.0115335,0.014142122119665146,0.004057975951582193,0.2528833746910095,0.0028284243308007717,0.002434785570949316
2570,False,normal,0.93628067,1.0115335,0.0,0.004154110327363014,0.2528833746910095,0.0,0.0024924661964178083
2571,False,normal,0.9362745,1.0115335,0.0,0.004205360542982817,0.2528833746910095,0.0,0.00252321632578969
2572,False,normal,0.93579537,1.0074224,0.009999990463256836,0.004089257679879665,0.25185561180114746,0.0019999982323497534,0.002453554607927799
2573,False,normal,0.9365602,1.0074224,0.0,0.003965864889323711,0.25185561180114746,0.0,0.002379518933594227
2574,False,normal,0.93583584,1.0072736,0.009999999776482582,0.003829882713034749,0.25181838870048523,0.0020000000949949026,0.0022979296278208493
2575,False,normal,0.9365858,1.0072736,0.0,0.0038303062319755554,0.25181838870048523,0.0,0.0022981837391853333
2576,False,normal,0.93582624,1.0074224,0.009999999776482582,0.0038321770261973143,0.25185561180114746,0.0020000000949949026,0.0022993062157183886
2577,False,normal,0.9358355,1.0072736,0.009999999776482582,0.0038325926288962364,0.25181838870048523,0.0020000000949949026,0.002299555577337742
2578,False,normal,0.9365855,1.0072736,0.0,0.0038325923960655928,0.25181838870048523,0.0,0.0022995554376393557
2579,False,normal,0.9365855,1.0072736,0.0,0.0038325926288962364,0.25181838870048523,0.0,0.002299555577337742
2580,False,normal,0.9365855,1.0072736,0.0,0.0038325926288962364,0.25181838870048523,0.0,0.002299555577337742
2581,False,normal,0.93437934,1.020637,0.01732049696147442,0.004431465640664101,0.25515925884246826,0.003464099718257785,0.0026588793843984604
2582,False,normal,0.93490744,1.02049,0.009999999776482582,0.0046828147023916245,0.25512251257896423,0.0020000000949949026,0.0028096888214349746
2583,False,normal,0.93547416,1.0113852,0.009999990463256836,0.00470191752538085,0.25284630060195923,0.0019999982323497534,0.0028211505152285097
2584,False,normal,0.9362229,1.0113852,0.0,0.004712619818747044,0.25284630060195923,0.0,0.002827571891248226
2585,False,normal,0.9362226,1.0113852,0.0,0.004714979324489832,0.25284630060195923,0.0,0.002828987594693899
2586,False,normal,0.9356935,1.002447,0.014142128638923168,0.004941060207784176,0.2506117522716522,0.0028284257277846336,0.0029646361246705054
2587,False,normal,0.9353825,1.0074224,0.014142122119665146,0.004941060207784176,0.25185561180114746,0.0028284243308007717,0.0029646361246705054
2588,False,normal,0.93652105,1.0074224,0.0,0.004292288329452276,0.25185561180114746,0.0,0.0025753729976713655
2589,False,normal,0.9352131,1.0113852,0.014142128638923168,0.004289162345230579,0.25284630060195923,0.0028284257277846336,0.0025734974071383475
2590,False,normal,0.93577987,1.0072736,0.009999990463256836,0.0042959474958479404,0.25181838870048523,0.0019999982323497534,0.0025775684975087644
2591,False,normal,0.93653035,1.0072736,0.0,0.004292165394872427,0.25181838870048523,0.0,0.002575299236923456
2592,False,normal,0.9357829,1.007224,0.009999999776482582,0.004296539351344109,0.25180599093437195,0.0020000000949949026,0.002577923610806465
2593,False,normal,0.9360128,1.0031949,0.009999990463256836,0.004479421768337488,0.2507987320423126,0.0019999982323497534,0.002687653061002493
2594,False,normal,0.93674314,1.0031949,0.0,0.004643202759325504,0.2507987320423126,0.0,0.0027859216555953027
2595,False,normal,0.9367252,1.0031949,0.0,0.004792730323970318,0.2507987320423126,0.0,0.0028756381943821907
2596,False,normal,0.9367086,1.0031949,0.0,0.004930867347866297,0.2507987320423126,0.0,0.002958520408719778
2597,False,normal,0.93669367,1.0031949,0.0,0.005055195186287165,0.2507987320423126,0.0,0.0030331171117722986
2598,False,normal,0.9359273,1.0032448,0.009999999776482582,0.005166206043213606,0.2508111894130707,0.0020000000949949026,0.0030997236259281634
2599,False,normal,0.93567544,1.0072736,0.009999990463256836,0.005166206043213606,0.25181838870048523,0.0019999982323497534,0.0030997236259281634
2600,False,normal,0.9356785,1.007224,0.009999999776482582,0.0051665534265339375,0.25180599093437195,0.0020000000949949026,0.003099932055920362
2601,False,normal,0.93576944,1.0022475,0.014142122119665146,0.004412132780998945,0.2505618631839752,0.0028284243308007717,0.002647279668599367
2602,False,normal,0.9362131,1.0022974,0.009999999776482582,0.0032775590661913157,0.25057435035705566,0.0020000000949949026,0.0019665354397147895
2603,False,normal,0.9356451,1.0113852,0.009999990463256836,0.0032775590661913157,0.25284630060195923,0.0019999982323497534,0.0019665354397147895
2604,False,normal,0.9356344,1.0115335,0.009999999776482582,0.003289555199444294,0.2528833746910095,0.0020000000949949026,0.001973733119666576
2605,False,normal,0.9356154,1.0072736,0.014142128638923168,0.0030776525381952524,0.25181838870048523,0.0028284257277846336,0.0018465915229171513
2606,False,normal,0.9366876,1.0072736,0.0,0.002981628756970167,0.25181838870048523,0.0,0.0017889772541821003
2607,False,normal,0.93495536,1.0165628,0.014142128638923168,0.003740096464753151,0.254140704870224,0.0028284257277846336,0.0022440578788518904
2608,False,normal,0.93594635,1.0165628,0.0,0.004320741165429354,0.254140704870224,0.0,0.002592444699257612
2609,False,normal,0.9358999,1.0165628,0.0,0.004707508720457554,0.254140704870224,0.0,0.0028245052322745322
2610,False,normal,0.9357212,1.0074224,0.009999990463256836,0.004707484971731901,0.25185561180114746,0.0019999982323497534,0.002824490983039141
2611,False,normal,0.9364712,1.0074224,0.0,0.0047074491158127785,0.25185561180114746,0.0,0.002824469469487667
2612,False,normal,0.93596345,1.0033942,0.009999990463256836,0.004786888603121042,0.25084856152534485,0.0019999982323497534,0.0028721331618726254
2613,False,normal,0.9367144,1.0033942,0.0,0.004778776317834854,0.25084856152534485,0.0,0.002867265790700912
2614,False,normal,0.93671536,1.0033942,0.0,0.004770629573613405,0.25084856152534485,0.0,0.002862377744168043
2615,False,normal,0.9367164,1.0033942,0.0,0.0047624483704566956,0.25084856152534485,0.0,0.0028574690222740173
2616,False,normal,0.93595296,1.0036434,0.009999999776482582,0.004744500853121281,0.25091084837913513,0.0020000000949949026,0.0028467005118727683
2617,False,normal,0.93617475,0.99969995,0.010000020265579224,0.004950001835823059,0.24992498755455017,0.0020000042859464884,0.0029700011014938354
2618,False,normal,0.93613255,1.00005,0.009999999776482582,0.005119212903082371,0.25001248717308044,0.0020000000949949026,0.0030715277418494223
2619,False,normal,0.9365778,0.9908582,0.009999990463256836,0.006196260452270508,0.2477145493030548,0.0019999982323497534,0.0037177562713623046
2620,False,normal,0.9372293,0.9908582,0.0,0.007017370779067278,0.2477145493030548,0.0,0.004210422467440367
2621,False,normal,0.93659765,0.98696506,0.009999990463256836,0.008058748207986355,0.24674126505851746,0.0019999982323497534,0.004835248924791813
2622,False,normal,0.93724483,0.98696506,0.0,0.008915318176150322,0.24674126505851746,0.0,0.005349190905690193
2623,False,normal,0.93718183,0.98696506,0.0,0.009440181776881218,0.24674126505851746,0.0,0.005664109066128731
2624,False,normal,0.93636674,0.9874209,0.010000001639127731,0.009745554067194462,0.2468552142381668,0.0020000003278255463,0.005847332440316677
2625,False,normal,0.934716,0.9893938,0.029999997466802597,0.009974357672035694,0.24734844267368317,0.005999999586492777,0.0059846146032214165
2626,False,normal,0.9360515,0.9864583,0.014142133295536041,0.010285040363669395,0.24661457538604736,0.0028284266591072083,0.006171024218201637
2627,False,normal,0.9365442,0.97821265,0.014142169617116451,0.010474014095962048,0.24455316364765167,0.0028284338768571615,0.006284408457577229
2628,False,normal,0.9368181,0.9792854,0.009999997913837433,0.0102210883051157,0.24482135474681854,0.0019999996293336153,0.00613265298306942
2629,False,normal,0.93682873,0.98045903,0.009999997913837433,0.009521512314677238,0.2451147586107254,0.0019999996293336153,0.005712907388806343
2630,False,normal,0.9366651,0.97800815,0.014142127707600594,0.009572683833539486,0.2445020228624344,0.00282842549495399,0.005743610300123691
2631,False,normal,0.93706596,0.9767292,0.009999997913837433,0.009487168863415718,0.2441823035478592,0.0019999996293336153,0.005692301318049431
2632,False,normal,0.9372936,0.9663332,0.014142127707600594,0.010415828786790371,0.24158330261707306,0.00282842549495399,0.006249497272074222
2633,False,normal,0.93828905,0.9663332,0.0,0.010959242470562458,0.24158330261707306,0.0,0.006575545482337475
2634,False,normal,0.9374478,0.9615612,0.014142148196697235,0.011616650968790054,0.24039028584957123,0.0028284296859055758,0.006969990581274032
2635,False,normal,0.93847734,0.9615612,0.0,0.011875947937369347,0.24039028584957123,0.0,0.007125568762421607
2636,False,normal,0.9379304,0.95796657,0.009999990463256836,0.01205558143556118,0.23949164152145386,0.0019999982323497534,0.007233348861336707
2637,False,normal,0.9380965,0.9544632,0.009999990463256836,0.01249625813215971,0.23861579596996307,0.0019999982323497534,0.007497754879295826
2638,False,normal,0.936465,0.9546727,0.03162277862429619,0.01246837992221117,0.23866817355155945,0.006324555724859238,0.007481027953326702
2639,False,normal,0.9363565,0.95592886,0.03162277489900589,0.01271893735975027,0.2389822155237198,0.00632455525919795,0.0076313624158501625
2640,False,normal,0.93433106,0.95634717,0.05830951780080795,0.01270014513283968,0.2390867918729782,0.01166190393269062,0.007620087079703807
2641,False,normal,0.93421245,0.947312,0.06633251160383224,0.013380027376115322,0.2368279993534088,0.013266502879559994,0.008028016425669193
2642,False,normal,0.9355286,0.9568177,0.04123104736208916,0.013149776495993137,0.23920442163944244,0.008246210403740406,0.007889865897595882
2643,False,normal,0.93717444,0.9454629,0.028284266591072083,0.013440082781016827,0.23636572062969208,0.0056568533182144165,0.008064049668610096
2644,False,normal,0.9383835,0.9185859,0.030000030994415283,0.01629067398607731,0.2296464741230011,0.006000006105750799,0.009774404391646384
2645,False,normal,0.9397191,0.89442724,0.024494891986250877,0.02118409425020218,0.22360680997371674,0.0048989783972501755,0.012710456550121306
2646,False,normal,0.9389563,0.88170284,0.03741660714149475,0.026091493666172028,0.22042571008205414,0.007483321707695723,0.015654896199703217
2647,False,normal,0.93643403,0.88464683,0.06324554979801178,0.029434625059366226,0.22116170823574066,0.0126491105183959,0.017660775035619736
2648,False,normal,0.9360446,0.87698346,0.06999997049570084,0.032449621707201004,0.21924586594104767,0.013999994844198227,0.0194697730243206
2649,False,normal,0.93283623,0.8900562,0.1004987582564354,0.03331528976559639,0.2225140482187271,0.020099753513932228,0.019989173859357834
2650,False,normal,0.86537826,1.013558,0.8924685120582581,0.03616024926304817,0.25338950753211975,0.1784937083721161,0.021696149557828903
2651,True,sudden,0.5336208,3.5283282,2.630779266357422,0.5653865337371826,0.9292492270469666,0.4292319416999817,0.326154613494873
2652,False,normal,0.60269344,3.9382992,0.8302408456802368,0.841903030872345,0.9907448887825012,0.16604818403720856,0.43676121234893794
2653,False,normal,0.52643067,1.8124845,2.598557233810425,0.8494574427604675,0.6062422394752502,0.4255494177341461,0.439782977104187
2654,False,normal,0.71304464,1.394776,1.331202507019043,0.8471025824546814,0.3973879814147949,0.26624050736427307,0.43884103298187255
2655,False,normal,0.819013,1.156071,0.28231188654899597,0.8444893956184387,0.2890177369117737,0.05646238103508949,0.4377957582473755
2656,False,normal,0.819601,1.0405288,0.3722901940345764,0.8430522084236145,0.26013219356536865,0.0744580402970314,0.43722088336944576
2657,False,normal,0.84284544,0.83150464,0.23345234990119934,0.8459569811820984,0.20787616074085236,0.04669047147035599,0.43838279247283934
2658,False,normal,0.8566264,0.8286133,0.04898981377482414,0.8488883376121521,0.2071533203125,0.009797963313758373,0.43955533504486083
2659,False,normal,0.84106445,0.96436507,0.14352701604366302,0.8487280011177063,0.2410912662744522,0.028705405071377754,0.4394912004470825
2660,False,normal,0.839545,1.0421612,0.1004987359046936,0.8472813367843628,0.26054030656814575,0.02009974792599678,0.43891253471374514
2661,False,normal,0.83725643,1.099227,0.0860232561826706,0.8448764681816101,0.2748067378997803,0.01720465160906315,0.437950587272644
2662,False,normal,0.8391795,1.0845736,0.07483312487602234,0.842776358127594,0.2711434066295624,0.014966624788939953,0.4371105432510376
2663,False,normal,0.8443311,1.0405288,0.044721342623233795,0.8410221934318542,0.26013219356536865,0.008944269269704819,0.4364088773727417
2664,False,normal,0.8447699,1.0157264,0.061644162982702255,0.8390485644340515,0.25393161177635193,0.01232883334159851,0.43561942577362056
2665,False,normal,0.84825367,1.0030453,0.02828429639339447,0.8366832733154297,0.25076133012771606,0.0056568593718111515,0.4346733093261719
2666,False,normal,0.8498014,0.99864906,0.014142133295536041,0.8340296745300293,0.24966226518154144,0.0028284266591072083,0.4336118698120117
2667,False,normal,0.8502958,0.98676234,0.020000040531158447,0.8316445350646973,0.24669058620929718,0.004000008571892977,0.4326578140258789
2668,False,normal,0.85178334,0.9729851,0.014142122119665146,0.8293052315711975,0.24324627220630646,0.0028284243308007717,0.431722092628479
2669,False,normal,0.8518832,0.96384645,0.022360673174262047,0.8274924755096436,0.24096159636974335,0.004472134634852409,0.4309969902038574
2670,False,normal,0.8521309,0.9646242,0.017320500686764717,0.8285134434700012,0.24115605652332306,0.003464100183919072,0.43140537738800044
2671,False,normal,0.8654218,0.9713393,0.014142175205051899,0.6601108312606812,0.24283482134342194,0.00282843504101038,0.3640443325042725
2672,False,normal,0.9143865,0.9713393,0.0,0.20754007995128632,0.24283482134342194,0.0,0.12452404797077178
2673,False,normal,0.9238589,0.97421765,0.02000001072883606,0.1146044135093689,0.24355439841747284,0.0040000020526349545,0.06876264810562134
2674,False,normal,0.9286475,0.9814785,0.014142122119665146,0.07457830011844635,0.24536962807178497,0.0028284243308007717,0.04474698007106781
2675,False,normal,0.9289662,0.99523866,0.014142122119665146,0.06475570052862167,0.24880965054035187,0.0028284243308007717,0.038853420317173
2676,False,normal,0.92787606,1.0106434,0.017320500686764717,0.06383079290390015,0.2526608407497406,0.003464100183919072,0.038298475742340084
2677,False,normal,0.93043053,1.0106434,0.0,0.05336855724453926,0.2526608407497406,0.0,0.03202113434672355
2678,False,normal,0.9316802,1.0090094,0.01000000536441803,0.03755614906549454,0.25225234031677246,0.0020000010263174772,0.022533689439296723
2679,False,normal,0.93061113,1.0227902,0.014142122119665146,0.03669826313853264,0.2556975483894348,0.0028284243308007717,0.022018957883119583
2680,False,normal,0.9304499,1.0198529,0.019999995827674866,0.035911016166210175,0.254963219165802,0.003999999258667231,0.021546609699726105
2681,False,normal,0.93233466,1.010495,0.014142133295536041,0.028739307075738907,0.2526237368583679,0.0028284266591072083,0.017243584245443342
2682,False,normal,0.93297076,1.0185283,0.009999990463256836,0.021843649446964264,0.2546320855617523,0.0019999982323497534,0.013106189668178558
2683,False,normal,0.9325462,1.0231324,0.014142169617116451,0.020394790917634964,0.2557831108570099,0.0028284338768571615,0.012236874550580978
2684,False,normal,0.93355715,1.0231324,0.0,0.020808681845664978,0.2557831108570099,0.0,0.012485209107398986
2685,False,normal,0.9330266,1.010495,0.017320530489087105,0.020986856892704964,0.2526237368583679,0.003464106237515807,0.012592114135622978
2686,False,normal,0.9334624,1.0118301,0.01000000536441803,0.021235039457678795,0.2529575228691101,0.0020000010263174772,0.012741023674607277
2687,False,normal,0.9326554,1.0191172,0.014142175205051899,0.021576017141342163,0.25477930903434753,0.00282843504101038,0.012945610284805297
2688,False,normal,0.93313813,1.012719,0.014142122119665146,0.020885590463876724,0.25317975878715515,0.0028284243308007717,0.012531354278326034
2689,False,normal,0.93354946,1.0143471,0.01000000536441803,0.019198713824152946,0.2535867691040039,0.0020000010263174772,0.011519228294491767
2690,False,normal,0.9345545,1.0143471,0.0,0.017073078081011772,0.2535867691040039,0.0,0.010243846848607062
2691,False,normal,0.9347863,1.0143471,0.0,0.015141711570322514,0.2535867691040039,0.0,0.009085026942193508
2692,False,normal,0.93445,1.012719,0.01000000536441803,0.012542320415377617,0.25317975878715515,0.0020000010263174772,0.00752539224922657
2693,False,normal,0.93557805,1.012719,0.0,0.009391807951033115,0.25317975878715515,0.0,0.005635084770619869
2694,False,normal,0.93567044,1.0048383,0.009999990463256836,0.006476289127022028,0.2512095868587494,0.0019999982323497534,0.0038857734762132168
2695,False,normal,0.93505967,1.0084642,0.017320534214377403,0.005102614872157574,0.25211605429649353,0.003464106936007738,0.0030615689232945443
2696,False,normal,0.9359065,1.0026466,0.009999990463256836,0.0056502423249185085,0.2506616413593292,0.0019999982323497534,0.003390145394951105
2697,False,normal,0.935758,1.0043904,0.01000000536441803,0.005980113986879587,0.25109758973121643,0.0020000010263174772,0.003588068392127752
2698,False,normal,0.9352914,1.0066776,0.014142122119665146,0.00608820142224431,0.25166940689086914,0.0028284243308007717,0.003652920853346586
2699,False,normal,0.9363805,1.0066776,0.0,0.00585104851052165,0.25166940689086914,0.0,0.00351062910631299
2700,False,normal,0.93546176,1.0043904,0.014142122119665146,0.005859715864062309,0.25109758973121643,0.0028284243308007717,0.0035158295184373853
2701,False,normal,0.9364966,1.0043904,0.0,0.00607482623308897,0.25109758973121643,0.0,0.003644895739853382
2702,False,normal,0.9365011,1.0043904,0.0,0.006037785671651363,0.25109758973121643,0.0,0.003622671402990818
2703,False,normal,0.9354727,1.010198,0.009999990463256836,0.005332493223249912,0.25254949927330017,0.0019999982323497534,0.0031994959339499474
2704,False,normal,0.9363316,1.010198,0.0,0.004424884915351868,0.25254949927330017,0.0,0.0026549309492111205
2705,False,normal,0.93571466,1.0026466,0.014142133295536041,0.004660554230213165,0.2506616413593292,0.0028284266591072083,0.002796332538127899
2706,False,normal,0.93609554,1.0009995,0.01000000536441803,0.004933427553623915,0.25024986267089844,0.0020000010263174772,0.002960056532174349
2707,False,normal,0.9355883,1.0052861,0.014142122119665146,0.00433880602940917,0.2513215243816376,0.0028284243308007717,0.002603283617645502
2708,False,normal,0.9360019,0.997998,0.014142133295536041,0.0046882894821465015,0.24949949979782104,0.0028284266591072083,0.002812973689287901
2709,False,normal,0.93634,0.9908582,0.014142133295536041,0.005589577369391918,0.2477145493030548,0.0028284266591072083,0.0033537464216351507
2710,False,normal,0.9361398,0.98035705,0.022360673174262047,0.007590156048536301,0.24508924782276154,0.004472134634852409,0.00455409362912178
2711,False,normal,0.9369671,0.9792855,0.009999997913837433,0.008979682810604572,0.24482136964797974,0.0019999996293336153,0.005387809686362743
2712,False,normal,0.93571705,0.98331076,0.022360678762197495,0.00957505777478218,0.24582768976688385,0.004472136031836271,0.0057450346648693085
2713,False,normal,0.93735266,0.98331076,0.0,0.009919905103743076,0.24582768976688385,0.0,0.005951943062245846
2714,False,normal,0.93585235,0.99010104,0.014142133295536041,0.010047413408756256,0.24752525985240936,0.0028284266591072083,0.0060284480452537535
2715,False,normal,0.93468535,1.0021478,0.020000040531158447,0.009836641140282154,0.2505369484424591,0.004000008571892977,0.005901984684169292
2716,False,normal,0.93455637,1.0041414,0.019999995827674866,0.009873377159237862,0.2510353624820709,0.003999999258667231,0.005924026295542717
2717,False,normal,0.9347942,1.0035934,0.017320530489087105,0.00985146313905716,0.2508983612060547,0.003464106237515807,0.0059108778834342955
2718,False,normal,0.9352736,1.0048382,0.009999997913837433,0.009783489629626274,0.251209557056427,0.0019999996293336153,0.005870093777775765
2719,False,normal,0.934858,1.0065287,0.014142164029181004,0.009777285158634186,0.2516321837902069,0.0028284327127039433,0.0058663710951805115
2720,False,normal,0.93590957,1.0065287,0.0,0.009853076189756393,0.2516321837902069,0.0,0.005911845713853836
2721,False,normal,0.9351486,1.0018483,0.014142133295536041,0.00979320053011179,0.2504620850086212,0.0028284266591072083,0.005875920318067073
2722,False,normal,0.9350669,1.0078691,0.009999990463256836,0.009927521459758282,0.25196728110313416,0.0019999982323497534,0.005956512875854969
2723,False,normal,0.9350773,1.0032946,0.014142133295536041,0.009634021669626236,0.25082364678382874,0.0028284266591072083,0.005780413001775742
2724,False,normal,0.9344628,1.006479,0.019999995827674866,0.009435598738491535,0.25161975622177124,0.003999999258667231,0.005661359243094921
2725,False,normal,0.9355881,1.0005499,0.010000050067901611,0.009395746514201164,0.25013747811317444,0.0020000101067125797,0.005637447908520698
2726,False,normal,0.9359548,0.9946859,0.009999990463256836,0.009394597262144089,0.24867147207260132,0.0019999982323497534,0.005636758357286453
2727,False,normal,0.935468,1.0026466,0.009999990463256836,0.009304514154791832,0.2506616413593292,0.0019999982323497534,0.005582708492875099
2728,False,normal,0.93621004,1.0026466,0.0,0.009371405467391014,0.2506616413593292,0.0,0.0056228432804346085
2729,False,normal,0.9355765,1.0009995,0.01000000536441803,0.009258408099412918,0.25024986267089844,0.0020000010263174772,0.005555044859647751
2730,False,normal,0.9353078,1.0068268,0.009999990463256836,0.008462571538984776,0.25170668959617615,0.0019999982323497534,0.0050775429233908655
2731,False,normal,0.9341534,1.020637,0.014142164029181004,0.008301207795739174,0.25515925884246826,0.0028284327127039433,0.004980724677443504
2732,False,normal,0.9319195,1.0358088,0.028284266591072083,0.010175896808505058,0.25895220041275024,0.0056568533182144165,0.006105538085103035
2733,False,normal,0.9330337,1.0375934,0.009999990463256836,0.01138937659561634,0.25939834117889404,0.0019999982323497534,0.006833625957369804
2734,False,normal,0.9318368,1.0472822,0.014142133295536041,0.013728256337344646,0.26182055473327637,0.0028284266591072083,0.008236953802406787
2735,False,normal,0.9277388,1.0692989,0.042426396161317825,0.018733717501163483,0.2673247158527374,0.008485279977321625,0.01124023050069809
2736,False,normal,0.92723614,1.087566,0.02449488639831543,0.024615541100502014,0.2718915045261383,0.004898977465927601,0.014769324660301208
2737,False,normal,0.92503786,1.1095045,0.02449495904147625,0.0315081886947155,0.27737611532211304,0.004898991901427507,0.0189049132168293
2738,False,normal,0.924188,1.1129241,0.024494897574186325,0.036809418350458145,0.27823102474212646,0.00489897932857275,0.022085651010274886
2739,False,normal,0.9240276,1.1108105,0.02236068621277809,0.04058057814836502,0.2777026295661926,0.004472137428820133,0.02434834688901901
2740,False,normal,0.92259026,1.1257886,0.022360658273100853,0.044757306575775146,0.2814471423625946,0.0044721318408846855,0.026854383945465087
2741,False,normal,0.92296195,1.1286718,0.010000020265579224,0.04788357391953468,0.2821679413318634,0.0020000042859464884,0.028730144351720808
2742,False,normal,0.9224588,1.1316359,0.009999990463256836,0.05053257197141647,0.28290897607803345,0.0019999982323497534,0.030319543182849882
2743,False,normal,0.92226166,1.1273863,0.014142122119665146,0.051800452172756195,0.2818465828895569,0.0028284243308007717,0.031080271303653716
2744,False,normal,0.92257833,1.1152577,0.019999980926513672,0.05181743949651718,0.278814435005188,0.003999996464699507,0.031090463697910308
2745,False,normal,0.92419076,1.1152577,0.0,0.05088033154606819,0.278814435005188,0.0,0.030528198927640915
2746,False,normal,0.9240916,1.109279,0.009999990463256836,0.048570770770311356,0.2773197591304779,0.0019999982323497534,0.02914246246218681
2747,False,normal,0.92458916,1.1061646,0.009999990463256836,0.04604636877775192,0.276541143655777,0.0019999982323497534,0.027627821266651153
2748,False,normal,0.9252564,1.0971782,0.014142164029181004,0.042577825486660004,0.27429455518722534,0.0028284327127039433,0.025546695291996
2749,False,normal,0.92686266,1.0971782,0.0,0.03803079202771187,0.27429455518722534,0.0,0.02281847521662712
2750,False,normal,0.92612225,1.1017258,0.014142143540084362,0.03299369663000107,0.27543145418167114,0.002828428987413645,0.01979621797800064
2751,False,normal,0.927355,1.0778682,0.024494873359799385,0.028675992041826248,0.2694670557975769,0.004898975137621164,0.017205595225095748
2752,False,normal,0.92910075,1.0675205,0.014142122119665146,0.02598787285387516,0.2668801248073578,0.0028284243308007717,0.015592723712325096
2753,False,normal,0.9282929,1.0668178,0.030000030994415283,0.02317500114440918,0.2667044401168823,0.006000006105750799,0.013905000686645507
2754,False,normal,0.9290344,1.0679888,0.02236068621277809,0.021160263568162918,0.26699718832969666,0.004472137428820133,0.01269615814089775
2755,False,normal,0.9283575,1.0674268,0.031622759997844696,0.02130521833896637,0.26685670018196106,0.0063245524652302265,0.012783131003379822
2756,False,normal,0.9285534,1.0636258,0.03000001609325409,0.022666504606604576,0.2659064531326294,0.006000003311783075,0.013599902763962746
2757,False,normal,0.92949796,1.0610372,0.017320500686764717,0.02406841702759266,0.2652592957019806,0.003464100183919072,0.014441050216555595
2758,False,normal,0.92828035,1.0711676,0.02449491061270237,0.02445458248257637,0.26779189705848694,0.004898982122540474,0.014672749489545821
2759,False,normal,0.92952263,1.0622617,0.014142122119665146,0.02521112933754921,0.265565425157547,0.0028284243308007717,0.015126677602529524
2760,False,normal,0.92916775,1.0388936,0.0360555425286293,0.026643628254532814,0.25972339510917664,0.0072111086919903755,0.01598617695271969
2761,False,normal,0.9298451,1.0149385,0.04242638871073723,0.029493914917111397,0.25373461842536926,0.008485278114676476,0.017696348950266838
2762,False,normal,0.9291767,1.0108413,0.05196152999997139,0.03123864345252514,0.2527103126049042,0.010392306372523308,0.018743186071515084
2763,False,normal,0.92911404,1.030631,0.03741660714149475,0.030543815344572067,0.2576577365398407,0.007483321707695723,0.01832628920674324
2764,False,normal,0.93051165,1.0298544,0.020000001415610313,0.030186884105205536,0.25746360421180725,0.0040000006556510925,0.01811213046312332
2765,False,normal,0.9310346,0.98640764,0.04472139850258827,0.033006563782691956,0.2466019093990326,0.008944280445575714,0.019803938269615174
2766,False,normal,0.9333504,0.96560866,0.024494877085089684,0.03718317672610283,0.24140216410160065,0.004898975603282452,0.022309906035661697
2767,False,normal,0.9341202,0.96545327,0.009999999776482582,0.03990829735994339,0.2413633018732071,0.0020000000949949026,0.023944978415966035
2768,False,normal,0.9333891,0.9642614,0.01732049696147442,0.04204564914107323,0.2410653531551361,0.003464099718257785,0.025227389484643935
2769,False,normal,0.93316466,0.95592886,0.024494927376508713,0.043772321194410324,0.2389822155237198,0.004898985847830772,0.026263392716646194
2770,False,normal,0.93441,0.941966,0.01732049696147442,0.04515086114406586,0.23549149930477142,0.003464099718257785,0.027090516686439515
2771,False,normal,0.93480575,0.9348262,0.014142128638923168,0.04755806550383568,0.2337065488100052,0.0028284257277846336,0.028534839302301405
2772,False,normal,0.93494654,0.92784697,0.014142128638923168,0.05001969635486603,0.23196174204349518,0.0028284257277846336,0.030011817812919617
2773,False,normal,0.93530107,0.91334546,0.01732049696147442,0.052631717175245285,0.22833634912967682,0.003464099718257785,0.03157903030514717
2774,False,normal,0.9357048,0.91307175,0.009999999776482582,0.053984832018613815,0.22826793789863586,0.0020000000949949026,0.032390899211168285
2775,False,normal,0.9349995,0.9197283,0.014142128638923168,0.05380666255950928,0.22993206977844238,0.0028284257277846336,0.032283997535705565
2776,False,normal,0.93510604,0.90559375,0.024494890123605728,0.05381021276116371,0.22639843821525574,0.0048989783972501755,0.03228612765669823
2777,False,normal,0.9367622,0.89145947,0.014142164029181004,0.0538409948348999,0.22286486625671387,0.0028284327127039433,0.03230459690093994
2778,False,normal,0.9377961,0.87732553,0.014142122119665146,0.0525863841176033,0.21933139860630035,0.0028284243308007717,0.03155183047056198
2779,False,normal,0.93836623,0.8772685,0.009999999776482582,0.05045391619205475,0.21931712329387665,0.0020000000949949026,0.03027234971523285
2780,False,normal,0.9358895,0.8980534,0.029999971389770508,0.047767940908670425,0.22451335191726685,0.0059999944642186165,0.028660764545202253
2781,False,normal,0.93314844,0.9334881,0.041231073439121246,0.04513522610068321,0.2333720177412033,0.008246215060353279,0.027081135660409927
2782,False,normal,0.93326676,0.94847244,0.0316227450966835,0.04235003516077995,0.23711811006069183,0.006324549205601215,0.02541002109646797
2783,False,normal,0.93565977,0.94180673,0.014142128638923168,0.036805517971515656,0.23545168340206146,0.0028284257277846336,0.022083310782909392
2784,False,normal,0.936704,0.9197283,0.029999971389770508,0.02969152107834816,0.22993206977844238,0.0059999944642186165,0.017814912647008897
2785,False,normal,0.93900657,0.9124692,0.009999990463256836,0.026784459128975868,0.22811730206012726,0.0019999982323497534,0.01607067547738552
2786,False,normal,0.9384476,0.91956514,0.014142128638923168,0.025157587602734566,0.22989128530025482,0.0028284257277846336,0.015094552561640738
2787,False,normal,0.93910366,0.91268826,0.014142170548439026,0.0232719574123621,0.22817206382751465,0.002828434109687805,0.01396317444741726
2788,False,normal,0.93664026,0.92833185,0.037416595965623856,0.02110620215535164,0.23208294808864594,0.007483319379389286,0.012663721293210983
2789,False,normal,0.93495286,0.9514726,0.041231073439121246,0.02073165960609913,0.23786814510822296,0.008246215060353279,0.012438995763659477
2790,False,normal,0.9350989,0.95524865,0.03464099392294884,0.02166680246591568,0.2388121634721756,0.00692819943651557,0.013000081479549407
2791,False,normal,0.9365979,0.9366963,0.030000025406479836,0.021738428622484207,0.23417407274246216,0.0060000051744282246,0.013043057173490524
2792,False,normal,0.9384371,0.9140022,0.024494929239153862,0.021671846508979797,0.22850054502487183,0.00489898631349206,0.013003107905387877
2793,False,normal,0.9387443,0.89783067,0.03316624090075493,0.022115277126431465,0.22445766627788544,0.006633248645812273,0.013269166275858878
2794,False,normal,0.93931586,0.8888757,0.03162277489900589,0.022981062531471252,0.22221893072128296,0.00632455525919795,0.01378863751888275
2795,False,normal,0.9396842,0.8902247,0.024494890123605728,0.02366362325847149,0.22255617380142212,0.0048989783972501755,0.014198173955082893
2796,False,normal,0.9378385,0.8963258,0.0435890294611454,0.023933082818984985,0.22408145666122437,0.008717806078493595,0.01435984969139099
2797,False,normal,0.9375308,0.90972525,0.03741654008626938,0.023375913500785828,0.2274313122034073,0.007483308203518391,0.014025548100471496
2798,False,normal,0.93756217,0.9213577,0.029999984428286552,0.02169159986078739,0.2303394228219986,0.00599999725818634,0.013014959916472434
2799,False,normal,0.93227994,0.9467312,0.08124040067195892,0.02046939544379711,0.23668280243873596,0.016248080879449844,0.012281637266278267
2800,False,normal,0.9322351,0.9756024,0.0538516603410244,0.02292390540242195,0.2439005821943283,0.01077033206820488,0.01375434324145317
2801,False,normal,0.9328423,0.97616595,0.04123106226325035,0.02545800618827343,0.24404148757457733,0.00824621319770813,0.015274803712964058
2802,False,normal,0.9322012,0.9516302,0.07000000774860382,0.025599056854844093,0.2379075437784195,0.01400000136345625,0.015359434112906455
2803,False,normal,0.93499494,0.9505262,0.03316626325249672,0.025914307683706284,0.23763154447078705,0.006633252836763859,0.01554858461022377
2804,False,normal,0.9225035,1.0028958,0.14866067469120026,0.0305500291287899,0.2507239580154419,0.02973213605582714,0.01833001747727394
2805,False,normal,0.9280984,1.0300971,0.04123108834028244,0.03690195456147194,0.2575242817401886,0.008246217854321003,0.022141172736883163
2806,False,normal,0.917763,1.0334892,0.167928546667099,0.04207739606499672,0.25837230682373047,0.03358571231365204,0.02524643763899803
2807,False,normal,0.92892945,1.0325211,0.014142133295536041,0.04564456641674042,0.25813028216362,0.0028284266591072083,0.02738673985004425
2808,False,normal,0.9274176,1.0300971,0.03162277489900589,0.04858037456870079,0.2575242817401886,0.00632455525919795,0.029148224741220474
2809,False,normal,0.92572105,1.0405288,0.03999999165534973,0.05204939842224121,0.26013219356536865,0.007999998517334461,0.031229639053344724
2810,False,normal,0.92354363,1.0555568,0.050000011920928955,0.05611733719706535,0.2638891935348511,0.01000000350177288,0.03367040231823921
2811,False,normal,0.9239154,1.0599529,0.03605552017688751,0.05944497883319855,0.2649882137775421,0.0072111040353775024,0.03566698729991913
2812,False,normal,0.9227444,1.0579698,0.050990186631679535,0.060902029275894165,0.2644924521446228,0.010198037140071392,0.0365412175655365
2813,False,normal,0.9259958,1.0404326,0.02449488639831543,0.05949988216161728,0.2601081430912018,0.004898977465927601,0.03569992929697036
2814,False,normal,0.9259756,1.0383159,0.03162277489900589,0.056315939873456955,0.25957897305488586,0.00632455525919795,0.03378956392407417
2815,False,normal,0.924797,1.0488565,0.04472135007381439,0.052461232990026474,0.26221412420272827,0.008944270201027393,0.031476739794015884
2816,False,normal,0.92596585,1.0480936,0.037416569888591766,0.04768393188714981,0.262023389339447,0.007483314257115126,0.028610359132289886
2817,False,normal,0.9245734,1.0768007,0.03741656616330147,0.04433565214276314,0.2692001760005951,0.007483313791453838,0.02660139128565788
2818,False,normal,0.91741216,0.92358,0.26095977425575256,0.04410077631473541,0.23089499771595,0.05219195783138275,0.026460465788841248
2819,False,normal,0.9235371,0.9675743,0.14491376280784607,0.0426749661564827,0.24189357459545135,0.028982752934098244,0.025604979693889616
2820,False,normal,0.90155303,1.157454,0.26589468121528625,0.051366642117500305,0.2893635034561157,0.05317893996834755,0.030819985270500182
2821,False,normal,0.9144015,1.05138,0.1846618354320526,0.050313714891672134,0.2628450095653534,0.03693236783146858,0.03018822893500328
2822,False,normal,0.92231417,0.97744566,0.14352701604366302,0.04859115183353424,0.24436141550540924,0.028705405071377754,0.029154691100120544
2823,False,normal,0.924691,0.6891299,0.2893095016479492,0.08783450722694397,0.17228247225284576,0.05786190181970596,0.05270070433616638
2824,False,normal,0.92728525,0.7854935,0.15264341235160828,0.10144288092851639,0.19637338817119598,0.030528683215379715,0.06086572855710983
2825,False,normal,0.8993509,1.0692053,0.28740212321281433,0.10223846882581711,0.2673013210296631,0.057480424642562866,0.061343081295490265
2826,False,normal,0.91395116,0.98407316,0.16370703279972076,0.10221857577562332,0.24601827561855316,0.03274140879511833,0.06133114546537399
2827,False,normal,0.92300045,1.00005,0.030000021681189537,0.1020536720752716,0.25001248717308044,0.006000004708766937,0.06123220324516296
2828,False,normal,0.9183228,1.0086625,0.0854400247335434,0.1018979623913765,0.25216561555862427,0.01708800531923771,0.061138777434825896
2829,False,normal,0.9225912,0.98848367,0.045825716108083725,0.10159669071435928,0.2471209168434143,0.009165143594145775,0.060958014428615565
2830,False,normal,0.9238826,0.9544632,0.05744563788175583,0.10129215568304062,0.23861579596996307,0.01148912776261568,0.06077529340982437
2831,False,normal,0.9255352,0.9646761,0.02828429639339447,0.10042659938335419,0.2411690205335617,0.0056568593718111515,0.06025595963001251
2832,False,normal,0.922444,0.9803061,0.05830950662493706,0.09928043931722641,0.245076522231102,0.011661902070045471,0.059568263590335846
2833,False,normal,0.9251284,0.9726767,0.029999984428286552,0.098577581346035,0.2431691735982895,0.00599999725818634,0.059146548807621
2834,False,normal,0.9250382,0.9756024,0.029999975115060806,0.09780506044626236,0.2439005821943283,0.005999994929879904,0.058683036267757414
2835,False,normal,0.9209639,1.0161201,0.051961492747068405,0.09692910313606262,0.2540300190448761,0.010392298921942711,0.05815746188163757
2836,False,normal,0.922253,1.0319884,0.02236071601510048,0.09642200171947479,0.2579970955848694,0.004472143482416868,0.05785320103168487
2837,False,normal,0.9216243,1.029223,0.03605547919869423,0.09454239159822464,0.25730574131011963,0.007211096119135618,0.056725434958934784
2838,False,normal,0.9204807,1.0468047,0.036055490374565125,0.09491521865129471,0.26170116662979126,0.007211098447442055,0.056949131190776825
2839,False,normal,0.91944706,1.060613,0.036055535078048706,0.09633703529834747,0.26515325903892517,0.007211107295006514,0.05780222117900848
2840,False,normal,0.92224926,1.0549408,0.014142129570245743,0.08963590860366821,0.26373520493507385,0.002828426193445921,0.053781545162200926
2841,False,normal,0.9224705,1.0335376,0.030000023543834686,0.08902833610773087,0.2583844065666199,0.0060000051744282246,0.053417001664638517
2842,False,normal,0.9229499,1.0312129,0.024494890123605728,0.08968452364206314,0.2578032314777374,0.0048989783972501755,0.05381071418523788
2843,False,normal,0.9175453,1.1042192,0.07810250669717789,0.06319382786750793,0.2760547995567322,0.015620501711964607,0.03791629672050476
2844,False,normal,0.86393017,1.4021056,0.32954511046409607,0.09242293983697891,0.4010527729988098,0.06590902805328369,0.05545376390218735
2845,False,normal,0.84742826,1.5734038,0.17291612923145294,0.14939643442630768,0.4867019057273865,0.03458322584629059,0.0896378606557846
2846,False,normal,0.87548745,1.2075181,0.4050925374031067,0.1515902578830719,0.30375903844833374,0.08101851493120193,0.09095415472984314
2847,False,normal,0.90346915,1.0137061,0.2002498209476471,0.15129587054252625,0.25342652201652527,0.0400499626994133,0.09077752232551574
2848,False,normal,0.91119075,1.050238,0.06782330572605133,0.15068869292736053,0.2625595033168793,0.013564661145210266,0.09041321575641632
2849,False,normal,0.9149825,0.980714,0.07483312487602234,0.15092001855373383,0.24517850577831268,0.014966624788939953,0.09055201113224029
2850,False,normal,0.9169265,0.9865596,0.04582574591040611,0.1498047262430191,0.2466399073600769,0.009165149182081223,0.08988283574581146
2851,False,normal,0.9170158,1.0045397,0.03162282332777977,0.14857298135757446,0.2511349320411682,0.0063245645724236965,0.08914378881454467
2852,False,normal,0.9175875,1.0005499,0.028284287080168724,0.14797306060791016,0.25013747811317444,0.00565685797482729,0.08878383636474609
2853,False,normal,0.91314083,1.0388937,0.05830948054790497,0.14629249274730682,0.259723424911499,0.011661896482110023,0.08777549564838409
2854,False,normal,0.91635925,1.0220078,0.031622808426618576,0.1449464112520218,0.25550195574760437,0.006324561778455973,0.08696784675121307
2855,False,normal,0.91730505,0.9481561,0.07681144028902054,0.14728622138500214,0.23703902959823608,0.015362288802862167,0.08837173283100128
2856,False,normal,0.92074096,0.9400531,0.033166270703077316,0.15015234053134918,0.23501326143741608,0.006633254699409008,0.0900914043188095
2857,False,normal,0.9199575,0.962185,0.02236071228981018,0.15190719068050385,0.24054625630378723,0.004472142551094294,0.0911443144083023
2858,False,normal,0.9167494,0.9954396,0.03605552762746811,0.1527618020772934,0.24885989725589752,0.007211105898022652,0.09165708124637603
2859,False,normal,0.9163559,1.0038924,0.03316621854901314,0.1534445732831955,0.250973105430603,0.0066332439891994,0.09206674396991729
2860,False,normal,0.9162511,0.99909955,0.03741656243801117,0.1541576087474823,0.24977488815784454,0.007483312394469976,0.09249456524848938
2861,False,normal,0.9185408,0.98493654,0.01732049696147442,0.1550135463476181,0.24623413383960724,0.003464099718257785,0.09300812780857086
2862,False,normal,0.9191655,0.948894,0.03605552762746811,0.15687063336372375,0.23722349107265472,0.007211105898022652,0.09412238001823425
2863,False,normal,0.9187206,0.9710304,0.02236071228981018,0.15760761499404907,0.24275760352611542,0.004472142551094294,0.09456456899642944
2864,False,normal,0.9213572,0.91972816,0.061644162982702255,0.13780376315116882,0.22993203997612,0.01232883334159851,0.08268225789070129
2865,False,normal,0.93299407,0.8811924,0.058309491723775864,0.06298477202653885,0.22029809653759003,0.011661898344755173,0.03779086321592331
2866,False,normal,0.93459624,0.9058146,0.048989780247211456,0.04263424873352051,0.22645364701747894,0.009797956794500351,0.025580549240112303
2867,False,normal,0.93333375,0.94180673,0.036055512726306915,0.042493000626564026,0.23545168340206146,0.007211103104054928,0.025495800375938415
2868,False,normal,0.9258593,1.0157263,0.0781024768948555,0.040001362562179565,0.25393158197402954,0.01562049612402916,0.024000817537307737
2869,False,normal,0.9306305,0.9423906,0.07483312487602234,0.04047994688153267,0.2355976551771164,0.014966624788939953,0.0242879681289196
2870,False,normal,0.9355952,0.921032,0.024494903162121773,0.041692912578582764,0.2302580028772354,0.004898980725556612,0.025015747547149657
2871,False,normal,0.9283974,0.97969383,0.07280110567808151,0.040930017828941345,0.2449234575033188,0.014560221694409847,0.024558010697364806
2872,False,normal,0.9332075,0.9289779,0.05099022760987282,0.04089266061782837,0.23224447667598724,0.010198046453297138,0.02453559637069702
2873,False,normal,0.9287507,0.9483143,0.10049877315759659,0.0370187871158123,0.23707856237888336,0.020099755376577377,0.02221127226948738
2874,False,normal,0.9221866,1.0270833,0.12165525555610657,0.037471212446689606,0.2567708194255829,0.024331051856279373,0.022482727468013764
2875,False,normal,0.9281287,1.006479,0.05744563043117523,0.03881578519940376,0.25161975622177124,0.011489126831293106,0.023289471119642257
2876,False,normal,0.92550707,0.98275125,0.11224974691867828,0.03876879811286926,0.2456878125667572,0.022449949756264687,0.023261278867721558
2877,False,normal,0.9301741,0.9859006,0.046904195100069046,0.03907729685306549,0.24647514522075653,0.009380839765071869,0.023446378111839295
2878,False,normal,0.9315953,0.9756024,0.03741654008626938,0.03852752223610878,0.2439005821943283,0.007483308203518391,0.023116513341665267
2879,False,normal,0.93284345,0.9731393,0.024494890123605728,0.0374850258231163,0.24328482151031494,0.0048989783972501755,0.02249101549386978
2880,False,normal,0.93280023,0.9872183,0.014142122119665146,0.03698282688856125,0.24680458009243011,0.0028284243308007717,0.02218969613313675
2881,False,normal,0.92813456,1.0202451,0.0458257757127285,0.03886003419756889,0.2550612688064575,0.009165155701339245,0.023316020518541335
2882,False,normal,0.9277442,1.0360502,0.033166270703077316,0.0417931005358696,0.2590125501155853,0.006633254699409008,0.02507586032152176
2883,False,normal,0.9279836,1.018332,0.04242642596364021,0.043238863348960876,0.2545830011367798,0.008485285565257072,0.025943318009376524
2884,False,normal,0.92922765,1.0077202,0.03605552762746811,0.04238077253103256,0.2519300580024719,0.007211105898022652,0.025428463518619538
2885,False,normal,0.93157387,1.006628,0.014142164029181004,0.03709353879094124,0.25165700912475586,0.0028284327127039433,0.02225612327456474
2886,False,normal,0.9324436,0.99362975,0.020000040531158447,0.03295418247580528,0.24840743839740753,0.004000008571892977,0.019772509485483168
2887,False,normal,0.9268707,1.0113852,0.08124036341905594,0.03187234327197075,0.25284630060195923,0.016248073428869247,0.01912340596318245
2888,False,normal,0.9305249,0.9774968,0.061644140630960464,0.03131864219903946,0.24437420070171356,0.012328828684985638,0.018791185319423673
2889,False,normal,0.92592937,0.9403723,0.15362291038036346,0.031463537365198135,0.23509307205677032,0.030724583193659782,0.01887812241911888
2890,False,normal,0.93012476,0.9722139,0.07681146264076233,0.027924999594688416,0.24305348098278046,0.01536229345947504,0.01675499975681305
2891,False,normal,0.9297272,0.99403214,0.06403123587369919,0.02786184474825859,0.2485080361366272,0.012806247919797897,0.016717106848955155
2892,False,normal,0.93134826,1.0133607,0.03162280470132828,0.024541692808270454,0.2533401846885681,0.006324561312794685,0.014725015684962272
2893,False,normal,0.9316169,0.9890399,0.05196153372526169,0.02225838415324688,0.2472599595785141,0.010392307303845882,0.013355030491948127
2894,False,normal,0.92863345,0.9974467,0.08660250902175903,0.021091243252158165,0.24936167895793915,0.017320502549409866,0.012654745951294899
2895,False,normal,0.93075734,1.025768,0.033166270703077316,0.022038878872990608,0.25644201040267944,0.006633254699409008,0.013223327323794365
2896,False,normal,0.92490256,1.012571,0.12206557393074036,0.022140057757496834,0.25314274430274963,0.02441311627626419,0.0132840346544981
2897,False,normal,0.9325884,1.0184793,0.014142128638923168,0.022466370835900307,0.254619836807251,0.0028284257277846336,0.013479822501540183
2898,False,normal,0.9259042,1.0418253,0.08185353130102158,0.02368904836475849,0.2604563236236572,0.016370706260204315,0.014213429018855094
2899,False,normal,0.92984444,1.0161201,0.05196153372526169,0.02292441949248314,0.2540300190448761,0.010392307303845882,0.013754651695489882
2900,False,normal,0.9299163,0.96026033,0.09486830979585648,0.024602441117167473,0.2400650829076767,0.018973663449287415,0.014761464670300484
2901,False,normal,0.9363331,0.93818974,0.022360658273100853,0.027941277250647545,0.2345474362373352,0.0044721318408846855,0.016764766350388528
2902,False,normal,0.93387854,0.9310746,0.057445574551820755,0.030173784121870995,0.23276865482330322,0.01148911565542221,0.018104270473122595
2903,False,normal,0.93384403,0.94942087,0.04123108834028244,0.031040389090776443,0.23735521733760834,0.008246217854321003,0.018624233454465865
2904,False,normal,0.92692757,1.0104455,0.08246215432882309,0.03112439624965191,0.252611368894577,0.016492431983351707,0.018674637749791143
2905,False,normal,0.9317129,1.0060319,0.022360658273100853,0.031108727678656578,0.251507967710495,0.0044721318408846855,0.018665236607193946
2906,False,normal,0.9286501,0.9721111,0.09110432118177414,0.031334441155195236,0.24302777647972107,0.018220864236354828,0.01880066469311714
2907,False,normal,0.9321532,0.96943283,0.046904198825359344,0.03116155043244362,0.24235820770263672,0.009380839765071869,0.01869693025946617
2908,False,normal,0.9316695,0.9974467,0.03000001423060894,0.03116757981479168,0.24936167895793915,0.006000002846121788,0.018700547888875006
2909,False,normal,0.92156553,1.0828665,0.08660253882408142,0.035501040518283844,0.2707166373729706,0.017320508137345314,0.021300624310970306
2910,False,normal,0.9268019,1.0826358,0.009999999776482582,0.03986114636063576,0.270658940076828,0.0020000000949949026,0.023916687816381454
2911,False,normal,0.92650867,1.0335376,0.05385167896747589,0.0404694490134716,0.2583844065666199,0.010770335793495178,0.024281669408082962
2912,False,normal,0.9253499,1.0686908,0.03605552762746811,0.04293974116444588,0.2671726942062378,0.007211105898022652,0.025763844698667524
2913,False,normal,0.92727035,1.0404806,0.033166270703077316,0.043434321880340576,0.260120153427124,0.006633254699409008,0.026060593128204346
2914,False,normal,0.9291001,0.9908078,0.04999995231628418,0.04353697970509529,0.24770194292068481,0.009999990463256836,0.026122187823057173
2915,False,normal,0.9305099,1.0046393,0.019999980926513672,0.04333457350730896,0.25115981698036194,0.003999996464699507,0.026000744104385375
2916,False,normal,0.9306326,0.99724615,0.024494927376508713,0.04335334151983261,0.24931153655052185,0.004898985847830772,0.026012004911899565
2917,False,normal,0.93018883,1.0045397,0.024494927376508713,0.043252408504486084,0.2511349320411682,0.004898985847830772,0.02595144510269165
2918,False,normal,0.9308505,0.99809825,0.022360675036907196,0.042427435517311096,0.2495245486497879,0.004472135100513697,0.025456461310386657
2919,False,normal,0.930678,0.99849886,0.024494890123605728,0.042322516441345215,0.24962471425533295,0.0048989783972501755,0.025393509864807127
2920,False,normal,0.93034685,1.0058826,0.024494901299476624,0.04123643785715103,0.2514706552028656,0.004898980725556612,0.02474186271429062
2921,False,normal,0.93098253,1.0136074,0.014142172411084175,0.03838628530502319,0.25340184569358826,0.0028284345753490925,0.023031771183013916
2922,False,normal,0.93224096,1.006628,0.009999990463256836,0.034123316407203674,0.25165700912475586,0.0019999982323497534,0.020473989844322204
2923,False,normal,0.93267286,1.0004499,0.014142127707600594,0.03115328773856163,0.25011247396469116,0.00282842549495399,0.01869197264313698
2924,False,normal,0.93252945,1.0076706,0.009999990463256836,0.03117588721215725,0.25191766023635864,0.0019999982323497534,0.01870553232729435
2925,False,normal,0.9325773,1.0069261,0.009999997913837433,0.031164977699518204,0.2517315149307251,0.0019999996293336153,0.018698986619710922
2926,False,normal,0.93190545,1.0085137,0.020000003278255463,0.029686933383345604,0.2521284222602844,0.0040000006556510925,0.01781216003000736
2927,False,normal,0.93119377,1.0116323,0.0299999937415123,0.027743222191929817,0.2529080808162689,0.0059999991208314896,0.01664593331515789
2928,False,normal,0.9320741,1.0173495,0.014142127707600594,0.027340738102793694,0.2543373703956604,0.00282842549495399,0.016404442861676215
2929,False,normal,0.9330911,1.009158,0.014142127707600594,0.023131977766752243,0.2522895038127899,0.00282842549495399,0.013879186660051345
2930,False,normal,0.9338045,1.009059,0.014142164029181004,0.017238393425941467,0.25226473808288574,0.0028284327127039433,0.01034303605556488
2931,False,normal,0.9346306,1.0020479,0.009999990463256836,0.01659534126520157,0.2505119740962982,0.0019999982323497534,0.00995720475912094
2932,False,normal,0.9358483,0.9950879,0.009999990463256836,0.010072683915495872,0.24877198040485382,0.0019999982323497534,0.006043610349297524
2933,False,normal,0.9370047,0.9950879,0.0,0.006686171982437372,0.24877198040485382,0.0,0.004011703189462423
2934,False,normal,0.9363502,0.99413276,0.009999997913837433,0.006387089379131794,0.2485331892967224,0.0019999996293336153,0.0038322536274790764
2935,False,normal,0.9351526,1.0082163,0.014142164029181004,0.006443558726459742,0.2520540654659271,0.0028284327127039433,0.0038661352358758446
2936,False,normal,0.9355393,1.0073729,0.01000000536441803,0.006249262485653162,0.2518432140350342,0.0020000010263174772,0.003749557491391897
2937,False,normal,0.93523264,1.0072736,0.014142164029181004,0.006267615593969822,0.25181838870048523,0.0028284327127039433,0.003760569356381893
2938,False,normal,0.93599474,1.00025,0.009999990463256836,0.006163512822240591,0.250062495470047,0.0019999982323497534,0.0036981076933443545
2939,False,normal,0.9360478,0.99949986,0.009999997913837433,0.006112402770668268,0.24987496435642242,0.0019999996293336153,0.003667441662400961
2940,False,normal,0.9367826,0.99949986,0.0,0.006238575093448162,0.24987496435642242,0.0,0.003743145056068897
2941,False,normal,0.9357487,0.99949986,0.014142122119665146,0.006016031373292208,0.24987496435642242,0.0028284243308007717,0.0036096188239753244
2942,False,normal,0.9360082,1.00025,0.009999997913837433,0.006051407661288977,0.250062495470047,0.0019999996293336153,0.0036308445967733857
2943,False,normal,0.9367575,1.00025,0.0,0.006057341117411852,0.250062495470047,0.0,0.003634404670447111
2944,False,normal,0.936759,1.00025,0.0,0.006044652778655291,0.250062495470047,0.0,0.0036267916671931743
2945,False,normal,0.93676025,1.00025,0.0,0.006034313701093197,0.250062495470047,0.0,0.003620588220655918
2946,False,normal,0.936417,0.9932774,0.009999990463256836,0.0062765940092504025,0.2483193427324295,0.0019999982323497534,0.0037659564055502414
2947,False,normal,0.9360232,1.00025,0.009999990463256836,0.005926491692662239,0.250062495470047,0.0019999982323497534,0.003555895015597343
2948,False,normal,0.9361112,1.0010993,0.01000000536441803,0.004750361666083336,0.2502748370170593,0.0020000010263174772,0.0028502169996500013
2949,False,normal,0.9358455,1.0010993,0.014142122119665146,0.004376006778329611,0.2502748370170593,0.0028284243308007717,0.0026256040669977664
2950,False,normal,0.9358855,1.0012991,0.014142164029181004,0.0039387415163218975,0.2503247857093811,0.0028284327127039433,0.0023632449097931384
2951,False,normal,0.93572176,1.0082163,0.009999990463256836,0.004289447329938412,0.2520540654659271,0.0019999982323497534,0.002573668397963047
2952,False,normal,0.9361895,1.0010993,0.010000050067901611,0.004098469857126474,0.2502748370170593,0.0020000101067125797,0.0024590819142758847
2953,False,normal,0.93590564,1.0010993,0.014142122119665146,0.0038749021477997303,0.2502748370170593,0.0028284243308007717,0.002324941288679838
2954,False,normal,0.9370089,1.0010993,0.0,0.003519985591992736,0.2502748370170593,0.0,0.0021119913551956413
2955,False,normal,0.9370507,1.0010993,0.0,0.0031713200733065605,0.2502748370170593,0.0,0.0019027920439839362
2956,False,normal,0.9370907,1.0010993,0.0,0.0028381801676005125,0.2502748370170593,0.0,0.0017029081005603074
2957,False,normal,0.9371392,1.0010993,0.0,0.0024338180664926767,0.2502748370170593,0.0,0.001460290839895606
2958,False,normal,0.9364423,1.00025,0.01000000536441803,0.0024338180664926767,0.250062495470047,0.0020000010263174772,0.001460290839895606
2959,False,normal,0.93719363,1.00025,0.0,0.0024226480163633823,0.250062495470047,0.0,0.0014535888098180293
2960,False,normal,0.93719506,1.00025,0.0,0.0024108425714075565,0.250062495470047,0.0,0.001446505542844534
2961,False,normal,0.93719655,1.00025,0.0,0.002398392651230097,0.250062495470047,0.0,0.001439035590738058
2962,False,normal,0.93647087,0.99413276,0.014142133295536041,0.002792860846966505,0.2485331892967224,0.0028284266591072083,0.001675716508179903
2963,False,normal,0.9353585,1.0073729,0.017320534214377403,0.003180111525580287,0.2518432140350342,0.003464106936007738,0.0019080669153481722
2964,False,normal,0.9363404,1.0004499,0.009999990463256836,0.0031788626220077276,0.25011247396469116,0.0019999982323497534,0.0019073175732046365
2965,False,normal,0.9367414,0.9932774,0.010000050067901611,0.0035727624781429768,0.2483193427324295,0.0020000101067125797,0.002143657486885786
2966,False,normal,0.9374914,0.9932774,0.0,0.0035727624781429768,0.2483193427324295,0.0,0.002143657486885786
2967,False,normal,0.9366576,0.99413276,0.01000000536441803,0.003825705498456955,0.2485331892967224,0.0020000010263174772,0.002295423299074173
2968,False,normal,0.9362094,1.0012991,0.010000050067901611,0.0038285681512206793,0.2503247857093811,0.0020000101067125797,0.0022971408907324076
2969,False,normal,0.93573064,1.0082163,0.009999990463256836,0.004215402062982321,0.2520540654659271,0.0019999982323497534,0.0025292412377893926
2970,False,normal,0.93644154,1.0082163,0.0,0.004540964029729366,0.2520540654659271,0.0,0.0027245784178376196
2971,False,normal,0.93644154,1.0082163,0.0,0.004540963564068079,0.2520540654659271,0.0,0.0027245781384408474
2972,False,normal,0.93613636,1.0010993,0.010000050067901611,0.004540963564068079,0.2502748370170593,0.0020000101067125797,0.0027245781384408474
2973,False,normal,0.93654466,0.99413276,0.009999990463256836,0.004766933619976044,0.2485331892967224,0.0019999982323497534,0.0028601601719856263
2974,False,normal,0.9353188,1.0082163,0.014142164029181004,0.005058047827333212,0.2520540654659271,0.0028284327127039433,0.003034828696399927
2975,False,normal,0.9360743,1.0010993,0.010000050067901611,0.005058047827333212,0.2502748370170593,0.0020000101067125797,0.003034828696399927
2976,False,normal,0.93576366,1.0010993,0.014142122119665146,0.005058047827333212,0.2502748370170593,0.0028284243308007717,0.003034828696399927
2977,False,normal,0.9356063,1.0081171,0.009999990463256836,0.0053029609844088554,0.25202926993370056,0.0019999982323497534,0.0031817765906453133
2978,False,normal,0.9357044,0.99413276,0.019999980926513672,0.005519084166735411,0.2485331892967224,0.003999996464699507,0.0033114505000412463
2979,False,normal,0.93600667,1.0012991,0.010000050067901611,0.005518004763871431,0.2503247857093811,0.0020000101067125797,0.003310802858322859
2980,False,normal,0.93616784,0.9932774,0.014142175205051899,0.005763760302215815,0.2483193427324295,0.00282843504101038,0.0034582561813294886
2981,False,normal,0.93526447,1.0073729,0.014142164029181004,0.00595029117539525,0.2518432140350342,0.0028284327127039433,0.00357017470523715
2982,False,normal,0.935669,1.0012991,0.014142133295536041,0.005742829758673906,0.2503247857093811,0.0028284266591072083,0.0034456978552043437
2983,False,normal,0.93675035,1.0012991,0.0,0.005570624023675919,0.2503247857093811,0.0,0.003342374414205551
2984,False,normal,0.9367504,1.0012991,0.0,0.005569684784859419,0.2503247857093811,0.0,0.0033418108709156514
2985,False,normal,0.93678534,1.0012991,0.0,0.005278999451547861,0.2503247857093811,0.0,0.0031673996709287167
2986,False,normal,0.93612826,1.0004499,0.01000000536441803,0.004946829751133919,0.25011247396469116,0.0020000010263174772,0.002968097850680351
2987,False,normal,0.93611324,1.0012991,0.01000000536441803,0.004629387985914946,0.2503247857093811,0.0020000010263174772,0.0027776327915489674
2988,False,normal,0.9368633,1.0012991,0.0,0.004629387985914946,0.2503247857093811,0.0,0.0027776327915489674
2989,False,normal,0.93688893,1.0012991,0.0,0.0044157481752336025,0.2503247857093811,0.0,0.0026494489051401616
2990,False,normal,0.9369193,1.0012991,0.0,0.0041625965386629105,0.2503247857093811,0.0,0.002497557923197746
2991,False,normal,0.93661886,0.99413276,0.010000050067901611,0.004148817155510187,0.2485331892967224,0.0020000101067125797,0.0024892902933061124
2992,False,normal,0.93733996,0.99413276,0.0,0.004389583598822355,0.2485331892967224,0.0,0.002633750159293413
2993,False,normal,0.93618345,1.0010993,0.009999990463256836,0.004148817155510187,0.2502748370170593,0.0019999982323497534,0.0024892902933061124
2994,False,normal,0.9357386,1.0082163,0.010000050067901611,0.004148817155510187,0.2520540654659271,0.0020000101067125797,0.0024892902933061124
2995,False,normal,0.9361708,1.0012991,0.009999990463256836,0.004149908199906349,0.2503247857093811,0.0019999982323497534,0.0024899449199438095
2996,False,normal,0.9369207,1.0012991,0.0,0.004150974564254284,0.2503247857093811,0.0,0.0024905847385525703
2997,False,normal,0.9369631,1.0012991,0.0,0.0037978049367666245,0.2503247857093811,0.0,0.0022786829620599744
2998,False,normal,0.936997,1.0012991,0.0,0.003515247954055667,0.2503247857093811,0.0,0.0021091487724334
2999,False,normal,0.9357719,1.0082163,0.009999990463256836,0.0038716678973287344,0.2520540654659271,0.0019999982323497534,0.0023230007383972405
