index,is_sudden,motion_type,confidence,magnitude,jerk,rolling_std,score_magnitude,score_jerk,score_rolling_std
0,False,stationary,0.9,0.0,0.0,0.0,0.0,0.0,0.0
1,False,stationary,0.9,0.0,0.0,0.0,0.0,0.0,0.0
2,False,stationary,0.9,0.0,0.0,0.0,0.0,0.0,0.0
3,False,stationary,0.9,0.0,0.0,0.0,0.0,0.0,0.0
4,False,stationary,0.9,0.0,0.0,0.0,0.0,0.0,0.0
5,False,stationary,0.9,0.0,0.0,0.0,0.0,0.0,0.0
6,False,stationary,0.9,0.0,0.0,0.0,0.0,0.0,0.0
7,False,stationary,0.9,0.0,0.0,0.0,0.0,0.0,0.0
8,False,stationary,0.9,0.0,0.0,0.0,0.0,0.0,0.0
9,False,stationary,0.9,0.0,0.0,0.0,0.0,0.0,0.0
10,False,stationary,0.9,0.0,0.0,0.0,0.0,0.0,0.0
11,False,stationary,0.9,0.0,0.0,0.0,0.0,0.0,0.0
12,False,stationary,0.9,0.0,0.0,0.0,0.0,0.0,0.0
13,False,stationary,0.9,0.0,0.0,0.0,0.0,0.0,0.0
14,False,stationary,0.9,0.0,0.0,0.0,0.0,0.0,0.0
15,False,stationary,0.9,0.0,0.0,0.0,0.0,0.0,0.0
16,False,stationary,0.9,0.0,0.0,0.0,0.0,0.0,0.0
17,False,stationary,0.9,0.0,0.0,0.0,0.0,0.0,0.0
18,False,stationary,0.9,0.0,0.0,0.0,0.0,0.0,0.0
19,False,stationary,0.9,0.0,0.0,0.0,0.0,0.0,0.0
20,False,stationary,0.9,0.0,0.0,0.0,0.0,0.0,0.0
21,False,stationary,0.9,0.0,0.0,0.0,0.0,0.0,0.0
22,False,stationary,0.9,0.0,0.0,0.0,0.0,0.0,0.0
23,False,stationary,0.9,0.0,0.0,0.0,0.0,0.0,0.0
24,False,stationary,0.9,0.0,0.0,0.0,0.0,0.0,0.0
25,False,stationary,0.9,0.0,0.0,0.0,0.0,0.0,0.0
26,False,stationary,0.9,0.0,0.0,0.0,0.0,0.0,0.0
27,False,stationary,0.9,0.0,0.0,0.0,0.0,0.0,0.0
28,False,stationary,0.9,0.0,0.0,0.0,0.0,0.0,0.0
29,False,stationary,0.9,0.0,0.0,0.0,0.0,0.0,0.0
30,False,stationary,0.9,0.0,0.0,0.0,0.0,0.0,0.0
31,False,stationary,0.9,0.0,0.0,0.0,0.0,0.0,0.0
32,False,stationary,0.9,0.0,0.0,0.0,0.0,0.0,0.0
33,False,stationary,0.9,0.0,0.0,0.0,0.0,0.0,0.0
34,False,stationary,0.9,0.0,0.0,0.0,0.0,0.0,0.0
35,False,stationary,0.9,0.0,0.0,0.0,0.0,0.0,0.0
36,False,stationary,0.9,0.0,0.0,0.0,0.0,0.0,0.0
37,False,stationary,0.9,0.0,0.0,0.0,0.0,0.0,0.0
38,False,stationary,0.9,0.0,0.0,0.0,0.0,0.0,0.0
39,False,stationary,0.9,0.0,0.0,0.0,0.0,0.0,0.0
40,False,stationary,0.9,0.0,0.0,0.0,0.0,0.0,0.0
41,False,stationary,0.9,0.0,0.0,0.0,0.0,0.0,0.0
42,False,stationary,0.9,0.0,0.0,0.0,0.0,0.0,0.0
43,False,stationary,0.9,0.0,0.0,0.0,0.0,0.0,0.0
44,False,stationary,0.9,0.0,0.0,0.0,0.0,0.0,0.0
45,False,stationary,0.9,0.0,0.0,0.0,0.0,0.0,0.0
46,False,stationary,0.9,0.0,0.0,0.0,0.0,0.0,0.0
47,False,stationary,0.9,0.0,0.0,0.0,0.0,0.0,0.0
48,False,stationary,0.9,0.0,0.0,0.0,0.0,0.0,0.0
49,False,stationary,0.9,0.0,0.0,0.0,0.0,0.0,0.0
50,False,stationary,0.9,0.0,0.0,0.0,0.0,0.0,0.0
51,False,stationary,0.9,0.0,0.0,0.0,0.0,0.0,0.0
52,False,stationary,0.9,0.0,0.0,0.0,0.0,0.0,0.0
53,False,stationary,0.9,0.0,0.0,0.0,0.0,0.0,0.0
54,False,stationary,0.9,0.0,0.0,0.0,0.0,0.0,0.0
55,False,stationary,0.9,0.0,0.0,0.0,0.0,0.0,0.0
56,False,stationary,0.9,0.0,0.0,0.0,0.0,0.0,0.0
57,False,stationary,0.9,0.0,0.0,0.0,0.0,0.0,0.0
58,False,stationary,0.9,0.0,0.0,0.0,0.0,0.0,0.0
59,False,stationary,0.9,0.0,0.0,0.0,0.0,0.0,0.0
60,False,stationary,0.9,0.0,0.0,0.0,0.0,0.0,0.0
61,False,stationary,0.9,0.0,0.0,0.0,0.0,0.0,0.0
62,False,stationary,0.9,0.0,0.0,0.0,0.0,0.0,0.0
63,False,stationary,0.9,0.0,0.0,0.0,0.0,0.0,0.0
64,False,stationary,0.9,0.0,0.0,0.0,0.0,0.0,0.0
65,False,stationary,0.9,0.0,0.0,0.0,0.0,0.0,0.0
66,False,stationary,0.9,0.0,0.0,0.0,0.0,0.0,0.0
67,False,stationary,0.9,0.0,0.0,0.0,0.0,0.0,0.0
68,False,stationary,0.9,0.0,0.0,0.0,0.0,0.0,0.0
69,False,stationary,0.9,0.0,0.0,0.0,0.0,0.0,0.0
70,False,stationary,0.9,0.0,0.0,0.0,0.0,0.0,0.0
71,False,stationary,0.9,0.0,0.0,0.0,0.0,0.0,0.0
72,False,stationary,0.9,0.0,0.0,0.0,0.0,0.0,0.0
73,False,stationary,0.9,0.0,0.0,0.0,0.0,0.0,0.0
74,False,stationary,0.9,0.0,0.0,0.0,0.0,0.0,0.0
75,False,stationary,0.9,0.0,0.0,0.0,0.0,0.0,0.0
76,False,stationary,0.9,0.0,0.0,0.0,0.0,0.0,0.0
77,False,stationary,0.9,0.0,0.0,0.0,0.0,0.0,0.0
78,False,stationary,0.9,0.0,0.0,0.0,0.0,0.0,0.0
79,False,stationary,0.9,0.0,0.0,0.0,0.0,0.0,0.0
80,False,stationary,0.9,0.0,0.0,0.0,0.0,0.0,0.0
81,False,stationary,0.9,0.0,0.0,0.0,0.0,0.0,0.0
82,False,stationary,0.9,0.0,0.0,0.0,0.0,0.0,0.0
83,False,stationary,0.9,0.0,0.0,0.0,0.0,0.0,0.0
84,False,stationary,0.9,0.0,0.0,0.0,0.0,0.0,0.0
85,False,stationary,0.9,0.0,0.0,0.0,0.0,0.0,0.0
86,False,stationary,0.9,0.0,0.0,0.0,0.0,0.0,0.0
87,False,stationary,0.9,0.0,0.0,0.0,0.0,0.0,0.0
88,False,stationary,0.9,0.0,0.0,0.0,0.0,0.0,0.0
89,False,stationary,0.9,0.0,0.0,0.0,0.0,0.0,0.0
90,False,stationary,0.9,0.0,0.0,0.0,0.0,0.0,0.0
91,False,stationary,0.9,0.0,0.0,0.0,0.0,0.0,0.0
92,False,stationary,0.9,0.0,0.0,0.0,0.0,0.0,0.0
93,False,stationary,0.9,0.0,0.0,0.0,0.0,0.0,0.0
94,False,stationary,0.9,0.0,0.0,0.0,0.0,0.0,0.0
95,False,stationary,0.9,0.0,0.0,0.0,0.0,0.0,0.0
96,False,stationary,0.9,0.0,0.0,0.0,0.0,0.0,0.0
97,False,stationary,0.9,0.0,0.0,0.0,0.0,0.0,0.0
98,False,stationary,0.9,0.0,0.0,0.0,0.0,0.0,0.0
99,False,stationary,0.9,0.0,0.0,0.0,0.0,0.0,0.0
100,False,stationary,0.9,0.0,0.0,0.0,0.0,0.0,0.0
101,False,stationary,0.9,0.0,0.0,0.0,0.0,0.0,0.0
102,False,stationary,0.9,0.0,0.0,0.0,0.0,0.0,0.0
103,False,stationary,0.9,0.0,0.0,0.0,0.0,0.0,0.0
104,False,stationary,0.9,0.0,0.0,0.0,0.0,0.0,0.0
105,False,stationary,0.9,0.0,0.0,0.0,0.0,0.0,0.0
106,False,stationary,0.9,0.0,0.0,0.0,0.0,0.0,0.0
107,False,stationary,0.9,0.0,0.0,0.0,0.0,0.0,0.0
108,False,stationary,0.9,0.0,0.0,0.0,0.0,0.0,0.0
109,False,stationary,0.9,0.0,0.0,0.0,0.0,0.0,0.0
110,False,stationary,0.9,0.0,0.0,0.0,0.0,0.0,0.0
111,False,stationary,0.9,0.0,0.0,0.0,0.0,0.0,0.0
112,False,stationary,0.9,0.0,0.0,0.0,0.0,0.0,0.0
113,False,stationary,0.9,0.0,0.0,0.0,0.0,0.0,0.0
114,False,stationary,0.9,0.0,0.0,0.0,0.0,0.0,0.0
115,False,stationary,0.9,0.0,0.0,0.0,0.0,0.0,0.0
116,False,stationary,0.9,0.0,0.0,0.0,0.0,0.0,0.0
117,False,stationary,0.9,0.0,0.0,0.0,0.0,0.0,0.0
118,False,stationary,0.9,0.0,0.0,0.0,0.0,0.0,0.0
119,False,stationary,0.9,0.0,0.0,0.0,0.0,0.0,0.0
120,False,stationary,0.9,0.0,0.0,0.0,0.0,0.0,0.0
121,False,stationary,0.9,0.0,0.0,0.0,0.0,0.0,0.0
122,False,stationary,0.9,0.0,0.0,0.0,0.0,0.0,0.0
123,False,stationary,0.9,0.0,0.0,0.0,0.0,0.0,0.0
124,False,stationary,0.9,0.0,0.0,0.0,0.0,0.0,0.0
125,False,stationary,0.9,0.0,0.0,0.0,0.0,0.0,0.0
126,False,stationary,0.9,0.0,0.0,0.0,0.0,0.0,0.0
127,False,stationary,0.9,0.0,0.0,0.0,0.0,0.0,0.0
128,False,stationary,0.9,0.0,0.0,0.0,0.0,0.0,0.0
129,False,stationary,0.9,0.0,0.0,0.0,0.0,0.0,0.0
130,False,stationary,0.9,0.0,0.0,0.0,0.0,0.0,0.0
131,False,stationary,0.9,0.0,0.0,0.0,0.0,0.0,0.0
132,False,stationary,0.9,0.0,0.0,0.0,0.0,0.0,0.0
133,False,stationary,0.9,0.0,0.0,0.0,0.0,0.0,0.0
134,False,stationary,0.9,0.0,0.0,0.0,0.0,0.0,0.0
135,False,stationary,0.9,0.0,0.0,0.0,0.0,0.0,0.0
136,False,stationary,0.9,0.0,0.0,0.0,0.0,0.0,0.0
137,False,stationary,0.9,0.0,0.0,0.0,0.0,0.0,0.0
138,False,stationary,0.9,0.0,0.0,0.0,0.0,0.0,0.0
139,False,stationary,0.9,0.0,0.0,0.0,0.0,0.0,0.0
140,False,stationary,0.9,0.0,0.0,0.0,0.0,0.0,0.0
141,False,stationary,0.9,0.0,0.0,0.0,0.0,0.0,0.0
142,False,stationary,0.9,0.0,0.0,0.0,0.0,0.0,0.0
143,False,stationary,0.9,0.0,0.0,0.0,0.0,0.0,0.0
144,False,stationary,0.9,0.0,0.0,0.0,0.0,0.0,0.0
145,False,stationary,0.9,0.0,0.0,0.0,0.0,0.0,0.0
146,False,stationary,0.9,0.0,0.0,0.0,0.0,0.0,0.0
147,False,stationary,0.9,0.0,0.0,0.0,0.0,0.0,0.0
148,False,stationary,0.9,0.0,0.0,0.0,0.0,0.0,0.0
149,False,stationary,0.9,0.0,0.0,0.0,0.0,0.0,0.0
150,False,stationary,0.9,0.0,0.0,0.0,0.0,0.0,0.0
151,False,stationary,0.9,0.0,0.0,0.0,0.0,0.0,0.0
152,False,stationary,0.9,0.0,0.0,0.0,0.0,0.0,0.0
153,False,stationary,0.9,0.0,0.0,0.0,0.0,0.0,0.0
154,False,stationary,0.9,0.0,0.0,0.0,0.0,0.0,0.0
155,False,stationary,0.9,0.0,0.0,0.0,0.0,0.0,0.0
156,False,stationary,0.9,0.0,0.0,0.0,0.0,0.0,0.0
157,False,stationary,0.9,0.0,0.0,0.0,0.0,0.0,0.0
158,False,stationary,0.9,0.0,0.0,0.0,0.0,0.0,0.0
159,False,stationary,0.9,0.0,0.0,0.0,0.0,0.0,0.0
160,False,stationary,0.9,0.0,0.0,0.0,0.0,0.0,0.0
161,False,stationary,0.9,0.0,0.0,0.0,0.0,0.0,0.0
162,False,stationary,0.9,0.0,0.0,0.0,0.0,0.0,0.0
163,False,stationary,0.9,0.0,0.0,0.0,0.0,0.0,0.0
164,False,stationary,0.9,0.0,0.0,0.0,0.0,0.0,0.0
165,False,stationary,0.9,0.0,0.0,0.0,0.0,0.0,0.0
166,False,stationary,0.9,0.0,0.0,0.0,0.0,0.0,0.0
167,False,stationary,0.9,0.0,0.0,0.0,0.0,0.0,0.0
168,False,stationary,0.9,0.0,0.0,0.0,0.0,0.0,0.0
169,False,stationary,0.9,0.0,0.0,0.0,0.0,0.0,0.0
170,False,stationary,0.9,0.0,0.0,0.0,0.0,0.0,0.0
171,False,stationary,0.9,0.0,0.0,0.0,0.0,0.0,0.0
172,False,stationary,0.9,0.0,0.0,0.0,0.0,0.0,0.0
173,False,stationary,0.9,0.0,0.0,0.0,0.0,0.0,0.0
174,False,stationary,0.9,0.0,0.0,0.0,0.0,0.0,0.0
175,False,stationary,0.9,0.0,0.0,0.0,0.0,0.0,0.0
176,False,stationary,0.9,0.0,0.0,0.0,0.0,0.0,0.0
177,False,stationary,0.9,0.0,0.0,0.0,0.0,0.0,0.0
178,False,stationary,0.9,0.0,0.0,0.0,0.0,0.0,0.0
179,False,stationary,0.9,0.0,0.0,0.0,0.0,0.0,0.0
180,False,stationary,0.9,0.0,0.0,0.0,0.0,0.0,0.0
181,False,stationary,0.9,0.0,0.0,0.0,0.0,0.0,0.0
182,False,stationary,0.9,0.0,0.0,0.0,0.0,0.0,0.0
183,False,stationary,0.9,0.0,0.0,0.0,0.0,0.0,0.0
184,False,stationary,0.9,0.0,0.0,0.0,0.0,0.0,0.0
185,False,stationary,0.9,0.0,0.0,0.0,0.0,0.0,0.0
186,False,stationary,0.9,0.0,0.0,0.0,0.0,0.0,0.0
187,False,stationary,0.9,0.0,0.0,0.0,0.0,0.0,0.0
188,False,stationary,0.9,0.0,0.0,0.0,0.0,0.0,0.0
189,False,stationary,0.9,0.0,0.0,0.0,0.0,0.0,0.0
190,False,stationary,0.9,0.0,0.0,0.0,0.0,0.0,0.0
191,False,stationary,0.9,0.0,0.0,0.0,0.0,0.0,0.0
192,False,stationary,0.9,0.0,0.0,0.0,0.0,0.0,0.0
193,False,stationary,0.9,0.0,0.0,0.0,0.0,0.0,0.0
194,False,stationary,0.9,0.0,0.0,0.0,0.0,0.0,0.0
195,False,stationary,0.9,0.0,0.0,0.0,0.0,0.0,0.0
196,False,stationary,0.9,0.0,0.0,0.0,0.0,0.0,0.0
197,False,stationary,0.9,0.0,0.0,0.0,0.0,0.0,0.0
198,False,stationary,0.9,0.0,0.0,0.0,0.0,0.0,0.0
199,False,stationary,0.9,0.0,0.0,0.0,0.0,0.0,0.0
200,False,stationary,0.9,0.0,0.0,0.0,0.0,0.0,0.0
201,False,stationary,0.9,0.0,0.0,0.0,0.0,0.0,0.0
202,False,stationary,0.9,0.0,0.0,0.0,0.0,0.0,0.0
203,False,stationary,0.9,0.0,0.0,0.0,0.0,0.0,0.0
204,False,stationary,0.9,0.0,0.0,0.0,0.0,0.0,0.0
205,False,stationary,0.9,0.0,0.0,0.0,0.0,0.0,0.0
206,False,stationary,0.9,0.0,0.0,0.0,0.0,0.0,0.0
207,False,stationary,0.9,0.0,0.0,0.0,0.0,0.0,0.0
208,False,stationary,0.9,0.0,0.0,0.0,0.0,0.0,0.0
209,False,stationary,0.9,0.0,0.0,0.0,0.0,0.0,0.0
210,False,stationary,0.9,0.0,0.0,0.0,0.0,0.0,0.0
211,False,stationary,0.9,0.0,0.0,0.0,0.0,0.0,0.0
212,False,stationary,0.9,0.0,0.0,0.0,0.0,0.0,0.0
213,False,stationary,0.9,0.0,0.0,0.0,0.0,0.0,0.0
214,False,stationary,0.9,0.0,0.0,0.0,0.0,0.0,0.0
215,False,stationary,0.9,0.0,0.0,0.0,0.0,0.0,0.0
216,False,stationary,0.9,0.0,0.0,0.0,0.0,0.0,0.0
217,False,stationary,0.9,0.0,0.0,0.0,0.0,0.0,0.0
218,False,stationary,0.9,0.0,0.0,0.0,0.0,0.0,0.0
219,False,stationary,0.9,0.0,0.0,0.0,0.0,0.0,0.0
220,False,stationary,0.9,0.0,0.0,0.0,0.0,0.0,0.0
221,False,stationary,0.9,0.0,0.0,0.0,0.0,0.0,0.0
222,False,stationary,0.9,0.0,0.0,0.0,0.0,0.0,0.0
223,False,stationary,0.9,0.0,0.0,0.0,0.0,0.0,0.0
224,False,stationary,0.9,0.0,0.0,0.0,0.0,0.0,0.0
225,False,stationary,0.9,0.0,0.0,0.0,0.0,0.0,0.0
226,False,stationary,0.9,0.0,0.0,0.0,0.0,0.0,0.0
227,False,stationary,0.9,0.0,0.0,0.0,0.0,0.0,0.0
228,False,stationary,0.9,0.0,0.0,0.0,0.0,0.0,0.0
229,False,stationary,0.9,0.0,0.0,0.0,0.0,0.0,0.0
230,False,stationary,0.9,0.0,0.0,0.0,0.0,0.0,0.0
231,False,stationary,0.9,0.0,0.0,0.0,0.0,0.0,0.0
232,False,stationary,0.9,0.0,0.0,0.0,0.0,0.0,0.0
233,False,stationary,0.9,0.0,0.0,0.0,0.0,0.0,0.0
234,False,stationary,0.9,0.0,0.0,0.0,0.0,0.0,0.0
235,False,stationary,0.9,0.0,0.0,0.0,0.0,0.0,0.0
236,False,stationary,0.9,0.0,0.0,0.0,0.0,0.0,0.0
237,False,stationary,0.9,0.0,0.0,0.0,0.0,0.0,0.0
238,False,stationary,0.9,0.0,0.0,0.0,0.0,0.0,0.0
239,False,stationary,0.9,0.0,0.0,0.0,0.0,0.0,0.0
240,False,stationary,0.9,0.0,0.0,0.0,0.0,0.0,0.0
241,False,stationary,0.9,0.0,0.0,0.0,0.0,0.0,0.0
242,False,stationary,0.9,0.0,0.0,0.0,0.0,0.0,0.0
243,False,stationary,0.9,0.0,0.0,0.0,0.0,0.0,0.0
244,False,stationary,0.9,0.0,0.0,0.0,0.0,0.0,0.0
245,False,stationary,0.9,0.0,0.0,0.0,0.0,0.0,0.0
246,False,stationary,0.9,0.0,0.0,0.0,0.0,0.0,0.0
247,False,stationary,0.9,0.0,0.0,0.0,0.0,0.0,0.0
248,False,stationary,0.9,0.0,0.0,0.0,0.0,0.0,0.0
249,False,stationary,0.9,0.0,0.0,0.0,0.0,0.0,0.0
250,False,stationary,0.9,0.0,0.0,0.0,0.0,0.0,0.0
251,False,stationary,0.9,0.0,0.0,0.0,0.0,0.0,0.0
252,False,stationary,0.9,0.0,0.0,0.0,0.0,0.0,0.0
253,False,stationary,0.9,0.0,0.0,0.0,0.0,0.0,0.0
254,False,stationary,0.9,0.0,0.0,0.0,0.0,0.0,0.0
255,False,stationary,0.9,0.0,0.0,0.0,0.0,0.0,0.0
256,False,stationary,0.9,0.0,0.0,0.0,0.0,0.0,0.0
257,False,stationary,0.9,0.0,0.0,0.0,0.0,0.0,0.0
258,False,stationary,0.9,0.0,0.0,0.0,0.0,0.0,0.0
259,False,stationary,0.9,0.0,0.0,0.0,0.0,0.0,0.0
260,False,stationary,0.9,0.0,0.0,0.0,0.0,0.0,0.0
261,False,stationary,0.9,0.0,0.0,0.0,0.0,0.0,0.0
262,False,stationary,0.9,0.0,0.0,0.0,0.0,0.0,0.0
263,False,stationary,0.9,0.0,0.0,0.0,0.0,0.0,0.0
264,False,stationary,0.9,0.0,0.0,0.0,0.0,0.0,0.0
265,False,stationary,0.9,0.0,0.0,0.0,0.0,0.0,0.0
266,False,stationary,0.9,0.0,0.0,0.0,0.0,0.0,0.0
267,False,stationary,0.9,0.0,0.0,0.0,0.0,0.0,0.0
268,False,stationary,0.9,0.0,0.0,0.0,0.0,0.0,0.0
269,False,stationary,0.9,0.0,0.0,0.0,0.0,0.0,0.0
270,False,stationary,0.9,0.0,0.0,0.0,0.0,0.0,0.0
271,False,stationary,0.9,0.0,0.0,0.0,0.0,0.0,0.0
272,False,stationary,0.9,0.0,0.0,0.0,0.0,0.0,0.0
273,False,stationary,0.9,0.0,0.0,0.0,0.0,0.0,0.0
274,False,stationary,0.9,0.0,0.0,0.0,0.0,0.0,0.0
275,False,stationary,0.9,0.0,0.0,0.0,0.0,0.0,0.0
276,False,stationary,0.9,0.0,0.0,0.0,0.0,0.0,0.0
277,False,stationary,0.9,0.0,0.0,0.0,0.0,0.0,0.0
278,False,stationary,0.9,0.0,0.0,0.0,0.0,0.0,0.0
279,False,stationary,0.9,0.0,0.0,0.0,0.0,0.0,0.0
280,False,stationary,0.9,0.0,0.0,0.0,0.0,0.0,0.0
281,False,stationary,0.9,0.0,0.0,0.0,0.0,0.0,0.0
282,False,stationary,0.9,0.0,0.0,0.0,0.0,0.0,0.0
283,False,stationary,0.9,0.0,0.0,0.0,0.0,0.0,0.0
284,False,stationary,0.9,0.0,0.0,0.0,0.0,0.0,0.0
285,False,stationary,0.9,0.0,0.0,0.0,0.0,0.0,0.0
286,False,stationary,0.9,0.0,0.0,0.0,0.0,0.0,0.0
287,False,stationary,0.9,0.0,0.0,0.0,0.0,0.0,0.0
288,False,stationary,0.9,0.0,0.0,0.0,0.0,0.0,0.0
289,False,stationary,0.9,0.0,0.0,0.0,0.0,0.0,0.0
290,False,stationary,0.9,0.0,0.0,0.0,0.0,0.0,0.0
291,False,stationary,0.9,0.0,0.0,0.0,0.0,0.0,0.0
292,False,stationary,0.9,0.0,0.0,0.0,0.0,0.0,0.0
293,False,stationary,0.9,0.0,0.0,0.0,0.0,0.0,0.0
294,False,stationary,0.9,0.0,0.0,0.0,0.0,0.0,0.0
295,False,stationary,0.9,0.0,0.0,0.0,0.0,0.0,0.0
296,False,stationary,0.9,0.0,0.0,0.0,0.0,0.0,0.0
297,False,stationary,0.9,0.0,0.0,0.0,0.0,0.0,0.0
298,False,stationary,0.9,0.0,0.0,0.0,0.0,0.0,0.0
299,False,stationary,0.9,0.0,0.0,0.0,0.0,0.0,0.0
300,False,stationary,0.9,0.0,0.0,0.0,0.0,0.0,0.0
301,False,stationary,0.9,0.0,0.0,0.0,0.0,0.0,0.0
302,False,stationary,0.9,0.0,0.0,0.0,0.0,0.0,0.0
303,False,stationary,0.9,0.0,0.0,0.0,0.0,0.0,0.0
304,False,stationary,0.9,0.0,0.0,0.0,0.0,0.0,0.0
305,False,stationary,0.9,0.0,0.0,0.0,0.0,0.0,0.0
306,False,stationary,0.9,0.0,0.0,0.0,0.0,0.0,0.0
307,False,stationary,0.9,0.0,0.0,0.0,0.0,0.0,0.0
308,False,stationary,0.9,0.0,0.0,0.0,0.0,0.0,0.0
309,False,stationary,0.9,0.0,0.0,0.0,0.0,0.0,0.0
310,False,stationary,0.9,0.0,0.0,0.0,0.0,0.0,0.0
311,False,stationary,0.9,0.0,0.0,0.0,0.0,0.0,0.0
312,False,stationary,0.9,0.0,0.0,0.0,0.0,0.0,0.0
313,False,stationary,0.9,0.0,0.0,0.0,0.0,0.0,0.0
314,False,stationary,0.9,0.0,0.0,0.0,0.0,0.0,0.0
315,False,stationary,0.9,0.0,0.0,0.0,0.0,0.0,0.0
316,False,stationary,0.9,0.0,0.0,0.0,0.0,0.0,0.0
317,False,stationary,0.9,0.0,0.0,0.0,0.0,0.0,0.0
318,False,stationary,0.9,0.0,0.0,0.0,0.0,0.0,0.0
319,False,stationary,0.9,0.0,0.0,0.0,0.0,0.0,0.0
320,False,stationary,0.9,0.0,0.0,0.0,0.0,0.0,0.0
321,False,stationary,0.9,0.0,0.0,0.0,0.0,0.0,0.0
322,False,stationary,0.9,0.0,0.0,0.0,0.0,0.0,0.0
323,False,stationary,0.9,0.0,0.0,0.0,0.0,0.0,0.0
324,False,stationary,0.9,0.0,0.0,0.0,0.0,0.0,0.0
325,False,stationary,0.9,0.0,0.0,0.0,0.0,0.0,0.0
326,False,stationary,0.9,0.0,0.0,0.0,0.0,0.0,0.0
327,False,stationary,0.9,0.0,0.0,0.0,0.0,0.0,0.0
328,False,stationary,0.9,0.0,0.0,0.0,0.0,0.0,0.0
329,False,stationary,0.9,0.0,0.0,0.0,0.0,0.0,0.0
330,False,stationary,0.9,0.0,0.0,0.0,0.0,0.0,0.0
331,False,stationary,0.9,0.0,0.0,0.0,0.0,0.0,0.0
332,False,stationary,0.9,0.0,0.0,0.0,0.0,0.0,0.0
333,False,stationary,0.9,0.0,0.0,0.0,0.0,0.0,0.0
334,False,stationary,0.9,0.0,0.0,0.0,0.0,0.0,0.0
335,False,stationary,0.9,0.0,0.0,0.0,0.0,0.0,0.0
336,False,stationary,0.9,0.0,0.0,0.0,0.0,0.0,0.0
337,False,stationary,0.9,0.0,0.0,0.0,0.0,0.0,0.0
338,False,stationary,0.9,0.0,0.0,0.0,0.0,0.0,0.0
339,False,stationary,0.9,0.0,0.0,0.0,0.0,0.0,0.0
340,False,stationary,0.9,0.0,0.0,0.0,0.0,0.0,0.0
341,False,stationary,0.9,0.0,0.0,0.0,0.0,0.0,0.0
342,False,stationary,0.9,0.0,0.0,0.0,0.0,0.0,0.0
343,False,stationary,0.9,0.0,0.0,0.0,0.0,0.0,0.0
344,False,stationary,0.9,0.0,0.0,0.0,0.0,0.0,0.0
345,False,stationary,0.9,0.0,0.0,0.0,0.0,0.0,0.0
346,False,stationary,0.9,0.0,0.0,0.0,0.0,0.0,0.0
347,False,stationary,0.9,0.0,0.0,0.0,0.0,0.0,0.0
348,False,stationary,0.9,0.0,0.0,0.0,0.0,0.0,0.0
349,False,stationary,0.9,0.0,0.0,0.0,0.0,0.0,0.0
350,False,stationary,0.9,0.0,0.0,0.0,0.0,0.0,0.0
351,False,stationary,0.9,0.0,0.0,0.0,0.0,0.0,0.0
352,False,stationary,0.9,0.0,0.0,0.0,0.0,0.0,0.0
353,False,stationary,0.9,0.0,0.0,0.0,0.0,0.0,0.0
354,False,stationary,0.9,0.0,0.0,0.0,0.0,0.0,0.0
355,False,stationary,0.9,0.0,0.0,0.0,0.0,0.0,0.0
356,False,stationary,0.9,0.0,0.0,0.0,0.0,0.0,0.0
357,False,stationary,0.9,0.0,0.0,0.0,0.0,0.0,0.0
358,False,stationary,0.9,0.0,0.0,0.0,0.0,0.0,0.0
359,False,stationary,0.9,0.0,0.0,0.0,0.0,0.0,0.0
360,False,stationary,0.9,0.0,0.0,0.0,0.0,0.0,0.0
361,False,stationary,0.9,0.0,0.0,0.0,0.0,0.0,0.0
362,False,stationary,0.9,0.0,0.0,0.0,0.0,0.0,0.0
363,False,stationary,0.9,0.0,0.0,0.0,0.0,0.0,0.0
364,False,stationary,0.9,0.0,0.0,0.0,0.0,0.0,0.0
365,False,stationary,0.9,0.0,0.0,0.0,0.0,0.0,0.0
366,False,stationary,0.9,0.0,0.0,0.0,0.0,0.0,0.0
367,False,stationary,0.9,0.0,0.0,0.0,0.0,0.0,0.0
368,False,stationary,0.9,0.0,0.0,0.0,0.0,0.0,0.0
369,False,stationary,0.9,0.0,0.0,0.0,0.0,0.0,0.0
370,False,stationary,0.9,0.0,0.0,0.0,0.0,0.0,0.0
371,False,stationary,0.9,0.0,0.0,0.0,0.0,0.0,0.0
372,False,stationary,0.9,0.0,0.0,0.0,0.0,0.0,0.0
373,False,stationary,0.9,0.0,0.0,0.0,0.0,0.0,0.0
374,False,stationary,0.9,0.0,0.0,0.0,0.0,0.0,0.0
375,False,stationary,0.9,0.0,0.0,0.0,0.0,0.0,0.0
376,False,stationary,0.9,0.0,0.0,0.0,0.0,0.0,0.0
377,False,stationary,0.9,0.0,0.0,0.0,0.0,0.0,0.0
378,False,stationary,0.9,0.0,0.0,0.0,0.0,0.0,0.0
379,False,stationary,0.9,0.0,0.0,0.0,0.0,0.0,0.0
380,False,stationary,0.9,0.0,0.0,0.0,0.0,0.0,0.0
381,False,stationary,0.9,0.0,0.0,0.0,0.0,0.0,0.0
382,False,stationary,0.9,0.0,0.0,0.0,0.0,0.0,0.0
383,False,stationary,0.9,0.0,0.0,0.0,0.0,0.0,0.0
384,False,stationary,0.9,0.0,0.0,0.0,0.0,0.0,0.0
385,False,stationary,0.9,0.0,0.0,0.0,0.0,0.0,0.0
386,False,stationary,0.9,0.0,0.0,0.0,0.0,0.0,0.0
387,False,stationary,0.9,0.0,0.0,0.0,0.0,0.0,0.0
388,False,stationary,0.9,0.0,0.0,0.0,0.0,0.0,0.0
389,False,stationary,0.9,0.0,0.0,0.0,0.0,0.0,0.0
390,False,stationary,0.9,0.0,0.0,0.0,0.0,0.0,0.0
391,False,stationary,0.9,0.0,0.0,0.0,0.0,0.0,0.0
392,False,stationary,0.9,0.0,0.0,0.0,0.0,0.0,0.0
393,False,stationary,0.9,0.0,0.0,0.0,0.0,0.0,0.0
394,False,stationary,0.9,0.0,0.0,0.0,0.0,0.0,0.0
395,False,stationary,0.9,0.0,0.0,0.0,0.0,0.0,0.0
396,False,stationary,0.9,0.0,0.0,0.0,0.0,0.0,0.0
397,False,stationary,0.9,0.0,0.0,0.0,0.0,0.0,0.0
398,False,stationary,0.9,0.0,0.0,0.0,0.0,0.0,0.0
399,False,stationary,0.9,0.0,0.0,0.0,0.0,0.0,0.0
400,False,stationary,0.9,0.0,0.0,0.0,0.0,0.0,0.0
401,False,stationary,0.9,0.0,0.0,0.0,0.0,0.0,0.0
402,False,stationary,0.9,0.0,0.0,0.0,0.0,0.0,0.0
403,False,stationary,0.9,0.0,0.0,0.0,0.0,0.0,0.0
404,False,stationary,0.9,0.0,0.0,0.0,0.0,0.0,0.0
405,False,stationary,0.9,0.0,0.0,0.0,0.0,0.0,0.0
406,False,stationary,0.9,0.0,0.0,0.0,0.0,0.0,0.0
407,False,stationary,0.9,0.0,0.0,0.0,0.0,0.0,0.0
408,False,stationary,0.9,0.0,0.0,0.0,0.0,0.0,0.0
409,False,stationary,0.9,0.0,0.0,0.0,0.0,0.0,0.0
410,False,stationary,0.9,0.0,0.0,0.0,0.0,0.0,0.0
411,False,stationary,0.9,0.0,0.0,0.0,0.0,0.0,0.0
412,False,stationary,0.9,0.0,0.0,0.0,0.0,0.0,0.0
413,False,stationary,0.9,0.0,0.0,0.0,0.0,0.0,0.0
414,False,stationary,0.9,0.0,0.0,0.0,0.0,0.0,0.0
415,False,stationary,0.9,0.0,0.0,0.0,0.0,0.0,0.0
416,False,stationary,0.9,0.0,0.0,0.0,0.0,0.0,0.0
417,False,stationary,0.9,0.0,0.0,0.0,0.0,0.0,0.0
418,False,stationary,0.9,0.0,0.0,0.0,0.0,0.0,0.0
419,False,stationary,0.9,0.0,0.0,0.0,0.0,0.0,0.0
420,False,stationary,0.9,0.0,0.0,0.0,0.0,0.0,0.0
421,False,stationary,0.9,0.0,0.0,0.0,0.0,0.0,0.0
422,False,stationary,0.9,0.0,0.0,0.0,0.0,0.0,0.0
423,False,stationary,0.9,0.0,0.0,0.0,0.0,0.0,0.0
424,False,stationary,0.9,0.0,0.0,0.0,0.0,0.0,0.0
425,False,stationary,0.9,0.0,0.0,0.0,0.0,0.0,0.0
426,False,stationary,0.9,0.0,0.0,0.0,0.0,0.0,0.0
427,False,stationary,0.9,0.0,0.0,0.0,0.0,0.0,0.0
428,False,stationary,0.9,0.0,0.0,0.0,0.0,0.0,0.0
429,False,stationary,0.9,0.0,0.0,0.0,0.0,0.0,0.0
430,False,stationary,0.9,0.0,0.0,0.0,0.0,0.0,0.0
431,False,stationary,0.9,0.0,0.0,0.0,0.0,0.0,0.0
432,False,stationary,0.9,0.0,0.0,0.0,0.0,0.0,0.0
433,False,stationary,0.9,0.0,0.0,0.0,0.0,0.0,0.0
434,False,stationary,0.9,0.0,0.0,0.0,0.0,0.0,0.0
435,False,stationary,0.9,0.0,0.0,0.0,0.0,0.0,0.0
436,False,stationary,0.9,0.0,0.0,0.0,0.0,0.0,0.0
437,False,stationary,0.9,0.0,0.0,0.0,0.0,0.0,0.0
438,False,stationary,0.9,0.0,0.0,0.0,0.0,0.0,0.0
439,False,stationary,0.9,0.0,0.0,0.0,0.0,0.0,0.0
440,False,stationary,0.9,0.0,0.0,0.0,0.0,0.0,0.0
441,False,stationary,0.9,0.0,0.0,0.0,0.0,0.0,0.0
442,False,stationary,0.9,0.0,0.0,0.0,0.0,0.0,0.0
443,False,stationary,0.9,0.0,0.0,0.0,0.0,0.0,0.0
444,False,stationary,0.9,0.0,0.0,0.0,0.0,0.0,0.0
445,False,stationary,0.9,0.0,0.0,0.0,0.0,0.0,0.0
446,False,stationary,0.9,0.0,0.0,0.0,0.0,0.0,0.0
447,False,stationary,0.9,0.0,0.0,0.0,0.0,0.0,0.0
448,False,stationary,0.9,0.0,0.0,0.0,0.0,0.0,0.0
449,False,stationary,0.9,0.0,0.0,0.0,0.0,0.0,0.0
450,False,stationary,0.9,0.0,0.0,0.0,0.0,0.0,0.0
451,False,stationary,0.9,0.0,0.0,0.0,0.0,0.0,0.0
452,False,stationary,0.9,0.0,0.0,0.0,0.0,0.0,0.0
453,False,stationary,0.9,0.0,0.0,0.0,0.0,0.0,0.0
454,False,stationary,0.9,0.0,0.0,0.0,0.0,0.0,0.0
455,False,stationary,0.9,0.0,0.0,0.0,0.0,0.0,0.0
456,False,stationary,0.9,0.0,0.0,0.0,0.0,0.0,0.0
457,False,stationary,0.9,0.0,0.0,0.0,0.0,0.0,0.0
458,False,stationary,0.9,0.0,0.0,0.0,0.0,0.0,0.0
459,False,stationary,0.9,0.0,0.0,0.0,0.0,0.0,0.0
460,False,stationary,0.9,0.0,0.0,0.0,0.0,0.0,0.0
461,False,stationary,0.9,0.0,0.0,0.0,0.0,0.0,0.0
462,False,stationary,0.9,0.0,0.0,0.0,0.0,0.0,0.0
463,False,stationary,0.9,0.0,0.0,0.0,0.0,0.0,0.0
464,False,stationary,0.9,0.0,0.0,0.0,0.0,0.0,0.0
465,False,stationary,0.9,0.0,0.0,0.0,0.0,0.0,0.0
466,False,stationary,0.9,0.0,0.0,0.0,0.0,0.0,0.0
467,False,stationary,0.9,0.0,0.0,0.0,0.0,0.0,0.0
468,False,stationary,0.9,0.0,0.0,0.0,0.0,0.0,0.0
469,False,stationary,0.9,0.0,0.0,0.0,0.0,0.0,0.0
470,False,stationary,0.9,0.0,0.0,0.0,0.0,0.0,0.0
471,False,stationary,0.9,0.0,0.0,0.0,0.0,0.0,0.0
472,False,stationary,0.9,0.0,0.0,0.0,0.0,0.0,0.0
473,False,stationary,0.9,0.0,0.0,0.0,0.0,0.0,0.0
474,False,stationary,0.9,0.0,0.0,0.0,0.0,0.0,0.0
475,False,stationary,0.9,0.0,0.0,0.0,0.0,0.0,0.0
476,False,stationary,0.9,0.0,0.0,0.0,0.0,0.0,0.0
477,False,stationary,0.9,0.0,0.0,0.0,0.0,0.0,0.0
478,False,stationary,0.9,0.0,0.0,0.0,0.0,0.0,0.0
479,False,stationary,0.9,0.0,0.0,0.0,0.0,0.0,0.0
480,False,stationary,0.9,0.0,0.0,0.0,0.0,0.0,0.0
481,False,stationary,0.9,0.0,0.0,0.0,0.0,0.0,0.0
482,False,stationary,0.9,0.0,0.0,0.0,0.0,0.0,0.0
483,False,stationary,0.9,0.0,0.0,0.0,0.0,0.0,0.0
484,False,stationary,0.9,0.0,0.0,0.0,0.0,0.0,0.0
485,False,stationary,0.9,0.0,0.0,0.0,0.0,0.0,0.0
486,False,stationary,0.9,0.0,0.0,0.0,0.0,0.0,0.0
487,False,stationary,0.9,0.0,0.0,0.0,0.0,0.0,0.0
488,False,stationary,0.9,0.0,0.0,0.0,0.0,0.0,0.0
489,False,stationary,0.9,0.0,0.0,0.0,0.0,0.0,0.0
490,False,stationary,0.9,0.0,0.0,0.0,0.0,0.0,0.0
491,False,stationary,0.9,0.0,0.0,0.0,0.0,0.0,0.0
492,False,stationary,0.9,0.0,0.0,0.0,0.0,0.0,0.0
493,False,stationary,0.9,0.0,0.0,0.0,0.0,0.0,0.0
494,False,stationary,0.9,0.0,0.0,0.0,0.0,0.0,0.0
495,False,stationary,0.9,0.0,0.0,0.0,0.0,0.0,0.0
496,False,stationary,0.9,0.0,0.0,0.0,0.0,0.0,0.0
497,False,stationary,0.9,0.0,0.0,0.0,0.0,0.0,0.0
498,False,stationary,0.9,0.0,0.0,0.0,0.0,0.0,0.0
499,False,stationary,0.9,0.0,0.0,0.0,0.0,0.0,0.0
500,False,stationary,0.9,0.0,0.0,0.0,0.0,0.0,0.0
501,False,stationary,0.9,0.0,0.0,0.0,0.0,0.0,0.0
502,False,stationary,0.9,0.0,0.0,0.0,0.0,0.0,0.0
503,False,stationary,0.9,0.0,0.0,0.0,0.0,0.0,0.0
504,False,stationary,0.9,0.0,0.0,0.0,0.0,0.0,0.0
505,False,stationary,0.9,0.0,0.0,0.0,0.0,0.0,0.0
506,False,stationary,0.9,0.0,0.0,0.0,0.0,0.0,0.0
507,False,stationary,0.9,0.0,0.0,0.0,0.0,0.0,0.0
508,False,stationary,0.9,0.0,0.0,0.0,0.0,0.0,0.0
509,False,stationary,0.9,0.0,0.0,0.0,0.0,0.0,0.0
510,False,stationary,0.9,0.0,0.0,0.0,0.0,0.0,0.0
511,False,stationary,0.9,0.0,0.0,0.0,0.0,0.0,0.0
512,False,stationary,0.9,0.0,0.0,0.0,0.0,0.0,0.0
513,False,stationary,0.9,0.0,0.0,0.0,0.0,0.0,0.0
514,False,stationary,0.9,0.0,0.0,0.0,0.0,0.0,0.0
515,False,stationary,0.9,0.0,0.0,0.0,0.0,0.0,0.0
516,False,stationary,0.9,0.0,0.0,0.0,0.0,0.0,0.0
517,False,stationary,0.9,0.0,0.0,0.0,0.0,0.0,0.0
518,False,stationary,0.9,0.0,0.0,0.0,0.0,0.0,0.0
519,False,stationary,0.9,0.0,0.0,0.0,0.0,0.0,0.0
520,False,stationary,0.9,0.0,0.0,0.0,0.0,0.0,0.0
521,False,stationary,0.9,0.0,0.0,0.0,0.0,0.0,0.0
522,False,stationary,0.9,0.0,0.0,0.0,0.0,0.0,0.0
523,False,stationary,0.9,0.0,0.0,0.0,0.0,0.0,0.0
524,False,stationary,0.9,0.0,0.0,0.0,0.0,0.0,0.0
525,False,stationary,0.9,0.0,0.0,0.0,0.0,0.0,0.0
526,False,stationary,0.9,0.0,0.0,0.0,0.0,0.0,0.0
527,False,stationary,0.9,0.0,0.0,0.0,0.0,0.0,0.0
528,False,stationary,0.9,0.0,0.0,0.0,0.0,0.0,0.0
529,False,stationary,0.9,0.0,0.0,0.0,0.0,0.0,0.0
530,False,stationary,0.9,0.0,0.0,0.0,0.0,0.0,0.0
531,False,stationary,0.9,0.0,0.0,0.0,0.0,0.0,0.0
532,False,stationary,0.9,0.0,0.0,0.0,0.0,0.0,0.0
533,False,stationary,0.9,0.0,0.0,0.0,0.0,0.0,0.0
534,False,stationary,0.9,0.0,0.0,0.0,0.0,0.0,0.0
535,False,stationary,0.9,0.0,0.0,0.0,0.0,0.0,0.0
536,False,stationary,0.9,0.0,0.0,0.0,0.0,0.0,0.0
537,False,stationary,0.9,0.0,0.0,0.0,0.0,0.0,0.0
538,False,stationary,0.9,0.0,0.0,0.0,0.0,0.0,0.0
539,False,stationary,0.9,0.0,0.0,0.0,0.0,0.0,0.0
540,False,stationary,0.9,0.0,0.0,0.0,0.0,0.0,0.0
541,False,stationary,0.9,0.0,0.0,0.0,0.0,0.0,0.0
542,False,stationary,0.9,0.0,0.0,0.0,0.0,0.0,0.0
543,False,stationary,0.9,0.0,0.0,0.0,0.0,0.0,0.0
544,False,stationary,0.9,0.0,0.0,0.0,0.0,0.0,0.0
545,False,stationary,0.9,0.0,0.0,0.0,0.0,0.0,0.0
546,False,stationary,0.9,0.0,0.0,0.0,0.0,0.0,0.0
547,False,stationary,0.9,0.0,0.0,0.0,0.0,0.0,0.0
548,False,stationary,0.9,0.0,0.0,0.0,0.0,0.0,0.0
549,False,stationary,0.9,0.0,0.0,0.0,0.0,0.0,0.0
550,False,stationary,0.9,0.0,0.0,0.0,0.0,0.0,0.0
551,False,stationary,0.9,0.0,0.0,0.0,0.0,0.0,0.0
552,False,stationary,0.9,0.0,0.0,0.0,0.0,0.0,0.0
553,False,stationary,0.9,0.0,0.0,0.0,0.0,0.0,0.0
554,False,stationary,0.9,0.0,0.0,0.0,0.0,0.0,0.0
555,False,stationary,0.9,0.0,0.0,0.0,0.0,0.0,0.0
556,False,stationary,0.9,0.0,0.0,0.0,0.0,0.0,0.0
557,False,stationary,0.9,0.0,0.0,0.0,0.0,0.0,0.0
558,False,stationary,0.9,0.0,0.0,0.0,0.0,0.0,0.0
559,False,stationary,0.9,0.0,0.0,0.0,0.0,0.0,0.0
560,False,stationary,0.9,0.0,0.0,0.0,0.0,0.0,0.0
561,False,stationary,0.9,0.0,0.0,0.0,0.0,0.0,0.0
562,False,stationary,0.9,0.0,0.0,0.0,0.0,0.0,0.0
563,False,stationary,0.9,0.0,0.0,0.0,0.0,0.0,0.0
564,False,stationary,0.9,0.0,0.0,0.0,0.0,0.0,0.0
565,False,stationary,0.9,0.0,0.0,0.0,0.0,0.0,0.0
566,False,stationary,0.9,0.0,0.0,0.0,0.0,0.0,0.0
567,False,stationary,0.9,0.0,0.0,0.0,0.0,0.0,0.0
568,False,stationary,0.9,0.0,0.0,0.0,0.0,0.0,0.0
569,False,stationary,0.9,0.0,0.0,0.0,0.0,0.0,0.0
570,False,stationary,0.9,0.0,0.0,0.0,0.0,0.0,0.0
571,False,stationary,0.9,0.0,0.0,0.0,0.0,0.0,0.0
572,False,stationary,0.9,0.0,0.0,0.0,0.0,0.0,0.0
573,False,stationary,0.9,0.0,0.0,0.0,0.0,0.0,0.0
574,False,stationary,0.9,0.0,0.0,0.0,0.0,0.0,0.0
575,False,stationary,0.9,0.0,0.0,0.0,0.0,0.0,0.0
576,False,stationary,0.9,0.0,0.0,0.0,0.0,0.0,0.0
577,False,stationary,0.9,0.0,0.0,0.0,0.0,0.0,0.0
578,False,stationary,0.9,0.0,0.0,0.0,0.0,0.0,0.0
579,False,stationary,0.9,0.0,0.0,0.0,0.0,0.0,0.0
580,False,stationary,0.9,0.0,0.0,0.0,0.0,0.0,0.0
581,False,stationary,0.9,0.0,0.0,0.0,0.0,0.0,0.0
582,False,stationary,0.9,0.0,0.0,0.0,0.0,0.0,0.0
583,False,stationary,0.9,0.0,0.0,0.0,0.0,0.0,0.0
584,False,stationary,0.9,0.0,0.0,0.0,0.0,0.0,0.0
585,False,stationary,0.9,0.0,0.0,0.0,0.0,0.0,0.0
586,False,stationary,0.9,0.0,0.0,0.0,0.0,0.0,0.0
587,False,stationary,0.9,0.0,0.0,0.0,0.0,0.0,0.0
588,False,stationary,0.9,0.0,0.0,0.0,0.0,0.0,0.0
589,False,stationary,0.9,0.0,0.0,0.0,0.0,0.0,0.0
590,False,stationary,0.9,0.0,0.0,0.0,0.0,0.0,0.0
591,False,stationary,0.9,0.0,0.0,0.0,0.0,0.0,0.0
592,False,stationary,0.9,0.0,0.0,0.0,0.0,0.0,0.0
593,False,stationary,0.9,0.0,0.0,0.0,0.0,0.0,0.0
594,False,stationary,0.9,0.0,0.0,0.0,0.0,0.0,0.0
595,False,stationary,0.9,0.0,0.0,0.0,0.0,0.0,0.0
596,False,stationary,0.9,0.0,0.0,0.0,0.0,0.0,0.0
597,False,stationary,0.9,0.0,0.0,0.0,0.0,0.0,0.0
598,False,stationary,0.9,0.0,0.0,0.0,0.0,0.0,0.0
599,False,stationary,0.9,0.0,0.0,0.0,0.0,0.0,0.0
600,False,stationary,0.9,0.0,0.0,0.0,0.0,0.0,0.0
601,False,stationary,0.9,0.0,0.0,0.0,0.0,0.0,0.0
602,False,stationary,0.9,0.0,0.0,0.0,0.0,0.0,0.0
603,False,stationary,0.9,0.0,0.0,0.0,0.0,0.0,0.0
604,False,stationary,0.9,0.0,0.0,0.0,0.0,0.0,0.0
605,False,stationary,0.9,0.0,0.0,0.0,0.0,0.0,0.0
606,False,stationary,0.9,0.0,0.0,0.0,0.0,0.0,0.0
607,False,stationary,0.9,0.0,0.0,0.0,0.0,0.0,0.0
608,False,stationary,0.9,0.0,0.0,0.0,0.0,0.0,0.0
609,False,stationary,0.9,0.0,0.0,0.0,0.0,0.0,0.0
610,False,stationary,0.9,0.0,0.0,0.0,0.0,0.0,0.0
611,False,stationary,0.9,0.0,0.0,0.0,0.0,0.0,0.0
612,False,stationary,0.9,0.0,0.0,0.0,0.0,0.0,0.0
613,False,stationary,0.9,0.0,0.0,0.0,0.0,0.0,0.0
614,False,stationary,0.9,0.0,0.0,0.0,0.0,0.0,0.0
615,False,stationary,0.9,0.0,0.0,0.0,0.0,0.0,0.0
616,False,stationary,0.9,0.0,0.0,0.0,0.0,0.0,0.0
617,False,stationary,0.9,0.0,0.0,0.0,0.0,0.0,0.0
618,False,stationary,0.9,0.0,0.0,0.0,0.0,0.0,0.0
619,False,stationary,0.9,0.0,0.0,0.0,0.0,0.0,0.0
620,False,stationary,0.9,0.0,0.0,0.0,0.0,0.0,0.0
621,False,stationary,0.9,0.0,0.0,0.0,0.0,0.0,0.0
622,False,stationary,0.9,0.0,0.0,0.0,0.0,0.0,0.0
623,False,stationary,0.9,0.0,0.0,0.0,0.0,0.0,0.0
624,False,stationary,0.9,0.0,0.0,0.0,0.0,0.0,0.0
625,False,stationary,0.9,0.0,0.0,0.0,0.0,0.0,0.0
626,False,stationary,0.9,0.0,0.0,0.0,0.0,0.0,0.0
627,False,stationary,0.9,0.0,0.0,0.0,0.0,0.0,0.0
628,False,stationary,0.9,0.0,0.0,0.0,0.0,0.0,0.0
629,False,stationary,0.9,0.0,0.0,0.0,0.0,0.0,0.0
630,False,stationary,0.9,0.0,0.0,0.0,0.0,0.0,0.0
631,False,stationary,0.9,0.0,0.0,0.0,0.0,0.0,0.0
632,False,stationary,0.9,0.0,0.0,0.0,0.0,0.0,0.0
633,False,stationary,0.9,0.0,0.0,0.0,0.0,0.0,0.0
634,False,stationary,0.9,0.0,0.0,0.0,0.0,0.0,0.0
635,False,stationary,0.9,0.0,0.0,0.0,0.0,0.0,0.0
636,False,stationary,0.9,0.0,0.0,0.0,0.0,0.0,0.0
637,False,stationary,0.9,0.0,0.0,0.0,0.0,0.0,0.0
638,False,stationary,0.9,0.0,0.0,0.0,0.0,0.0,0.0
639,False,stationary,0.9,0.0,0.0,0.0,0.0,0.0,0.0
640,False,stationary,0.9,0.0,0.0,0.0,0.0,0.0,0.0
641,False,stationary,0.9,0.0,0.0,0.0,0.0,0.0,0.0
642,False,stationary,0.9,0.0,0.0,0.0,0.0,0.0,0.0
643,False,stationary,0.9,0.0,0.0,0.0,0.0,0.0,0.0
644,False,stationary,0.9,0.0,0.0,0.0,0.0,0.0,0.0
645,False,stationary,0.9,0.0,0.0,0.0,0.0,0.0,0.0
646,False,stationary,0.9,0.0,0.0,0.0,0.0,0.0,0.0
647,False,stationary,0.9,0.0,0.0,0.0,0.0,0.0,0.0
648,False,stationary,0.9,0.0,0.0,0.0,0.0,0.0,0.0
649,False,stationary,0.9,0.0,0.0,0.0,0.0,0.0,0.0
650,False,stationary,0.9,0.0,0.0,0.0,0.0,0.0,0.0
651,False,stationary,0.9,0.0,0.0,0.0,0.0,0.0,0.0
652,False,stationary,0.9,0.0,0.0,0.0,0.0,0.0,0.0
653,False,stationary,0.9,0.0,0.0,0.0,0.0,0.0,0.0
654,False,stationary,0.9,0.0,0.0,0.0,0.0,0.0,0.0
655,False,stationary,0.9,0.0,0.0,0.0,0.0,0.0,0.0
656,False,stationary,0.9,0.0,0.0,0.0,0.0,0.0,0.0
657,False,stationary,0.9,0.0,0.0,0.0,0.0,0.0,0.0
658,False,stationary,0.9,0.0,0.0,0.0,0.0,0.0,0.0
659,False,stationary,0.9,0.0,0.0,0.0,0.0,0.0,0.0
660,False,stationary,0.9,0.0,0.0,0.0,0.0,0.0,0.0
661,False,stationary,0.9,0.0,0.0,0.0,0.0,0.0,0.0
662,False,stationary,0.9,0.0,0.0,0.0,0.0,0.0,0.0
663,False,stationary,0.9,0.0,0.0,0.0,0.0,0.0,0.0
664,False,stationary,0.9,0.0,0.0,0.0,0.0,0.0,0.0
665,False,stationary,0.9,0.0,0.0,0.0,0.0,0.0,0.0
666,False,stationary,0.9,0.0,0.0,0.0,0.0,0.0,0.0
667,False,stationary,0.9,0.0,0.0,0.0,0.0,0.0,0.0
668,False,stationary,0.9,0.0,0.0,0.0,0.0,0.0,0.0
669,False,stationary,0.9,0.0,0.0,0.0,0.0,0.0,0.0
670,False,stationary,0.9,0.0,0.0,0.0,0.0,0.0,0.0
671,False,stationary,0.9,0.0,0.0,0.0,0.0,0.0,0.0
672,False,stationary,0.9,0.0,0.0,0.0,0.0,0.0,0.0
673,False,stationary,0.9,0.0,0.0,0.0,0.0,0.0,0.0
674,False,stationary,0.9,0.0,0.0,0.0,0.0,0.0,0.0
675,False,stationary,0.9,0.0,0.0,0.0,0.0,0.0,0.0
676,False,stationary,0.9,0.0,0.0,0.0,0.0,0.0,0.0
677,False,stationary,0.9,0.0,0.0,0.0,0.0,0.0,0.0
678,False,stationary,0.9,0.0,0.0,0.0,0.0,0.0,0.0
679,False,stationary,0.9,0.0,0.0,0.0,0.0,0.0,0.0
680,False,stationary,0.9,0.0,0.0,0.0,0.0,0.0,0.0
681,False,stationary,0.9,0.0,0.0,0.0,0.0,0.0,0.0
682,False,stationary,0.9,0.0,0.0,0.0,0.0,0.0,0.0
683,False,stationary,0.9,0.0,0.0,0.0,0.0,0.0,0.0
684,False,stationary,0.9,0.0,0.0,0.0,0.0,0.0,0.0
685,False,stationary,0.9,0.0,0.0,0.0,0.0,0.0,0.0
686,False,stationary,0.9,0.0,0.0,0.0,0.0,0.0,0.0
687,False,stationary,0.9,0.0,0.0,0.0,0.0,0.0,0.0
688,False,stationary,0.9,0.0,0.0,0.0,0.0,0.0,0.0
689,False,stationary,0.9,0.0,0.0,0.0,0.0,0.0,0.0
690,False,stationary,0.9,0.0,0.0,0.0,0.0,0.0,0.0
691,False,stationary,0.9,0.0,0.0,0.0,0.0,0.0,0.0
692,False,stationary,0.9,0.0,0.0,0.0,0.0,0.0,0.0
693,False,stationary,0.9,0.0,0.0,0.0,0.0,0.0,0.0
694,False,stationary,0.9,0.0,0.0,0.0,0.0,0.0,0.0
695,False,stationary,0.9,0.0,0.0,0.0,0.0,0.0,0.0
696,False,stationary,0.9,0.0,0.0,0.0,0.0,0.0,0.0
697,False,stationary,0.9,0.0,0.0,0.0,0.0,0.0,0.0
698,False,stationary,0.9,0.0,0.0,0.0,0.0,0.0,0.0
699,False,stationary,0.9,0.0,0.0,0.0,0.0,0.0,0.0
700,False,stationary,0.9,0.0,0.0,0.0,0.0,0.0,0.0
701,False,stationary,0.9,0.0,0.0,0.0,0.0,0.0,0.0
702,False,stationary,0.9,0.0,0.0,0.0,0.0,0.0,0.0
703,False,stationary,0.9,0.0,0.0,0.0,0.0,0.0,0.0
704,False,stationary,0.9,0.0,0.0,0.0,0.0,0.0,0.0
705,False,stationary,0.9,0.0,0.0,0.0,0.0,0.0,0.0
706,False,stationary,0.9,0.0,0.0,0.0,0.0,0.0,0.0
707,False,stationary,0.9,0.0,0.0,0.0,0.0,0.0,0.0
708,False,stationary,0.9,0.0,0.0,0.0,0.0,0.0,0.0
709,False,stationary,0.9,0.0,0.0,0.0,0.0,0.0,0.0
710,False,stationary,0.9,0.0,0.0,0.0,0.0,0.0,0.0
711,False,stationary,0.9,0.0,0.0,0.0,0.0,0.0,0.0
712,False,stationary,0.9,0.0,0.0,0.0,0.0,0.0,0.0
713,False,stationary,0.9,0.0,0.0,0.0,0.0,0.0,0.0
714,False,stationary,0.9,0.0,0.0,0.0,0.0,0.0,0.0
715,False,stationary,0.9,0.0,0.0,0.0,0.0,0.0,0.0
716,False,stationary,0.9,0.0,0.0,0.0,0.0,0.0,0.0
717,False,stationary,0.9,0.0,0.0,0.0,0.0,0.0,0.0
718,False,stationary,0.9,0.0,0.0,0.0,0.0,0.0,0.0
719,False,stationary,0.9,0.0,0.0,0.0,0.0,0.0,0.0
720,False,stationary,0.9,0.0,0.0,0.0,0.0,0.0,0.0
721,False,stationary,0.9,0.0,0.0,0.0,0.0,0.0,0.0
722,False,stationary,0.9,0.0,0.0,0.0,0.0,0.0,0.0
723,False,stationary,0.9,0.0,0.0,0.0,0.0,0.0,0.0
724,False,stationary,0.9,0.0,0.0,0.0,0.0,0.0,0.0
725,False,stationary,0.9,0.0,0.0,0.0,0.0,0.0,0.0
726,False,stationary,0.9,0.0,0.0,0.0,0.0,0.0,0.0
727,False,stationary,0.9,0.0,0.0,0.0,0.0,0.0,0.0
728,False,stationary,0.9,0.0,0.0,0.0,0.0,0.0,0.0
729,False,stationary,0.9,0.0,0.0,0.0,0.0,0.0,0.0
730,False,stationary,0.9,0.0,0.0,0.0,0.0,0.0,0.0
731,False,stationary,0.9,0.0,0.0,0.0,0.0,0.0,0.0
732,False,stationary,0.9,0.0,0.0,0.0,0.0,0.0,0.0
733,False,stationary,0.9,0.0,0.0,0.0,0.0,0.0,0.0
734,False,stationary,0.9,0.0,0.0,0.0,0.0,0.0,0.0
735,False,stationary,0.9,0.0,0.0,0.0,0.0,0.0,0.0
736,False,stationary,0.9,0.0,0.0,0.0,0.0,0.0,0.0
737,False,stationary,0.9,0.0,0.0,0.0,0.0,0.0,0.0
738,False,stationary,0.9,0.0,0.0,0.0,0.0,0.0,0.0
739,False,stationary,0.9,0.0,0.0,0.0,0.0,0.0,0.0
740,False,stationary,0.9,0.0,0.0,0.0,0.0,0.0,0.0
741,False,stationary,0.9,0.0,0.0,0.0,0.0,0.0,0.0
742,False,stationary,0.9,0.0,0.0,0.0,0.0,0.0,0.0
743,False,stationary,0.9,0.0,0.0,0.0,0.0,0.0,0.0
744,False,stationary,0.9,0.0,0.0,0.0,0.0,0.0,0.0
745,False,stationary,0.9,0.0,0.0,0.0,0.0,0.0,0.0
746,False,stationary,0.9,0.0,0.0,0.0,0.0,0.0,0.0
747,False,stationary,0.9,0.0,0.0,0.0,0.0,0.0,0.0
748,False,stationary,0.9,0.0,0.0,0.0,0.0,0.0,0.0
749,False,stationary,0.9,0.0,0.0,0.0,0.0,0.0,0.0
750,False,stationary,0.9,0.0,0.0,0.0,0.0,0.0,0.0
751,False,stationary,0.9,0.0,0.0,0.0,0.0,0.0,0.0
752,False,stationary,0.9,0.0,0.0,0.0,0.0,0.0,0.0
753,False,stationary,0.9,0.0,0.0,0.0,0.0,0.0,0.0
754,False,stationary,0.9,0.0,0.0,0.0,0.0,0.0,0.0
755,False,stationary,0.9,0.0,0.0,0.0,0.0,0.0,0.0
756,False,stationary,0.9,0.0,0.0,0.0,0.0,0.0,0.0
757,False,stationary,0.9,0.0,0.0,0.0,0.0,0.0,0.0
758,False,stationary,0.9,0.0,0.0,0.0,0.0,0.0,0.0
759,False,stationary,0.9,0.0,0.0,0.0,0.0,0.0,0.0
760,False,stationary,0.9,0.0,0.0,0.0,0.0,0.0,0.0
761,False,stationary,0.9,0.0,0.0,0.0,0.0,0.0,0.0
762,False,stationary,0.9,0.0,0.0,0.0,0.0,0.0,0.0
763,False,stationary,0.9,0.0,0.0,0.0,0.0,0.0,0.0
764,False,stationary,0.9,0.0,0.0,0.0,0.0,0.0,0.0
765,False,stationary,0.9,0.0,0.0,0.0,0.0,0.0,0.0
766,False,stationary,0.9,0.0,0.0,0.0,0.0,0.0,0.0
767,False,stationary,0.9,0.0,0.0,0.0,0.0,0.0,0.0
768,False,stationary,0.9,0.0,0.0,0.0,0.0,0.0,0.0
769,False,stationary,0.9,0.0,0.0,0.0,0.0,0.0,0.0
770,False,normal,0.8363875150680542,0.99974996,0.9997499585151672,0.21789045631885529,0.2499374896287918,0.19994999468326569,0.13073427379131317
771,False,normal,0.9015246629714966,0.99974996,0.0,0.29992496967315674,0.2499374896287918,0.0,0.17995498180389405
772,False,normal,0.8946777582168579,0.99974996,0.0,0.35698214173316956,0.2499374896287918,0.0,0.21418928503990173
773,False,normal,0.8895276188850403,0.99974996,0.0,0.39989998936653137,0.2499374896287918,0.0,0.2399399936199188
774,False,normal,0.8855670690536499,0.99974996,0.0,0.432904452085495,0.2499374896287918,0.0,0.25974267125129696
775,False,normal,0.8816917538642883,1.0010993,0.01000000536441803,0.458246111869812,0.2502748370170593,0.0020000010263174772,0.2749476671218872
776,False,normal,0.879532516002655,0.99974996,0.01000000536441803,0.47694239020347595,0.2499374896287918,0.0020000010263174772,0.28616543412208556
777,False,normal,0.8787326812744141,0.99974996,0.0,0.48985815048217773,0.2499374896287918,0.0,0.2939148902893066
778,False,normal,0.8772541284561157,0.99262273,0.014142175205051899,0.497052401304245,0.24815568327903748,0.00282843504101038,0.298231440782547
779,False,normal,0.8765043616294861,0.99974996,0.014142175205051899,0.4995885491371155,0.2499374896287918,0.00282843504101038,0.2997531294822693
780,False,normal,0.8778623342514038,0.99974996,0.0,0.4971104860305786,0.2499374896287918,0.0,0.29826629161834717
781,False,normal,0.8776309490203857,0.9893937,0.024494929239153862,0.4891238212585449,0.24734842777252197,0.00489898631349206,0.29347429275512693
782,False,normal,0.8807592391967773,0.97437155,0.017320500686764717,0.47536253929138184,0.24359288811683655,0.003464100183919072,0.2852175235748291
783,False,normal,0.8803876638412476,0.9922702,0.037416595965623856,0.45657700300216675,0.24806754291057587,0.007483319379389286,0.2739462018013
784,False,normal,0.8839523196220398,1.0070252,0.01732049509882927,0.43174630403518677,0.25175631046295166,0.003464099019765854,0.25904778242111204
785,False,normal,0.8885861039161682,0.99974996,0.014142127707600594,0.39890745282173157,0.2499374896287918,0.00282842549495399,0.23934447169303893
786,False,normal,0.8947761058807373,0.99974996,0.0,0.35616281628608704,0.2499374896287918,0.0,0.2136976897716522
787,False,normal,0.9015998840332031,0.99974996,0.0,0.29929789900779724,0.2499374896287918,0.0,0.17957873940467833
788,False,normal,0.9114148616790771,0.99974996,0.0,0.21750634908676147,0.2499374896287918,0.0,0.1305038094520569
789,False,normal,0.9359067678451538,1.0010993,0.01000000536441803,0.0064542777836322784,0.2502748370170593,0.0020000010263174772,0.003872566670179367
790,False,normal,0.9366534352302551,1.0010993,0.0,0.006482018157839775,0.2502748370170593,0.0,0.003889210894703865
791,False,normal,0.9359915256500244,0.9946859,0.014142133295536041,0.0064997486770153046,0.24867147207260132,0.0028284266591072083,0.0038998492062091825
792,False,normal,0.9359856843948364,0.99974996,0.009999990463256836,0.0064997486770153046,0.2499374896287918,0.0019999982323497534,0.0038998492062091825
793,False,normal,0.9367356300354004,0.99974996,0.0,0.0064997486770153046,0.2499374896287918,0.0,0.0038998492062091825
794,False,normal,0.9367356300354004,0.99974996,0.0,0.0064997486770153046,0.2499374896287918,0.0,0.0038998492062091825
795,False,normal,0.9363051652908325,0.9946859,0.009999990463256836,0.006474681198596954,0.24867147207260132,0.0019999982323497534,0.0038848087191581723
796,False,normal,0.936223030090332,0.9960422,0.01000000536441803,0.006452780682593584,0.24901054799556732,0.0020000010263174772,0.0038716684095561503
797,False,normal,0.9369763135910034,0.9960422,0.0,0.00642545847222209,0.24901054799556732,0.0,0.0038552750833332535
798,False,normal,0.936984658241272,0.9960422,0.0,0.006355699617415667,0.24901054799556732,0.0,0.0038134197704493998
799,False,normal,0.936320960521698,0.9946859,0.01000000536441803,0.006342972628772259,0.24867147207260132,0.0020000010263174772,0.0038057835772633553
800,False,normal,0.9370737075805664,0.9946859,0.0,0.0063200825825333595,0.24867147207260132,0.0,0.0037920495495200155
801,False,normal,0.9370972514152527,0.9946859,0.0,0.006123967003077269,0.24867147207260132,0.0,0.003674380201846361
802,False,normal,0.9367442727088928,0.9934284,0.009999997913837433,0.0034703018609434366,0.24835710227489471,0.0019999996293336153,0.0020821811165660617
803,False,normal,0.9366841316223145,0.9946859,0.009999997913837433,0.003316579619422555,0.24867147207260132,0.0019999996293336153,0.001989947771653533
804,False,normal,0.937516450881958,0.9946859,0.0,0.0026304491329938173,0.24867147207260132,0.0,0.0015782694797962904
805,False,normal,0.9363324642181396,0.99262273,0.017320534214377403,0.0027465245220810175,0.24815568327903748,0.003464106936007738,0.0016479147132486105
806,False,normal,0.9376235008239746,0.99262273,0.0,0.002813102211803198,0.24815568327903748,0.0,0.0016878613270819188
807,False,normal,0.9363327622413635,1.0010993,0.010000050067901611,0.002904284279793501,0.2502748370170593,0.0020000101067125797,0.0017425705678761005
808,False,normal,0.9370723366737366,1.0010993,0.0,0.002991168526932597,0.2502748370170593,0.0,0.0017947011161595582
809,False,normal,0.9370723366737366,1.0010993,0.0,0.0029911682941019535,0.2502748370170593,0.0,0.001794700976461172
810,False,normal,0.9370723366737366,1.0010993,0.0,0.0029911682941019535,0.2502748370170593,0.0,0.001794700976461172
811,False,normal,0.9370588660240173,1.0010993,0.0,0.0031037430744618177,0.2502748370170593,0.0,0.0018622458446770906
812,False,normal,0.9364025592803955,0.9946859,0.014142133295536041,0.003074118634685874,0.24867147207260132,0.0028284266591072083,0.0018444711808115243
813,False,normal,0.9366608262062073,0.9763708,0.02236071601510048,0.005324694328010082,0.24409270286560059,0.004472143482416868,0.003194816596806049
814,False,normal,0.9370092749595642,0.98488575,0.009999990463256836,0.005711446516215801,0.24622143805027008,0.0019999982323497534,0.0034268679097294807
815,False,normal,0.936086118221283,0.9946859,0.014142169617116451,0.0057114469818770885,0.24867147207260132,0.0028284338768571615,0.003426868189126253
816,False,normal,0.9363119602203369,0.9960422,0.01000000536441803,0.005711446516215801,0.24901054799556732,0.0020000010263174772,0.0034268679097294807
817,False,normal,0.9357318878173828,1.0045894,0.009999990463256836,0.0060940394178032875,0.2511473596096039,0.0019999982323497534,0.0036564236506819725
818,False,normal,0.9360404014587402,0.9946859,0.014142133295536041,0.006092338357120752,0.24867147207260132,0.0028284266591072083,0.003655403014272451
819,False,normal,0.9371010661125183,0.9946859,0.0,0.006092338357120752,0.24867147207260132,0.0,0.003655403014272451
820,False,normal,0.9371010661125183,0.9946859,0.0,0.006092338357120752,0.24867147207260132,0.0,0.003655403014272451
821,False,normal,0.9362660646438599,0.9960422,0.01000000536441803,0.006094039883464575,0.24901054799556732,0.0020000010263174772,0.0036564239300787447
822,False,normal,0.9361746907234192,0.99749684,0.01000000536441803,0.0060979039408266544,0.24937421083450317,0.0020000010263174772,0.0036587423644959924
823,False,normal,0.936265766620636,0.9960422,0.01000000536441803,0.006096587050706148,0.24901054799556732,0.0020000010263174772,0.0036579522304236887
824,False,normal,0.9348811507225037,1.0082659,0.017320500686764717,0.006693305913358927,0.2520664632320404,0.003464100183919072,0.004015983548015356
825,False,normal,0.9352808594703674,1.0096039,0.01000000536441803,0.007240903098136187,0.2524009644985199,0.0020000010263174772,0.004344541858881712
826,False,normal,0.935815155506134,1.0010993,0.009999990463256836,0.007217729464173317,0.2502748370170593,0.0019999982323497534,0.00433063767850399
827,False,normal,0.9359084367752075,0.9946859,0.014142133295536041,0.007191704586148262,0.24867147207260132,0.0028284266591072083,0.004315022751688957
828,False,normal,0.9364716410636902,0.98488575,0.014142169617116451,0.00760264229029417,0.24622143805027008,0.0028284338768571615,0.004561585374176502
829,False,normal,0.9374954700469971,0.98488575,0.0,0.007909825071692467,0.24622143805027008,0.0,0.00474589504301548
830,False,normal,0.9352724552154541,0.99974996,0.017320530489087105,0.007867641746997833,0.2499374896287918,0.003464106237515807,0.0047205850481987
831,False,normal,0.9365766644477844,0.99974996,0.0,0.007824650034308434,0.2499374896287918,0.0,0.00469479002058506
832,False,normal,0.936143159866333,0.9946859,0.009999990463256836,0.007824650034308434,0.24867147207260132,0.0019999982323497534,0.00469479002058506
833,False,normal,0.9363774657249451,0.9934284,0.009999997913837433,0.006526981946080923,0.24835710227489471,0.0019999996293336153,0.0039161891676485535
834,False,normal,0.9371870756149292,0.9934284,0.0,0.006030325312167406,0.24835710227489471,0.0,0.0036181951873004436
835,False,normal,0.9371838569641113,0.9934284,0.0,0.006057193502783775,0.24835710227489471,0.0,0.003634316101670265
836,False,normal,0.9363536238670349,0.9946859,0.009999997913837433,0.006070730742067099,0.24867147207260132,0.0019999996293336153,0.003642438445240259
837,False,normal,0.935522735118866,0.99964994,0.017320500686764717,0.005834120791405439,0.24991248548030853,0.003464100183919072,0.0035004724748432634
838,False,normal,0.9351621866226196,1.004888,0.01732051745057106,0.006110707297921181,0.25122201442718506,0.0034641034435480833,0.003666424378752708
839,False,normal,0.9360047578811646,1.00015,0.009999990463256836,0.006132024340331554,0.2500374913215637,0.0019999982323497534,0.0036792146041989323
840,False,normal,0.9360973834991455,0.9986992,0.01000000536441803,0.006116141099482775,0.24967479705810547,0.0020000010263174772,0.0036696846596896648
841,False,normal,0.9366171360015869,0.99,0.009999990463256836,0.006315676495432854,0.2475000023841858,0.0019999982323497534,0.003789405897259712
842,False,normal,0.9359161853790283,0.99624294,0.014142133295536041,0.0063164122402668,0.2490607351064682,0.0028284266591072083,0.0037898473441600796
843,False,normal,0.933213472366333,1.0145935,0.033166252076625824,0.007391154300421476,0.2536483705043793,0.006633250508457422,0.004434692580252885
844,False,normal,0.9330007433891296,1.0268885,0.022360673174262047,0.00951405894011259,0.2567221224308014,0.004472134634852409,0.005708435364067554
845,False,normal,0.9331228733062744,1.0307764,0.014142143540084362,0.011607984080910683,0.2576940953731537,0.002828428987413645,0.006964790448546409
846,False,normal,0.9331437349319458,1.0216163,0.019999980926513672,0.012543698772788048,0.2554040849208832,0.003999996464699507,0.007526219263672828
847,False,normal,0.9310386776924133,1.0387492,0.030000030994415283,0.014912474900484085,0.25968730449676514,0.006000006105750799,0.00894748494029045
848,False,normal,0.9254242777824402,1.0669583,0.07348468154668808,0.01982886530458927,0.2667395770549774,0.014696937054395676,0.011897319182753562
849,False,normal,0.9240443706512451,1.0747093,0.07874006778001785,0.024006808176636696,0.26867732405662537,0.01574801467359066,0.014404084905982016
850,False,normal,0.9272900223731995,1.0800925,0.024494899436831474,0.02805880457162857,0.2700231373310089,0.004898980259895325,0.01683528274297714
851,False,normal,0.9246430397033691,1.0975428,0.03741658478975296,0.032952431589365005,0.2743856906890869,0.0074833170510828495,0.019771458953619002
852,False,normal,0.923966646194458,1.1039022,0.03464101627469063,0.037011582404375076,0.2759755551815033,0.0069282036274671555,0.022206949442625044
853,False,normal,0.9255725741386414,1.0982714,0.014142122119665146,0.03937339037656784,0.2745678424835205,0.0028284243308007717,0.023624034225940702
854,False,normal,0.9231496453285217,1.1050792,0.03741656243801117,0.041472405195236206,0.276269793510437,0.007483312394469976,0.02488344311714172
855,False,normal,0.9192022085189819,1.1259662,0.06782329827547073,0.04448492079973221,0.28149154782295227,0.013564660213887691,0.026690952479839325
856,False,normal,0.920555830001831,1.1268096,0.04582574591040611,0.046513497829437256,0.2817023992538452,0.009165149182081223,0.027908098697662354
857,False,normal,0.9187352657318115,1.1444212,0.05099020525813103,0.04928460717201233,0.28610530495643616,0.010198041796684265,0.029570764303207396
858,False,normal,0.914901077747345,1.171324,0.0728011205792427,0.053592417389154434,0.2928310036659241,0.014560224488377571,0.03215545043349266
859,False,normal,0.9156670570373535,1.190294,0.039999961853027344,0.05782950296998024,0.2975735068321228,0.007999992929399014,0.034697701781988145
860,False,normal,0.9135340452194214,1.2120644,0.033166274428367615,0.06225389614701271,0.3060321807861328,0.006633255165070295,0.03735233768820762
861,False,normal,0.9148437976837158,1.2056948,0.02449488639831543,0.06339374929666519,0.30284738540649414,0.004898977465927601,0.038036249577999115
862,False,normal,0.9141481518745422,1.2070211,0.03162277489900589,0.06335429102182388,0.30351054668426514,0.00632455525919795,0.038012574613094326
863,False,normal,0.9148893356323242,1.2007498,0.03316624090075493,0.06274592876434326,0.3003748655319214,0.006633248645812273,0.037647557258605954
864,False,normal,0.9138502478599548,1.2070626,0.037416595965623856,0.0621725432574749,0.303531289100647,0.007483319379389286,0.03730352595448494
865,False,normal,0.9103294610977173,1.2267437,0.05196153372526169,0.06192075461149216,0.31337183713912964,0.010392307303845882,0.03715245276689529
866,False,normal,0.9105775356292725,1.2355161,0.037416547536849976,0.059805963188409805,0.3177580237388611,0.007483309600502253,0.03588357791304588
867,False,normal,0.9126579761505127,1.2332883,0.01732049509882927,0.05734949931502342,0.3166441321372986,0.003464099019765854,0.034409699589014055
868,False,normal,0.9102293848991394,1.2439052,0.03316629305481911,0.05662486329674721,0.32195258140563965,0.006633258890360594,0.03397491797804832
869,False,normal,0.9006854295730591,1.2974205,0.06633251160383224,0.059683654457330704,0.34871023893356323,0.013266502879559994,0.035810192674398424
870,False,normal,0.893898606300354,1.3447305,0.06782329827547073,0.06602787226438522,0.37236523628234863,0.013564660213887691,0.03961672335863113
871,False,normal,0.8929132223129272,1.3580501,0.04898975417017937,0.07213564962148666,0.37902504205703735,0.009797951206564903,0.043281389772892
872,False,normal,0.894656777381897,1.3441354,0.04472139850258827,0.07476804405450821,0.3720676898956299,0.008944280445575714,0.04486082643270493
873,False,normal,0.9006133675575256,1.2885263,0.06324556469917297,0.07147868722677231,0.34426313638687134,0.0126491142436862,0.042887212336063386
874,False,normal,0.9099315404891968,1.1747341,0.1144552081823349,0.06719539314508438,0.2936835289001465,0.02289104275405407,0.04031723588705063
875,False,normal,0.9144441485404968,1.0045397,0.17521420121192932,0.08025871217250824,0.2511349320411682,0.035042840987443924,0.048155227303504945
876,False,normal,0.92139732837677,0.8507644,0.15905971825122833,0.1125032901763916,0.21269109845161438,0.031811945140361786,0.06750197410583496
877,False,normal,0.9261540174484253,0.75059974,0.11916377395391464,0.14996814727783203,0.1876499503850937,0.02383275516331196,0.08998088836669922
878,False,normal,0.9241347908973694,0.7792946,0.08306625485420227,0.17441092431545258,0.19482365250587463,0.016613250598311424,0.10464655458927154
879,False,normal,0.913719892501831,0.88820046,0.11489127576351166,0.18458929657936096,0.22205011546611786,0.02297825552523136,0.11075357794761657
880,False,normal,0.9147786498069763,0.93669635,0.051961492747068405,0.18983937799930573,0.23417408764362335,0.010392298921942711,0.11390362679958344
881,False,normal,0.9145309329032898,0.94620293,0.041231073439121246,0.19365887343883514,0.2365507334470749,0.008246215060353279,0.11619532406330108
882,False,normal,0.9145846366882324,0.9102198,0.06324554979801178,0.1981935054063797,0.22755493223667145,0.0126491105183959,0.11891610324382781
883,False,normal,0.9172327518463135,0.8535221,0.06480742990970612,0.20467936992645264,0.21338053047657013,0.012961486354470253,0.12280762195587158
884,False,normal,0.9200209975242615,0.7839643,0.07141429930925369,0.21354317665100098,0.19599108397960663,0.014282860793173313,0.12812590599060059
885,False,normal,0.9225584864616394,0.7228416,0.07280107587575912,0.22336527705192566,0.18071040511131287,0.0145602161064744,0.1340191662311554
886,False,normal,0.9250378608703613,0.68095523,0.06000000238418579,0.23252001404762268,0.17023880779743195,0.012000001035630703,0.13951200842857361
887,False,normal,0.9251968264579773,0.67786425,0.05099021643400192,0.23843656480312347,0.1694660633802414,0.010198043659329414,0.14306193888187407
888,False,normal,0.9219613671302795,0.7205553,0.059160783886909485,0.23805701732635498,0.18013882637023926,0.011832158081233501,0.14283421039581298
889,False,normal,0.9146717190742493,0.8147392,0.09486834704875946,0.22743302583694458,0.20368482172489166,0.01897367089986801,0.13645981550216674
890,False,normal,0.914608895778656,0.88215643,0.0707106739282608,0.20794187486171722,0.22053910791873932,0.01414213515818119,0.12476512491703033
891,False,normal,0.9210934042930603,0.88651,0.02236068621277809,0.1818557232618332,0.22162750363349915,0.004472137428820133,0.10911343395709991
892,False,normal,0.925948977470398,0.8631918,0.028284266591072083,0.1498350203037262,0.21579794585704803,0.0056568533182144165,0.08990101218223571
893,False,normal,0.931889533996582,0.85164547,0.014142122119665146,0.1151830181479454,0.21291136741638184,0.0028284243308007717,0.06910981088876723
894,False,normal,0.9353789687156677,0.81043196,0.0458257831633091,0.08776739984750748,0.20260800421237946,0.009165157563984394,0.05266043990850448
895,False,normal,0.9384387135505676,0.7413501,0.07483313977718353,0.08012040704488754,0.18533751368522644,0.014966628514230251,0.04807224422693252
896,False,normal,0.9423673152923584,0.69144773,0.05744561925530434,0.0842396467924118,0.17286193370819092,0.011489124037325382,0.05054378807544708
897,False,normal,0.9443202614784241,0.6943342,0.02449491061270237,0.08705613762140274,0.17358353734016418,0.004898982122540474,0.052233682572841646
898,False,normal,0.9388087391853333,0.7325299,0.06403122842311859,0.08838160336017609,0.18313246965408325,0.012806246988475323,0.05302896201610565
899,False,normal,0.9351991415023804,0.7906326,0.06708202511072159,0.08629324287176132,0.19765816628932953,0.013416405767202377,0.05177594572305679
900,False,normal,0.9326484203338623,0.8476438,0.061644162982702255,0.08125419914722443,0.21191094815731049,0.01232883334159851,0.04875251948833465
901,False,normal,0.9342740774154663,0.87028724,0.029999971389770508,0.07569127529859543,0.21757180988788605,0.0059999944642186165,0.045414765179157254
902,False,normal,0.9206821322441101,0.9671091,0.12206555902957916,0.0809888243675232,0.24177725613117218,0.024413112550973892,0.04859329462051391
903,False,normal,0.9259514808654785,0.9405318,0.06557440757751465,0.0862269178032875,0.23513294756412506,0.013114881701767445,0.0517361506819725
904,False,normal,0.9237932562828064,0.8355238,0.18138355016708374,0.08652295917272568,0.2088809460401535,0.03627670928835869,0.051913775503635406
905,False,normal,0.9344034790992737,0.81400245,0.060827624052762985,0.08466063439846039,0.20350061357021332,0.012165524996817112,0.05079638063907623
906,False,normal,0.9328114986419678,0.80628777,0.0964365303516388,0.07968975603580475,0.20157195627689362,0.01928730681538582,0.04781385362148285
907,False,normal,0.9357061982154846,0.82292163,0.053851667791604996,0.07351928949356079,0.2057304084300995,0.010770333930850029,0.044111573696136476
908,False,normal,0.9332419037818909,0.87011486,0.05196147784590721,0.07065669447183609,0.21752871572971344,0.010392296127974987,0.04239401668310165
909,False,normal,0.9301900863647461,0.9064215,0.059160806238651276,0.07267913222312927,0.2266053706407547,0.0118321618065238,0.04360747933387756
910,False,normal,0.9273226261138916,0.93268424,0.0714142769575119,0.07523779571056366,0.23317106068134308,0.01428285613656044,0.04514267742633819
911,False,normal,0.9266735911369324,0.9596353,0.05099020525813103,0.07937450706958771,0.239908829331398,0.010198041796684265,0.04762470424175262
912,False,normal,0.9284195303916931,0.94207215,0.03741656616330147,0.08245618641376495,0.23551803827285767,0.007483313791453838,0.049473711848258974
913,False,normal,0.9291694164276123,0.94026595,0.024494923651218414,0.08522345870733261,0.2350664883852005,0.004898984916508198,0.05113407522439956
914,False,normal,0.9259310364723206,0.9605207,0.045825764536857605,0.08832920342683792,0.24013017117977142,0.009165152907371521,0.05299752205610275
915,False,normal,0.926483154296875,0.97954065,0.022360658273100853,0.08848745375871658,0.2448851615190506,0.0044721318408846855,0.05309247225522995
916,False,normal,0.9242160320281982,1.0076705,0.036055486649274826,0.08417027443647385,0.25191763043403625,0.00721109751611948,0.050502164661884306
917,False,normal,0.9181500673294067,1.0155294,0.12124355137348175,0.07738377153873444,0.25388234853744507,0.02424870990216732,0.04643026292324066
918,False,normal,0.9202420711517334,1.04427,0.07483313232660294,0.07398780435323715,0.2610675096511841,0.014966627582907677,0.04439268261194229
919,False,normal,0.9196265935897827,1.066724,0.061644136905670166,0.07566530257463455,0.2666809856891632,0.012328827753663063,0.04539918154478073
920,False,normal,0.9212058186531067,1.0774506,0.024494880810379982,0.08013661950826645,0.2693626582622528,0.004898976068943739,0.04808197170495987
921,False,normal,0.9056203365325928,1.1778369,0.12649105489253998,0.09398360550403595,0.2944592237472534,0.025298211723566055,0.05639016330242157
922,False,normal,0.8994219899177551,1.2396774,0.09433985501527786,0.1128571406006813,0.3198387026786804,0.018867971375584602,0.06771428436040879
923,False,normal,0.9015571475028992,1.2307314,0.059160806238651276,0.12636984884738922,0.31536567211151123,0.0118321618065238,0.07582190930843354
924,False,normal,0.89256751537323,1.2847178,0.07071064412593842,0.1378287672996521,0.34235888719558716,0.014142129570245743,0.08269726037979126
925,False,normal,0.8753439784049988,1.3852798,0.10723808407783508,0.15377670526504517,0.3926398754119873,0.021447617560625076,0.0922660231590271
926,False,normal,0.8628923296928406,1.4758387,0.09219547361135483,0.17260998487472534,0.4379193186759949,0.018439095467329025,0.1035659909248352
927,False,normal,0.840507984161377,1.604556,0.13304133713245392,0.19953690469264984,0.5022779703140259,0.026608267799019814,0.1197221428155899
928,False,normal,0.8258532881736755,1.7084788,0.10440309345722198,0.23130537569522858,0.5542393922805786,0.020880620926618576,0.13878322541713714
929,False,normal,0.8146874308586121,1.7756407,0.0927361398935318,0.2616855204105377,0.5878203511238098,0.01854722946882248,0.15701131224632262
930,False,normal,0.8099504709243774,1.8030252,0.07071071118116379,0.28640061616897583,0.601512610912323,0.014142143540084362,0.1718403697013855
931,False,normal,0.8140274286270142,1.7512852,0.08062263578176498,0.3001267611980438,0.5756425857543945,0.016124527901411057,0.1800760567188263
932,False,normal,0.8319110870361328,1.5167729,0.2420743703842163,0.29447245597839355,0.4583864212036133,0.04841487482190132,0.17668347358703612
933,False,normal,0.8554934859275818,1.4236923,0.10049868375062943,0.28339654207229614,0.4118461608886719,0.020099736750125885,0.17003792524337769
934,False,normal,0.8651800155639648,1.3656867,0.08831766247749329,0.27071109414100647,0.3828433156013489,0.017663532868027687,0.1624266564846039
935,False,normal,0.8752130270004272,1.285846,0.10816657543182373,0.25786465406417847,0.34292298555374146,0.021633315831422806,0.15471879243850709
936,False,normal,0.8851572275161743,1.2562245,0.043588969856500626,0.246212899684906,0.32811224460601807,0.008717793971300125,0.1477277398109436
937,False,normal,0.8878130912780762,1.2646344,0.014142133295536041,0.2337244153022766,0.33231717348098755,0.0028284266591072083,0.14023464918136597
938,False,normal,0.8860503435134888,1.2817565,0.028284257277846336,0.22174005210399628,0.3408782482147217,0.005656851455569267,0.13304403126239775
939,False,normal,0.8856489658355713,1.2952993,0.03000006452202797,0.2099049836397171,0.34764963388442993,0.006000013090670109,0.12594299018383026
940,False,normal,0.8850697875022888,1.3132403,0.028284257277846336,0.19711557030677795,0.3566201329231262,0.005656851455569267,0.11826934218406676
941,False,normal,0.884381115436554,1.3240469,0.029999975115060806,0.1905253529548645,0.36202341318130493,0.005999994929879904,0.1143152117729187
942,False,normal,0.881697416305542,1.3448049,0.03741655498743057,0.18663115799427032,0.3724024295806885,0.007483311463147402,0.1119786947965622
943,False,normal,0.8829053640365601,1.3474048,0.024494903162121773,0.1819325089454651,0.37370240688323975,0.004898980725556612,0.10915950536727904
944,False,normal,0.8829705119132996,1.3503333,0.022360658273100853,0.17967291176319122,0.375166654586792,0.0044721318408846855,0.10780374705791473
945,False,normal,0.8857614994049072,1.3219304,0.029999971389770508,0.18122641742229462,0.36096519231796265,0.0059999944642186165,0.10873585045337676
946,False,normal,0.8896917700767517,1.2747157,0.05099014937877655,0.18453772366046906,0.3373578190803528,0.01019803062081337,0.11072263419628144
947,False,normal,0.8938353061676025,1.2371337,0.05830956622958183,0.18458136916160583,0.31856685876846313,0.011661913245916367,0.1107488214969635
948,False,normal,0.8988523483276367,1.1833005,0.07810245454311371,0.17778095602989197,0.29582512378692627,0.015620491467416286,0.10666857361793518
949,False,normal,0.9044598937034607,1.1382003,0.06708209216594696,0.16142861545085907,0.2845500707626343,0.013416418805718422,0.09685716927051544
950,False,normal,0.9116414785385132,1.1032226,0.0447213239967823,0.13377532362937927,0.27580565214157104,0.008944264613091946,0.08026519417762756
951,False,normal,0.9178515672683716,1.0678015,0.04123101755976677,0.10265413671731949,0.2669503688812256,0.008246203884482384,0.06159248203039169
952,False,normal,0.9203392267227173,1.0475686,0.02828429639339447,0.10055331140756607,0.2618921399116516,0.0056568593718111515,0.06033198684453964
953,False,normal,0.9203375577926636,1.0290287,0.03605547919869423,0.10536683350801468,0.2572571635246277,0.007211096119135618,0.0632201001048088
954,False,normal,0.9217071533203125,1.0167595,0.01732049509882927,0.11205308884382248,0.2541898787021637,0.003464099019765854,0.06723185330629348
955,False,normal,0.9210067987442017,1.0022973,0.024494925513863564,0.12093743681907654,0.2505743205547333,0.004898984916508198,0.07256246209144591
956,False,normal,0.9191336035728455,0.99684507,0.041231051087379456,0.12892712652683258,0.24921126663684845,0.008246210403740406,0.07735627591609955
957,False,normal,0.9190099239349365,0.98569775,0.041231054812669754,0.1357639580965042,0.24642443656921387,0.00824621133506298,0.08145837485790253
958,False,normal,0.9208317995071411,0.98534256,0.009999999776482582,0.14028555154800415,0.24633564054965973,0.0020000000949949026,0.08417133092880248
959,False,normal,0.920833945274353,0.98051006,0.009999990463256836,0.14278480410575867,0.24512751400470734,0.0019999982323497534,0.0856708824634552
960,False,normal,0.9179056882858276,0.9785704,0.05099019035696983,0.14257806539535522,0.24464260041713715,0.010198038071393967,0.08554683923721314
961,False,normal,0.9182640910148621,0.9914131,0.041231054812669754,0.1390022188425064,0.24785326421260834,0.00824621133506298,0.08340133130550384
962,False,normal,0.9195666313171387,0.99704564,0.03162277489900589,0.13121941685676575,0.24926140904426575,0.00632455525919795,0.07873165011405944
963,False,normal,0.9190760254859924,1.0173004,0.039999961853027344,0.119522325694561,0.25432509183883667,0.007999992929399014,0.0717133954167366
964,False,normal,0.922731339931488,1.020637,0.014142122119665146,0.10348501056432724,0.25515925884246826,0.0028284243308007717,0.06209100633859634
965,False,normal,0.9225369691848755,1.0297087,0.03741655498743057,0.08583313971757889,0.2574271857738495,0.007483311463147402,0.05149988383054733
966,False,normal,0.9273165464401245,1.0297087,0.0,0.06938866525888443,0.2574271857738495,0.0,0.041633199155330654
967,False,normal,0.927962064743042,1.0338762,0.014142133295536041,0.053000036627054214,0.2584690451622009,0.0028284266591072083,0.03180002197623253
968,False,normal,0.9293017983436584,1.0275213,0.022360675036907196,0.040009044110774994,0.2568803131580353,0.004472135100513697,0.024005426466464995
969,False,normal,0.9321438670158386,1.0275213,0.0,0.03030034899711609,0.2568803131580353,0.0,0.018180209398269653
970,False,normal,0.9318765997886658,1.0159724,0.024494878947734833,0.023233482614159584,0.25399309396743774,0.004898976068943739,0.01394008956849575
971,False,normal,0.933070182800293,0.986813,0.037416599690914154,0.020398028194904327,0.24670325219631195,0.007483320310711861,0.012238816916942596
972,False,normal,0.9342464804649353,0.9678843,0.03741655498743057,0.020454268902540207,0.24197107553482056,0.007483311463147402,0.012272561341524124
973,False,normal,0.9362796545028687,0.95556265,0.01732049509882927,0.022488463670015335,0.2388906627893448,0.003464099019765854,0.013493078202009201
974,False,normal,0.9364765882492065,0.92504054,0.031622812151908875,0.027805577963590622,0.23126013576984406,0.006324562709778547,0.016683346778154372
975,False,normal,0.937734842300415,0.902995,0.022360658273100853,0.034590788185596466,0.22574873268604279,0.0044721318408846855,0.020754472911357878
976,False,normal,0.9375327825546265,0.8627862,0.04242636635899544,0.04467585310339928,0.2156965583562851,0.008485273458063602,0.026805511862039565
977,False,normal,0.9389449954032898,0.8340863,0.030000032857060432,0.055621907114982605,0.20852157473564148,0.006000007037073374,0.03337314426898956
978,False,normal,0.9394129514694214,0.81608826,0.02236066199839115,0.06587083637714386,0.20402206480503082,0.004472132306545973,0.03952250182628631
979,False,normal,0.9392167329788208,0.813265,0.014142122119665146,0.07411261647939682,0.20331625640392303,0.0028284243308007717,0.04446756988763809
980,False,normal,0.9383647441864014,0.80255836,0.022360725328326225,0.0816524550318718,0.20063959062099457,0.0044721453450620174,0.04899147301912308
981,False,normal,0.9390304088592529,0.7944809,0.009999990463256836,0.08803761750459671,0.19862022995948792,0.0019999982323497534,0.05282257050275802
982,False,normal,0.9382668137550354,0.7923383,0.014142122119665146,0.09292809665203094,0.19808457791805267,0.0028284243308007717,0.055756857991218566
983,False,normal,0.9381852149963379,0.79366237,0.009999997913837433,0.09550762921571732,0.1984155923128128,0.0019999996293336153,0.057304577529430384
984,False,normal,0.9373130202293396,0.79724526,0.01732049509882927,0.09633432328701019,0.19931131601333618,0.003464099019765854,0.05780059397220611
985,False,normal,0.9383110404014587,0.79151756,0.010000020265579224,0.09557570517063141,0.1978793889284134,0.0020000042859464884,0.05734542310237884
986,False,normal,0.9381247758865356,0.79962486,0.009999990463256836,0.09290564805269241,0.19990621507167816,0.0019999982323497534,0.05574338883161545
987,False,normal,0.9368727803230286,0.8120345,0.024494925513863564,0.08781638741493225,0.20300863683223724,0.004898984916508198,0.05268983244895935
988,False,normal,0.9369804263114929,0.82861334,0.019999980926513672,0.08109347522258759,0.2071533352136612,0.003999996464699507,0.04865608513355255
989,False,normal,0.9357055425643921,0.8452219,0.03741660341620445,0.07218228280544281,0.21130546927452087,0.007483320776373148,0.04330936968326569
990,False,normal,0.9360071420669556,0.86614084,0.0316227450966835,0.06239446625113487,0.21653521060943604,0.006324549205601215,0.03743667975068092
991,False,normal,0.93658846616745,0.88056797,0.024494880810379982,0.054491136223077774,0.22014199197292328,0.004898976068943739,0.03269468173384666
992,False,normal,0.935382068157196,0.90094393,0.03316628187894821,0.048512052744627,0.2252359837293625,0.0066332570277154446,0.0291072316467762
993,False,normal,0.9344955086708069,0.9235258,0.0316227450966835,0.045103345066308975,0.2308814525604248,0.006324549205601215,0.027062007039785386
994,False,normal,0.9313671588897705,0.95571965,0.041231073439121246,0.048400040715932846,0.23892991244792938,0.008246215060353279,0.029040024429559705
995,False,normal,0.9283239841461182,0.9872183,0.04242642596364021,0.056607626378536224,0.24680458009243011,0.008485285565257072,0.033964575827121736
996,False,normal,0.9205570816993713,1.0475209,0.0714142769575119,0.07180672138929367,0.26188021898269653,0.01428285613656044,0.0430840328335762
997,False,normal,0.9112353324890137,1.1302212,0.09219548106193542,0.09342660009860992,0.28255531191825867,0.018439097329974174,0.05605596005916595
998,False,normal,0.9020214676856995,1.2142898,0.09219536185264587,0.11898048967123032,0.3071448802947998,0.018439073115587234,0.07138829380273819
999,False,normal,0.8898900151252747,1.2894185,0.08544007688760757,0.14603883028030396,0.34470921754837036,0.017088016495108604,0.08762329816818237
1000,False,normal,0.8773202300071716,1.3661991,0.08062262088060379,0.17381836473941803,0.3830995559692383,0.016124524176120758,0.10429101884365082
1001,False,normal,0.8706091046333313,1.414567,0.04999995231628418,0.19850009679794312,0.4072834849357605,0.009999990463256836,0.11910005807876586
1002,False,normal,0.8641390800476074,1.4507239,0.04242636635899544,0.21948745846748352,0.4253619313240051,0.008485273458063602,0.13169247508049012
1003,False,normal,0.8654971122741699,1.4433987,0.014142122119665146,0.23347841203212738,0.4216993451118469,0.0028284243308007717,0.14008704721927642
1004,False,normal,0.8686388731002808,1.3855324,0.06082756817340851,0.23839613795280457,0.39276617765426636,0.012165513820946217,0.14303768277168274
1005,False,normal,0.8777709603309631,1.2921687,0.10099507123231888,0.23444430530071259,0.3460843563079834,0.020199015736579895,0.14066658318042755
1006,False,normal,0.889079213142395,1.2068968,0.10630147159099579,0.22571726143360138,0.3034483790397644,0.021260295063257217,0.13543035686016083
1007,False,normal,0.8940169215202332,1.0325211,0.20712314546108246,0.2159690111875534,0.25813028216362,0.04142463207244873,0.12958140671253204
1008,False,normal,0.9106957912445068,1.0325211,0.0,0.20643006265163422,0.25813028216362,0.0,0.12385803759098052
1009,False,normal,0.9096489548683167,0.95262796,0.09055382758378983,0.20016884803771973,0.2381569892168045,0.018110767006874084,0.12010130882263183
1010,False,normal,0.9146613478660583,0.8360024,0.11747340857982635,0.2023165225982666,0.2090006023645401,0.02349468320608139,0.12138991355895995
1011,False,normal,0.9200320243835449,0.81418675,0.056568536907434464,0.20698881149291992,0.2035466879606247,0.011313707567751408,0.12419328689575194
1012,False,normal,0.9158806800842285,0.8530534,0.07483316212892532,0.20992502570152283,0.2132633477449417,0.014966633170843124,0.1259550154209137
1013,False,normal,0.9092715978622437,0.9226592,0.10488086193799973,0.20996801555156708,0.23066480457782745,0.020976174622774124,0.12598080933094025
1014,False,normal,0.9008017778396606,1.0296116,0.1326649934053421,0.20748008787631989,0.2574028968811035,0.02653300017118454,0.12448805272579193
1015,False,normal,0.8939430117607117,1.1438094,0.13341665267944336,0.2046889066696167,0.2859523594379425,0.02668333239853382,0.12281334400177002
1016,False,normal,0.8931646943092346,1.2090492,0.08306628465652466,0.20395171642303467,0.30452460050582886,0.01661325804889202,0.1223710298538208
1017,False,normal,0.8910390734672546,1.2474374,0.04582572355866432,0.2049528956413269,0.3237186670303345,0.00916514452546835,0.12297173738479614
1018,False,normal,0.8846092224121094,1.2887591,0.0599999725818634,0.20663246512413025,0.3443795442581177,0.01199999451637268,0.12397947907447815
1019,False,normal,0.8792034387588501,1.332066,0.05744568258523941,0.20816564559936523,0.36603301763534546,0.011489136144518852,0.12489938735961914
1020,False,normal,0.8819953799247742,1.3322538,0.022360682487487793,0.20663215219974518,0.3661268949508667,0.004472136497497559,0.1239792913198471
1021,False,normal,0.8869287967681885,1.2810152,0.051961593329906464,0.2003934234380722,0.3405075669288635,0.010392318479716778,0.12023605406284332
1022,False,normal,0.8932139277458191,1.2493999,0.037416551262140274,0.19004037976264954,0.32469993829727173,0.007483310531824827,0.11402422785758971
1023,False,normal,0.8978158831596375,1.1597414,0.11224975436925888,0.1773461252450943,0.2899353504180908,0.022449951618909836,0.10640767514705658
1024,False,normal,0.9036467671394348,1.0454185,0.1445683091878891,0.1680998057126999,0.26135462522506714,0.02891366183757782,0.10085988342761994
1025,False,normal,0.9126859903335571,0.995088,0.07141424715518951,0.16470815241336823,0.24877199530601501,0.014282849617302418,0.09882489144802094
1026,False,normal,0.9151526689529419,0.9708759,0.05830953270196915,0.16495293378829956,0.24271897971630096,0.011661906726658344,0.09897176027297973
1027,False,normal,0.9147441387176514,0.810802,0.18055471777915955,0.1753261238336563,0.20270049571990967,0.03611094504594803,0.10519567430019379
1028,False,normal,0.9271904230117798,0.810802,0.0,0.18445387482643127,0.20270049571990967,0.0,0.11067232489585876
1029,False,normal,0.9257898330688477,0.7978095,0.017320498824119568,0.19206665456295013,0.19945238530635834,0.0034640999510884285,0.11523999273777008
1030,False,normal,0.9201292991638184,0.8395832,0.05830952897667885,0.1918625831604004,0.2098958045244217,0.011661906726658344,0.11511754989624023
1031,False,normal,0.9139868021011353,0.8976079,0.09899494796991348,0.18740057945251465,0.22440198063850403,0.019798990339040756,0.11244034767150879
1032,False,normal,0.911047637462616,0.9754486,0.08124042302370071,0.1824481338262558,0.24386213719844818,0.016248084604740143,0.10946888029575348
1033,False,normal,0.9045911431312561,1.0614141,0.10049869120121002,0.1794423609972,0.2653535306453705,0.020099740475416183,0.10766541659832
1034,False,normal,0.8994113206863403,1.1532997,0.09219548106193542,0.17994016408920288,0.28832492232322693,0.018439097329974174,0.10796409845352173
1035,False,normal,0.8768181800842285,1.3061393,0.16763052344322205,0.18618428707122803,0.3530696630477905,0.03352610394358635,0.11171057224273681
1036,False,normal,0.8764810562133789,1.3647711,0.06164420023560524,0.19416052103042603,0.3823855519294739,0.012328839860856533,0.1164963126182556
1037,False,normal,0.8740330934524536,1.394489,0.0316227488219738,0.2023674100637436,0.39724451303482056,0.00632455013692379,0.12142044603824614
1038,False,normal,0.8749985694885254,1.385785,0.024494893848896027,0.20784318447113037,0.3928924798965454,0.004898978862911463,0.12470591068267822
1039,False,normal,0.8775099515914917,1.3397388,0.0670820102095604,0.20826271176338196,0.3698694109916687,0.013416402041912079,0.12495762705802917
1040,False,normal,0.8834684491157532,1.2710232,0.10677080601453781,0.20538216829299927,0.33551156520843506,0.021354161202907562,0.12322930097579955
1041,False,normal,0.8916678428649902,1.2078493,0.106770820915699,0.20285965502262115,0.3039246201515198,0.02135416492819786,0.12171579301357269
1042,False,normal,0.8975026607513428,1.1512601,0.08660248667001724,0.2004033923149109,0.28781503438949585,0.017320498824119568,0.12024203538894652
1043,False,normal,0.898215115070343,1.1048076,0.1166190654039383,0.19989976286888123,0.27620190382003784,0.02332381345331669,0.11993985772132873
1044,False,normal,0.9016271233558655,1.05138,0.11575834453105927,0.19983123242855072,0.2628450095653534,0.023151669651269913,0.11989873945713042
1045,False,normal,0.908936619758606,0.97169954,0.08366598933935165,0.20047692954540253,0.24292488396167755,0.01673319935798645,0.12028615772724151
1046,False,normal,0.914179801940918,0.92908555,0.04690418392419815,0.2019547075033188,0.23227138817310333,0.00938083790242672,0.12117282450199127
1047,False,normal,0.9172995090484619,0.91793245,0.02449488639831543,0.19577157497406006,0.22948311269283295,0.004898977465927601,0.11746294498443603
1048,False,normal,0.9171437621116638,0.9062561,0.04582575336098671,0.1898190826177597,0.22656401991844177,0.009165151044726372,0.11389144957065582
1049,False,normal,0.9185732007026672,0.915478,0.03162277862429619,0.18198081851005554,0.2288694828748703,0.006324555724859238,0.10918849110603332
1050,False,normal,0.9187293648719788,0.93552125,0.0223606638610363,0.17602913081645966,0.23388029634952545,0.0044721332378685474,0.1056174784898758
1051,False,normal,0.9153007864952087,0.9753461,0.041231073439121246,0.17206473648548126,0.24383652210235596,0.008246215060353279,0.10323884189128875
1052,False,normal,0.9124893546104431,1.0190681,0.04472137242555618,0.17053988575935364,0.2547670304775238,0.008944274857640266,0.10232393145561218
1053,False,normal,0.9102470874786377,1.0590562,0.041231025010347366,0.17057985067367554,0.26476404070854187,0.008246205747127533,0.10234791040420532
1054,False,normal,0.9095973372459412,1.0830051,0.03000001609325409,0.17054049670696259,0.2707512676715851,0.006000003311783075,0.10232429802417754
1055,False,normal,0.9098336100578308,1.0994544,0.022360658273100853,0.16477857530117035,0.274863600730896,0.0044721318408846855,0.0988671451807022
1056,False,normal,0.9108418226242065,1.1108105,0.01732051745057106,0.15361249446868896,0.2777026295661926,0.0034641034435480833,0.09216749668121338
1057,False,normal,0.9136056900024414,1.1069778,0.010000020265579224,0.137151837348938,0.27674445509910583,0.0020000042859464884,0.08229110240936278
1058,False,normal,0.914614737033844,1.1103152,0.024494880810379982,0.11794542521238327,0.27757880091667175,0.004898976068943739,0.07076725512742996
1059,False,normal,0.9167841672897339,1.1211601,0.014142122119665146,0.10068872570991516,0.28029003739356995,0.0028284243308007717,0.06041323542594909
1060,False,normal,0.9145253896713257,1.1342839,0.05099019035696983,0.08964691311120987,0.2835709750652313,0.010198038071393967,0.05378814786672592
1061,False,normal,0.9033340811729431,1.2259282,0.09949877858161926,0.09135390818119049,0.3129640817642212,0.019899755716323853,0.05481234490871429
1062,False,normal,0.895151674747467,1.2947973,0.0734846293926239,0.10406111180782318,0.34739863872528076,0.014696926809847355,0.062436667084693906
1063,False,normal,0.8879699110984802,1.3427211,0.06164419278502464,0.12138868868350983,0.37136054039001465,0.012328838929533958,0.0728332132101059
1064,False,normal,0.8858235478401184,1.3553228,0.044721346348524094,0.1367250382900238,0.37766140699386597,0.008944269269704819,0.08203502297401429
1065,False,normal,0.8867360949516296,1.3417152,0.04123106226325035,0.14547660946846008,0.3708575963973999,0.00824621319770813,0.08728596568107605
1066,False,normal,0.8894836902618408,1.3207953,0.03605549782514572,0.14760646224021912,0.3603976368904114,0.007211099844425917,0.08856387734413147
1067,False,normal,0.889046311378479,1.3223464,0.041231054812669754,0.14640039205551147,0.36117321252822876,0.00824621133506298,0.08784023523330688
1068,False,normal,0.8857185244560242,1.3520725,0.04123106971383095,0.1431673765182495,0.37603622674942017,0.008246214129030704,0.08590042591094971
1069,False,normal,0.8856110572814941,1.370292,0.019999980926513672,0.13835395872592926,0.38514596223831177,0.003999996464699507,0.08301237523555756
1070,False,normal,0.8840947151184082,1.3732443,0.0458257682621479,0.13177341222763062,0.3866221308708191,0.009165153838694096,0.07906404733657836
1071,False,normal,0.8865132927894592,1.3787676,0.014142122119665146,0.1256675273180008,0.38938379287719727,0.0028284243308007717,0.07540051639080048
1072,False,normal,0.8886789083480835,1.369489,0.009999990463256836,0.11987501382827759,0.38474446535110474,0.0019999982323497534,0.07192500829696655
1073,False,normal,0.8902089595794678,1.3489255,0.03316624462604523,0.11406578868627548,0.37446272373199463,0.00663324911147356,0.06843947321176529
1074,False,normal,0.895730197429657,1.2975363,0.056568510830402374,0.1069595217704773,0.34876811504364014,0.01131370197981596,0.06417571306228638
1075,False,normal,0.9025834798812866,1.2560652,0.04582582414150238,0.09976214915513992,0.32803261280059814,0.009165165014564991,0.05985728949308395
1076,False,normal,0.9075381755828857,1.2371742,0.02236066199839115,0.09281697124242783,0.318587064743042,0.004472132306545973,0.055690182745456694
1077,False,normal,0.9111891388893127,1.211528,0.028284266591072083,0.08540446311235428,0.30576395988464355,0.0056568533182144165,0.051242677867412566
1078,False,normal,0.9107498526573181,1.2270696,0.022360658273100853,0.07657845318317413,0.31353479623794556,0.0044721318408846855,0.04594707190990448
1079,False,normal,0.905862033367157,1.2621411,0.04582583159208298,0.06611178815364838,0.33107054233551025,0.00916516687721014,0.03966707289218902
1080,False,normal,0.903629720211029,1.2966881,0.03741655498743057,0.05398378148674965,0.34834402799606323,0.007483311463147402,0.03239026889204979
1081,False,normal,0.8960209488868713,1.3504443,0.05385160818696022,0.05112188309431076,0.3752221465110779,0.010770322754979134,0.030673129856586455
1082,False,normal,0.884263277053833,1.4234114,0.08124043047428131,0.055977337062358856,0.4117056727409363,0.016248086467385292,0.03358640223741531
1083,False,normal,0.8790371417999268,1.4741099,0.05196148157119751,0.06501680612564087,0.43705493211746216,0.010392296127974987,0.03901008367538452
1084,False,normal,0.8732064962387085,1.5153217,0.04242648184299469,0.07663562893867493,0.45766085386276245,0.008485296741127968,0.045981377363204956
1085,False,normal,0.869061291217804,1.5440531,0.029999971389770508,0.08901739120483398,0.472026526927948,0.0059999944642186165,0.05341043472290039
1086,False,normal,0.8621858954429626,1.5796835,0.04123101755976677,0.10217788070440292,0.4898417592048645,0.008246203884482384,0.06130672842264175
1087,False,normal,0.846229076385498,1.6601506,0.09000004082918167,0.12085092812776566,0.5300753116607666,0.018000008538365364,0.07251055687665939
1088,False,normal,0.848576009273529,1.6621372,0.03162277489900589,0.13570936024188995,0.5310685634613037,0.00632455525919795,0.08142561614513397
1089,False,normal,0.8467860221862793,1.6498789,0.05830950662493706,0.14671604335308075,0.5249394178390503,0.011661902070045471,0.08802962601184845
1090,False,normal,0.8514142036437988,1.6187959,0.03741655498743057,0.153583824634552,0.5093979239463806,0.007483311463147402,0.0921502947807312
1091,False,normal,0.8530622720718384,1.6096584,0.022360675036907196,0.15877817571163177,0.5048291683197021,0.004472135100513697,0.09526690542697906
1092,False,normal,0.8508315086364746,1.614373,0.03741656243801117,0.16304662823677063,0.5071864724159241,0.007483312394469976,0.09782797694206237
1093,False,normal,0.8525391817092896,1.6145898,0.009999999776482582,0.16572602093219757,0.5072948932647705,0.0020000000949949026,0.09943561255931854
1094,False,normal,0.8547669649124146,1.5792719,0.042426470667123795,0.16368365287780762,0.4896359443664551,0.008485293947160244,0.09821019172668456
1095,False,normal,0.8591103553771973,1.5675777,0.014142143540084362,0.1573478877544403,0.4837888479232788,0.002828428987413645,0.09440873265266418
1096,False,normal,0.8621909022331238,1.5443121,0.028284244239330292,0.1470731794834137,0.4721560478210449,0.005656848661601543,0.08824390769004821
1097,False,normal,0.869187593460083,1.4832735,0.061644088476896286,0.13149915635585785,0.44163674116134644,0.012328817509114742,0.0788994938135147
1098,False,normal,0.8795498013496399,1.4027829,0.08062262088060379,0.11713042110204697,0.4013914465904236,0.016124524176120758,0.07027825266122818
1099,False,normal,0.8898805379867554,1.3324038,0.07141433656215668,0.1101079136133194,0.36620187759399414,0.014282867312431335,0.06606474816799164
1100,False,normal,0.8974767327308655,1.26732,0.0734846293926239,0.11330751329660416,0.3336600065231323,0.014696926809847355,0.06798450797796249
1101,False,normal,0.904017984867096,1.2089665,0.06082768738269806,0.12749260663986206,0.30448323488235474,0.012165538035333157,0.07649556398391723
1102,False,normal,0.9054298996925354,1.1524756,0.061644088476896286,0.1493089497089386,0.2881188988685608,0.012328817509114742,0.08958536982536315
1103,False,normal,0.905703604221344,1.0853109,0.0728011503815651,0.17503660917282104,0.2713277339935303,0.014560230076313019,0.10502196550369262
1104,False,normal,0.9061396718025208,1.0244023,0.07549827545881271,0.20143993198871613,0.2561005651950836,0.015099655836820602,0.12086395919322968
1105,False,normal,0.9077808856964111,0.9664885,0.060827627778053284,0.2270960658788681,0.24162212014198303,0.012165525928139687,0.13625763952732087
1106,False,normal,0.9083258509635925,0.91142744,0.06164414435625076,0.2507219910621643,0.2278568595647812,0.012328828684985638,0.15043319463729857
1107,False,normal,0.9097787141799927,0.8543418,0.06000000238418579,0.2693743407726288,0.21358545124530792,0.012000001035630703,0.16162460446357726
1108,False,normal,0.9106537103652954,0.8051087,0.06403123587369919,0.2852051854133606,0.20127718150615692,0.012806247919797897,0.17112311124801635
1109,False,normal,0.9128211140632629,0.7452516,0.061644140630960464,0.29981133341789246,0.18631289899349213,0.012328828684985638,0.17988680005073546
1110,False,normal,0.914765477180481,0.67808557,0.06782329827547073,0.3147282600402832,0.16952139139175415,0.013564660213887691,0.18883695602416992
1111,False,normal,0.9169262051582336,0.60876924,0.07483314722776413,0.32844364643096924,0.15219229459762573,0.014966629445552826,0.19706618785858154
1112,False,normal,0.9200128316879272,0.5379591,0.07483313977718353,0.3396018445491791,0.1344897747039795,0.014966628514230251,0.20376110672950745
1113,False,normal,0.9224685430526733,0.41797125,0.12206555902957916,0.35211098194122314,0.10449281334877014,0.024413112550973892,0.21126658916473387
1114,False,normal,0.9292514324188232,0.39812058,0.037416547536849976,0.3588313162326813,0.09953014552593231,0.007483309600502253,0.21529878973960875
1115,False,normal,0.9268054962158203,0.40274063,0.07000000029802322,0.35644349455833435,0.10068515688180923,0.014000000432133675,0.2138660967350006
1116,False,normal,0.9298076629638672,0.4142463,0.037416569888591766,0.345797598361969,0.10356157273054123,0.007483314257115126,0.2074785590171814
1117,False,normal,0.930180549621582,0.4302325,0.04358898848295212,0.330506294965744,0.10755812376737595,0.008717798627912998,0.1983037769794464
1118,False,normal,0.9318292737007141,0.44988889,0.033166252076625824,0.31304341554641724,0.11247222870588303,0.006633250508457422,0.18782604932785033
1119,False,normal,0.9341370463371277,0.46021733,0.024494914337992668,0.2938520610332489,0.11505433171987534,0.0048989830538630486,0.17631123661994932
1120,False,normal,0.9361199736595154,0.46324942,0.028284266591072083,0.27337998151779175,0.11581235378980637,0.0056568533182144165,0.16402798891067505
1121,False,normal,0.937443196773529,0.4739198,0.03741655498743057,0.25108808279037476,0.11847995221614838,0.007483311463147402,0.15065284967422485
1122,False,normal,0.9389381408691406,0.5039841,0.03162277489900589,0.22659294307231903,0.12599602341651917,0.00632455525919795,0.13595576584339142
1123,False,normal,0.9409312605857849,0.5278257,0.024494914337992668,0.20202071964740753,0.13195642828941345,0.0048989830538630486,0.12121243178844451
1124,False,normal,0.9420060515403748,0.5509083,0.029999980702996254,0.1776013970375061,0.13772708177566528,0.005999996326863766,0.10656083822250366
1125,False,normal,0.9415095448493958,0.57792735,0.051961541175842285,0.1539408415555954,0.1444818377494812,0.010392308235168457,0.09236450493335724
1126,False,normal,0.9401259422302246,0.62241465,0.06782328337430954,0.13238684833049774,0.15560366213321686,0.013564656488597393,0.07943210899829864
1127,False,normal,0.9400088787078857,0.6683562,0.057445622980594635,0.11592049151659012,0.16708904504776,0.011489124968647957,0.06955229490995407
1128,False,normal,0.860176146030426,1.2126417,0.555877685546875,0.17960673570632935,0.30632084608078003,0.111175537109375,0.1077640414237976
1129,False,normal,0.8905311226844788,1.139342,0.16309502720832825,0.2168990522623062,0.28483548760414124,0.03261900693178177,0.13013943135738373
1130,False,normal,0.8946021199226379,1.0688312,0.1284523457288742,0.241349995136261,0.2672078013420105,0.0256904698908329,0.1448099970817566
1131,False,normal,0.8984100818634033,1.0264502,0.08485279232263565,0.25894007086753845,0.25661253929138184,0.01697055995464325,0.15536404252052308
1132,False,normal,0.8995038270950317,1.0191172,0.054772280156612396,0.27244508266448975,0.25477930903434753,0.010954456403851509,0.16346704959869385
1133,False,normal,0.8957991003990173,1.0026964,0.1086278110742569,0.2782106399536133,0.2506740987300873,0.02172556333243847,0.16692638397216797
1134,False,normal,0.893714189529419,1.0237676,0.11445525288581848,0.28096839785575867,0.25594189763069153,0.022891052067279816,0.1685810387134552
1135,False,normal,0.8926636576652527,1.0770794,0.07999998331069946,0.28349077701568604,0.2692698538303375,0.015999997034668922,0.17009446620941163
1136,False,normal,0.8884234428405762,1.1310173,0.08774962276220322,0.2858898639678955,0.2827543318271637,0.017549926415085793,0.1715339183807373
1137,False,normal,0.8848042488098145,1.172604,0.09899494051933289,0.287361741065979,0.29315099120140076,0.019798988476395607,0.1724170446395874
1138,False,normal,0.8808043599128723,1.2090492,0.1140175610780716,0.28760969638824463,0.30452460050582886,0.02280351333320141,0.17256581783294678
1139,False,normal,0.8817670345306396,1.2165936,0.09433980286121368,0.2840273380279541,0.308296799659729,0.018867962062358856,0.17041640281677245
1140,False,normal,0.8879411220550537,1.1941942,0.06000000238418579,0.27434810996055603,0.29854854941368103,0.012000001035630703,0.16460886597633362
1141,False,normal,0.8918164372444153,1.1328284,0.0860232338309288,0.2577503025531769,0.28320708870887756,0.01720464788377285,0.15465018153190613
1142,False,normal,0.8950376510620117,1.0747093,0.12449896335601807,0.23712971806526184,0.26867732405662537,0.024899793788790703,0.1422778308391571
1143,False,normal,0.900315523147583,1.0290287,0.13076695799827576,0.2130221277475357,0.2572571635246277,0.02615339122712612,0.1278132766485214
1144,False,normal,0.9085882306098938,0.98716766,0.09899494051933289,0.18574298918247223,0.24679191410541534,0.019798988476395607,0.11144579350948333
1145,False,normal,0.9172418117523193,0.92114055,0.08485281467437744,0.1568577140569687,0.2302851378917694,0.016970563679933548,0.09411462843418121
1146,False,normal,0.9256572127342224,0.86423373,0.06164414808154106,0.13087381422519684,0.21605843305587769,0.012328830547630787,0.0785242885351181
1147,False,normal,0.9312349557876587,0.84811556,0.03741654008626938,0.10792998224496841,0.21202890574932098,0.007483308203518391,0.06475798934698104
1148,False,normal,0.9293923377990723,0.8532877,0.05099017173051834,0.11210786551237106,0.21332192420959473,0.010198035277426243,0.06726471930742263
1149,False,normal,0.925459623336792,0.87943166,0.07549837231636047,0.11594612151384354,0.21985791623592377,0.01509967539459467,0.06956767290830612
1150,False,normal,0.9228875041007996,0.91815037,0.07348469644784927,0.1184728667140007,0.22953759133815765,0.0146969398483634,0.07108372002840042
1151,False,normal,0.9242548942565918,0.94371605,0.0316227450966835,0.1199263259768486,0.23592901229858398,0.006324549205601215,0.07195579558610916
1152,False,normal,0.9248862266540527,0.861162,0.08366598933935165,0.12513484060764313,0.21529050171375275,0.01673319935798645,0.07508090436458588
1153,False,normal,0.9289034008979797,0.81743497,0.054772261530160904,0.13249142467975616,0.20435874164104462,0.01095445267856121,0.07949485480785369
1154,False,normal,0.9304658770561218,0.79887426,0.03741656243801117,0.139985129237175,0.19971856474876404,0.007483312394469976,0.08399107754230499
1155,False,normal,0.925393283367157,0.83066237,0.07348468154668808,0.1431581825017929,0.2076655924320221,0.014696937054395676,0.08589490950107574
1156,False,normal,0.9190242886543274,0.89894384,0.10630149394273758,0.14015915989875793,0.22473596036434174,0.021260300651192665,0.08409549593925476
1157,False,normal,0.9221867322921753,0.93685645,0.044721316546201706,0.1325468122959137,0.23421411216259003,0.008944263681769371,0.07952808737754821
1158,False,normal,0.9267453551292419,0.93016124,0.009999990463256836,0.11974630504846573,0.2325403094291687,0.0019999982323497534,0.07184778302907943
1159,False,normal,0.9239263534545898,0.95126235,0.057445645332336426,0.10259464383125305,0.23781558871269226,0.01148912962526083,0.06155678629875183
1160,False,normal,0.9213122129440308,0.99543965,0.08366600424051285,0.08498239517211914,0.24885989725589752,0.0167332012206316,0.05098943710327148
1161,False,normal,0.9224954843521118,1.034843,0.05099014565348625,0.07502150535583496,0.25871074199676514,0.010198029689490795,0.045012903213500974
1162,False,normal,0.9171351194381714,1.0931149,0.0707106739282608,0.07701560854911804,0.27327871322631836,0.01414213515818119,0.046209365129470825
1163,False,normal,0.9156419038772583,1.130752,0.0435890294611454,0.086807481944561,0.2826879918575287,0.008717806078493595,0.0520844891667366
1164,False,normal,0.9129733443260193,1.1488255,0.04472137242555618,0.09892473369836807,0.28720638155937195,0.008944274857640266,0.05935484021902084
1165,False,normal,0.9006691575050354,1.2034534,0.1345362365245819,0.11507450044155121,0.30172669887542725,0.02690724842250347,0.06904470026493072
1166,False,normal,0.907453179359436,1.1783887,0.053851641714572906,0.12382221221923828,0.29459717869758606,0.010770329274237156,0.07429332733154297
1167,False,normal,0.905500590801239,1.1881919,0.06164415553212166,0.1301175206899643,0.2970479726791382,0.012328831478953362,0.07807051241397857
1168,False,normal,0.8919364809989929,1.2585707,0.11916372925043106,0.1400410681962967,0.32928532361984253,0.02383274771273136,0.08402464091777802
1169,False,normal,0.8835871815681458,1.3150666,0.11575838923454285,0.1528967171907425,0.3575332760810852,0.02315167710185051,0.0917380303144455
1170,False,normal,0.8784295916557312,1.3588231,0.0883176177740097,0.16744756698608398,0.379411518573761,0.01766352355480194,0.10046854019165039
1171,False,normal,0.8806288242340088,1.3403732,0.07348465919494629,0.1776096075773239,0.37018656730651855,0.014696932397782803,0.10656576454639434
1172,False,normal,0.8838106989860535,1.3309395,0.042426422238349915,0.18033245205879211,0.365469753742218,0.008485284633934498,0.10819947123527526
1173,False,normal,0.8692613840103149,1.3974262,0.12409667670726776,0.181275874376297,0.3987131118774414,0.02481933683156967,0.1087655246257782
1174,False,normal,0.8632569313049316,1.4479641,0.1224745362997055,0.17968325316905975,0.42398202419281006,0.02449490875005722,0.10780995190143584
1175,False,normal,0.8688035011291504,1.4235168,0.09899500012397766,0.17360267043113708,0.4117583632469177,0.01979900151491165,0.10416160225868225
1176,False,normal,0.8694238662719727,1.4500344,0.05099014565348625,0.17081311345100403,0.42501717805862427,0.010198029689490795,0.10248786807060241
1177,False,normal,0.8495571613311768,1.5335579,0.1726267784833908,0.17334266006946564,0.4667789340019226,0.03452535718679428,0.10400559604167937
1178,False,normal,0.8412522077560425,1.57423,0.21540655195713043,0.1734464019536972,0.48711496591567993,0.043081313371658325,0.10406784117221832
1179,False,normal,0.8598514795303345,1.4369761,0.21610181033611298,0.1609908789396286,0.4184880256652832,0.043220363557338715,0.09659452736377716
1180,False,normal,0.8724992275238037,1.4210207,0.09486835449934006,0.1479835957288742,0.4105103611946106,0.01897367276251316,0.08879015743732452
1181,False,normal,0.8723928928375244,1.385821,0.17720048129558563,0.1340787410736084,0.3929104804992676,0.035440098494291306,0.08044724464416504
1182,False,normal,0.8770556449890137,1.3638915,0.17000000178813934,0.12256603688001633,0.38194572925567627,0.03400000184774399,0.0735396221280098
1183,False,normal,0.8745617866516113,1.3996428,0.15937379002571106,0.11274852603673935,0.399821400642395,0.03187475726008415,0.0676491156220436
1184,False,normal,0.8819640874862671,1.0480936,0.5024937987327576,0.12369158864021301,0.262023389339447,0.10049876570701599,0.07421495318412781
1185,False,normal,0.9156225323677063,0.99949986,0.06403126567602158,0.14255324006080627,0.24987496435642242,0.012806253507733345,0.08553194403648376
1186,False,normal,0.7708191275596619,1.6891713,0.990908682346344,0.1559693068265915,0.544585645198822,0.19818174839019775,0.09358158409595489
1187,False,normal,0.8160676956176758,1.8116843,0.14866067469120026,0.1776852309703827,0.605842113494873,0.02973213605582714,0.1066111385822296
1188,False,normal,0.8092725276947021,1.4063427,0.9195651412010193,0.17472684383392334,0.4031713604927063,0.18391303718090057,0.104836106300354
1189,False,normal,0.8649864792823792,1.2822245,0.38196858763694763,0.17573177814483643,0.34111225605010986,0.076393723487854,0.10543906688690186
1190,False,normal,0.893563449382782,1.2546314,0.04242641106247902,0.17854712903499603,0.32731568813323975,0.008485282771289349,0.10712827742099762
1191,False,normal,0.8758376240730286,1.3439494,0.1300000101327896,0.17848926782608032,0.3719747066497803,0.026000002399086952,0.1070935606956482
1192,False,normal,0.8845981955528259,1.3060244,0.07549841701984406,0.1790531873703003,0.35301220417022705,0.015099683776497841,0.10743191242218017
1193,False,normal,0.8935229778289795,1.1681609,0.14866067469120026,0.18597829341888428,0.29204022884368896,0.02973213605582714,0.11158697605133057
1194,False,normal,0.9021483063697815,1.1402192,0.0458257794380188,0.1929255574941635,0.2850548028945923,0.009165155701339245,0.11575533449649811
1195,False,normal,0.896076500415802,1.0934807,0.15165749192237854,0.20172196626663208,0.2733701765537262,0.030331499874591827,0.12103317975997924
1196,False,normal,0.9045735001564026,1.0339246,0.0714142918586731,0.21208438277244568,0.25848114490509033,0.014282858930528164,0.1272506296634674
1197,False,normal,0.9006011486053467,1.0801389,0.08306627720594406,0.21383491158485413,0.2700347304344177,0.016613256186246872,0.12830094695091246
1198,False,normal,0.8969731330871582,1.122987,0.1039230152964592,0.20871610939502716,0.2807467579841614,0.02078460343182087,0.1252296656370163
1199,False,normal,0.8896390199661255,1.1065261,0.21424290537834167,0.20945748686790466,0.27663153409957886,0.042848579585552216,0.1256744921207428
1200,False,normal,0.8985438346862793,1.0923827,0.10630148649215698,0.2100805789232254,0.27309566736221313,0.021260298788547516,0.12604834735393525
1201,False,normal,0.8893383741378784,1.0627323,0.2507987320423126,0.21192458271980286,0.2656830847263336,0.050159748643636703,0.1271547496318817
1202,False,normal,0.9005955457687378,0.9954898,0.14966624975204468,0.21634475886821747,0.24887244403362274,0.029933249577879906,0.12980685532093048
1203,False,normal,0.9084162712097168,0.9140022,0.10392306745052338,0.22220303118228912,0.22850054502487183,0.020784614607691765,0.13332181870937346
1204,False,normal,0.9008921980857849,1.0214696,0.11313710361719131,0.22317224740982056,0.2553673982620239,0.022627422586083412,0.13390334844589233
1205,False,normal,0.9047706127166748,0.9619252,0.10816652327775955,0.22497156262397766,0.24048130214214325,0.02163330651819706,0.1349829375743866
1206,False,normal,0.8952867984771729,0.60448325,0.5246903896331787,0.2298436462879181,0.15112081170082092,0.1049380823969841,0.13790618777275085
1207,False,normal,0.8753419518470764,0.819329,0.6888396143913269,0.18155847489833832,0.2048322707414627,0.13776792585849762,0.10893508493900299
1208,False,normal,0.8571599721908569,1.2777324,0.499299556016922,0.17230021953582764,0.3388661742210388,0.09985991567373276,0.10338013172149658
1209,False,normal,0.8939549922943115,1.1994165,0.14491380751132965,0.1684410125017166,0.2998541295528412,0.02898276224732399,0.10106460750102997
1210,False,normal,0.8896698951721191,0.80280757,0.5241183042526245,0.1737145483493805,0.20070189237594604,0.10482366383075714,0.10422872900962829
1211,False,normal,0.8756430745124817,0.8892694,0.6542934775352478,0.16421301662921906,0.22231735289096832,0.13085870444774628,0.09852780997753142
1212,False,normal,0.8623363375663757,1.2177439,0.5532630681991577,0.1579245775938034,0.30887192487716675,0.1106526181101799,0.09475474655628204
1213,False,normal,0.8557714223861694,1.2948359,0.4998999834060669,0.16568000614643097,0.347417950630188,0.09997999668121338,0.09940800368785858
1214,False,normal,0.8280318975448608,1.4463058,0.5827521085739136,0.18727900087833405,0.4231528639793396,0.11655042320489883,0.11236740052700042
1215,False,normal,0.8271101117134094,1.5779417,0.32388269901275635,0.2196330726146698,0.4889708161354065,0.06477654725313187,0.13177984356880187
1216,False,normal,0.8317480087280273,1.5647364,0.24556058645248413,0.24369055032730103,0.4823681712150574,0.049112122505903244,0.1462143301963806
1217,False,normal,0.8332764506340027,1.5521276,0.21610184013843536,0.2624996602535248,0.4760637879371643,0.04322037100791931,0.15749979615211487
1218,False,normal,0.8474838137626648,1.2716918,0.4910193085670471,0.2644021213054657,0.3358458876609802,0.0982038676738739,0.1586412727832794
1219,False,normal,0.8512029051780701,0.9012769,0.802184522151947,0.26919543743133545,0.22531922161579132,0.16043691337108612,0.16151726245880127
1220,False,normal,0.8808242678642273,0.86827415,0.4256759583950043,0.2748575210571289,0.21706853806972504,0.08513519167900085,0.16491451263427734
1221,False,normal,0.8969881534576416,0.7521303,0.2894822657108307,0.28577086329460144,0.1880325824022293,0.0578964538872242,0.17146251797676085
1222,False,normal,0.8707503080368042,0.859593,0.5435070991516113,0.2896842062473297,0.2148982435464859,0.1087014228105545,0.1738105237483978
1223,False,normal,0.8748291730880737,1.0155294,0.36276713013648987,0.2874390184879303,0.25388234853744507,0.07255343347787857,0.17246341109275817
1224,False,normal,0.9004429578781128,0.924608,0.09380832314491272,0.2894449830055237,0.2311519980430603,0.018761666491627693,0.17366698980331421
1225,False,normal,0.8870266675949097,0.72560316,0.4230839014053345,0.29909855127334595,0.18140079081058502,0.08461678773164749,0.17945913076400757
1226,False,normal,0.9139575362205505,0.60024995,0.1679285615682602,0.2994350790977478,0.15006248652935028,0.03358571231365204,0.17966104745864866
1227,False,normal,0.9022033214569092,0.5547071,0.3361547291278839,0.3159654140472412,0.13867677748203278,0.0672309473156929,0.18957924842834473
1228,False,normal,0.870175838470459,0.8866228,0.4892852008342743,0.31428205966949463,0.2216557115316391,0.0978570505976677,0.18856923580169677
1229,False,normal,0.8537485599517822,1.2404032,0.37802115082740784,0.31541210412979126,0.320201575756073,0.07560423016548157,0.18924726247787474
1230,False,normal,0.827479362487793,1.4020699,0.4527692496776581,0.31920191645622253,0.401034951210022,0.09055385738611221,0.1915211498737335
1231,False,normal,0.8416591882705688,1.3891364,0.27910569310188293,0.32304832339286804,0.39456820487976074,0.05582113936543465,0.19382899403572082
1232,False,normal,0.8578407168388367,1.3489997,0.12449904531240463,0.32664066553115845,0.3744998574256897,0.024899810552597046,0.19598439931869507
1233,False,normal,0.8363487720489502,1.4050267,0.31128761172294617,0.33063623309135437,0.402513325214386,0.06225752457976341,0.1983817398548126
1234,False,normal,0.8257284164428711,1.5357735,0.22693617641925812,0.33566421270370483,0.467886745929718,0.04538723826408386,0.2013985276222229
1235,False,normal,0.8409165143966675,1.4828688,0.12206558138132095,0.3297497034072876,0.441434383392334,0.02441311627626419,0.19784982204437254
1236,False,normal,0.8343551158905029,1.3162826,0.507641613483429,0.3169701099395752,0.35814130306243896,0.10152833163738251,0.19018206596374512
1237,False,normal,0.8204833269119263,1.3568345,0.6429619193077087,0.305751770734787,0.3784172534942627,0.128592386841774,0.1834510624408722
1238,False,normal,0.8042677044868469,1.5427897,0.5278257131576538,0.31913891434669495,0.4713948369026184,0.105565145611763,0.19148334860801697
1239,False,normal,0.7726221680641174,1.8191206,0.4384062588214874,0.35089391469955444,0.6095603108406067,0.08768125623464584,0.21053634881973265
1240,False,normal,0.7693162560462952,1.9423182,0.2240535467863083,0.38408276438713074,0.6711590886116028,0.044810712337493896,0.23044965863227843
1241,False,normal,0.5539379715919495,1.7155174,3.0187079906463623,0.38467246294021606,0.5577586889266968,0.4735666513442993,0.23080347776412963
1242,False,normal,0.7142956256866455,0.680147,1.9886175394058228,0.39568376541137695,0.17003674805164337,0.3558420240879059,0.23741025924682616
1243,True,sudden,0.518845796585083,2.979228,2.751835823059082,0.5429741740226746,0.8468841910362244,0.44306695461273193,0.3171896696090698
1244,False,normal,0.67143714427948,0.5646238,2.5070700645446777,0.5621537566184998,0.14115594327449799,0.41509371995925903,0.3248615026473999
1245,False,normal,0.800523579120636,0.92010874,1.0360502004623413,0.5533232092857361,0.2300271838903427,0.20721004903316498,0.3213292837142944
1246,False,normal,0.581904411315918,1.7295665,2.2839438915252686,0.5327911972999573,0.5647832155227661,0.38959360122680664,0.3131164789199829
1247,False,normal,0.6800589561462402,2.3994374,0.8904492855072021,0.5397307872772217,0.7599155902862549,0.17808987200260162,0.31589231491088865
1248,False,normal,0.7369765043258667,1.7111984,0.8295179009437561,0.5238729119300842,0.5555992126464844,0.16590359807014465,0.3095491647720337
1249,False,normal,0.7911695837974548,1.2617844,0.8565629124641418,0.5233144760131836,0.3308922052383423,0.1713125854730606,0.3093257904052734
1250,False,normal,0.7842534184455872,1.346774,0.8062877655029297,0.5241028070449829,0.3733869791030884,0.1612575650215149,0.30964112281799316
1251,False,normal,0.845122218132019,1.1712387,0.2580697536468506,0.5290012955665588,0.2928096652030945,0.051613952964544296,0.31160051822662355
1252,False,normal,0.8512321710586548,0.9308061,0.3619392216205597,0.5430877804756165,0.23270152509212494,0.07238785177469254,0.3172351121902466
1253,False,normal,0.8699967265129089,0.7518643,0.23600850999355316,0.5663889050483704,0.18796609342098236,0.04720170423388481,0.32655556201934816
1254,False,normal,0.8655475974082947,0.7880355,0.24596747756004333,0.5844076871871948,0.1970088928937912,0.049193497747182846,0.33376307487487794
1255,False,normal,0.8485468029975891,1.020637,0.2722131907939911,0.5905925035476685,0.25515925884246826,0.0544426403939724,0.33623700141906737
1256,False,normal,0.8484715819358826,1.1595689,0.1552417278289795,0.5926529169082642,0.2898922264575958,0.031048348173499107,0.33706116676330566
1257,False,normal,0.8455579280853271,1.1372335,0.21000000834465027,0.5951867699623108,0.28430837392807007,0.04200000315904617,0.33807470798492434
1258,False,normal,0.8565998077392578,1.0799999,0.10816653072834015,0.5973458290100098,0.26999998092651367,0.02163330651819706,0.3389383316040039
1259,False,normal,0.8619019389152527,1.0216163,0.09219544380903244,0.591654896736145,0.2554040849208832,0.018439089879393578,0.336661958694458
1260,False,normal,0.8686053156852722,0.98812956,0.045825742185115814,0.5774954557418823,0.24703238904476166,0.009165149182081223,0.33099818229675293
1261,False,normal,0.8681007623672485,0.9906059,0.05744563043117523,0.5709746479988098,0.24765147268772125,0.011489126831293106,0.3283898591995239
1262,False,normal,0.8667096495628357,1.024939,0.0599999874830246,0.559145987033844,0.256234735250473,0.011999998241662979,0.3236583948135376
1263,False,normal,0.8810522556304932,1.0416334,0.08660255372524261,0.394586980342865,0.26040834188461304,0.017320511862635612,0.23675218820571897
1264,False,normal,0.8879676461219788,1.0223013,0.04582575336098671,0.37251338362693787,0.2555753290653229,0.009165151044726372,0.22350803017616272
1265,False,normal,0.8849236965179443,0.9731392,0.1300000101327896,0.37087568640708923,0.24328480660915375,0.026000002399086952,0.22252541184425353
1266,False,normal,0.8937632441520691,0.9546203,0.05916079506278038,0.351132869720459,0.23865507543087006,0.01183215994387865,0.21067972183227537
1267,False,normal,0.9036036133766174,0.9681942,0.15779735147953033,0.2004120796918869,0.24204854667186737,0.03155947104096413,0.12024724781513213
1268,False,normal,0.9091206192970276,1.0596697,0.11180339008569717,0.13553951680660248,0.26491743326187134,0.022360678762197495,0.08132371008396148
1269,False,normal,0.9094679951667786,1.0661144,0.11789826303720474,0.12547920644283295,0.2665286064147949,0.023579653352499008,0.07528752386569977
1270,False,normal,0.9171515703201294,0.9614052,0.14035668969154358,0.10194854438304901,0.24035130441188812,0.028071338310837746,0.0611691266298294
1271,False,normal,0.919567883014679,0.9117017,0.1584298014640808,0.09640446305274963,0.22792541980743408,0.0316859632730484,0.05784267783164978
1272,False,normal,0.9178280234336853,0.9579144,0.14422203600406647,0.09571408480405807,0.23947860300540924,0.028844406828284264,0.05742845088243484
1273,False,normal,0.9178455471992493,1.0383642,0.1048809066414833,0.07825517654418945,0.2595910429954529,0.02097618207335472,0.04695310592651367
1274,False,normal,0.9236751198768616,1.0343114,0.06000000238418579,0.05983700603246689,0.2585778534412384,0.012000001035630703,0.035902203619480134
1275,False,normal,0.9258559942245483,0.9795407,0.07549836486577988,0.0605025514960289,0.2448851764202118,0.01509967353194952,0.03630153089761734
1276,False,normal,0.924636960029602,0.9544632,0.1252996325492859,0.05259687080979347,0.23861579596996307,0.025059927254915237,0.03155812248587608
1277,False,normal,0.9298756718635559,0.97790587,0.04999997094273567,0.04379364848136902,0.24447645246982574,0.009999994188547134,0.02627618908882141
1278,False,normal,0.9311902523040771,0.900944,0.09486830979585648,0.04488004371523857,0.2252359837293625,0.018973663449287415,0.026928026229143143
1279,False,normal,0.9295352697372437,0.9184225,0.09899496287107468,0.046989139169454575,0.22960563004016876,0.019798992201685905,0.028193483501672743
1280,False,normal,0.9179656505584717,1.0303397,0.1584298014640808,0.04796547815203667,0.25758492946624756,0.0316859632730484,0.028779286891222
1281,False,normal,0.9239327311515808,0.9413288,0.1513274759054184,0.04903871566057205,0.2353322058916092,0.03026549518108368,0.02942322939634323
1282,False,normal,0.9024856090545654,1.144596,0.25099796056747437,0.05960257723927498,0.2861489951610565,0.05019959434866905,0.03576154634356499
1283,False,normal,0.9199329018592834,1.0735456,0.07483311742544174,0.0613165907561779,0.2683863937854767,0.014966623857617378,0.03678995445370674
1284,False,normal,0.922573983669281,1.0022974,0.09949871897697449,0.061000000685453415,0.25057435035705566,0.019899744540452957,0.036600000411272045
1285,False,normal,0.9277546405792236,1.0030454,0.029999999329447746,0.06087494641542435,0.25076135993003845,0.006000000052154064,0.03652496784925461
1286,False,normal,0.9202303886413574,1.0387492,0.10049876570701599,0.06091952323913574,0.25968730449676514,0.020099753513932228,0.036551713943481445
1287,False,normal,0.9261102080345154,1.020784,0.03741658851504326,0.06070469692349434,0.2551960051059723,0.007483317982405424,0.0364228181540966
1288,False,normal,0.9286297559738159,0.9988994,0.024494878947734833,0.05918240174651146,0.2497248500585556,0.004898976068943739,0.035509441047906876
1289,False,normal,0.9231441020965576,1.0316491,0.07280109822750092,0.05764809995889664,0.257912278175354,0.014560219831764698,0.034588859975337984
1290,False,normal,0.9258003830909729,1.0383159,0.03162280470132828,0.05777652934193611,0.25957897305488586,0.006324561312794685,0.03466591760516167
1291,False,normal,0.9268668293952942,1.0074224,0.04898980259895325,0.05412508547306061,0.25185561180114746,0.009797961451113224,0.03247505128383636
1292,False,normal,0.9299683570861816,1.0016487,0.014142129570245743,0.05306616425514221,0.2504121661186218,0.002828426193445921,0.03183969855308533
1293,False,normal,0.9221007823944092,1.0566456,0.07211102545261383,0.05375448614358902,0.2641614079475403,0.014422206208109856,0.03225269168615341
1294,False,normal,0.9245016574859619,1.0489042,0.04582574591040611,0.05420729145407677,0.26222604513168335,0.009165149182081223,0.03252437487244606
1295,False,normal,0.9251784682273865,0.97396094,0.09899496287107468,0.054369594901800156,0.24349023401737213,0.019798992201685905,0.03262175694108009
1296,False,normal,0.9253716468811035,1.0264503,0.0547722689807415,0.05306049436330795,0.2566125690937042,0.010954453609883785,0.03183629661798477
1297,False,normal,0.9232410192489624,1.0708874,0.04472137242555618,0.053953640162944794,0.26772186160087585,0.008944274857640266,0.032372184097766876
1298,False,normal,0.9265190362930298,1.020833,0.0538516640663147,0.04700041189789772,0.25520825386047363,0.010770333930850029,0.02820024713873863
1299,False,normal,0.9298059940338135,1.0012991,0.03605549409985542,0.040905535221099854,0.2503247857093811,0.007211098913103342,0.02454332113265991
1300,False,normal,0.9300137162208557,0.99528885,0.037416595965623856,0.04145409166812897,0.24882221221923828,0.007483319379389286,0.02487245500087738
1301,False,normal,0.9302496910095215,1.0089103,0.030000001192092896,0.037028227001428604,0.2522275745868683,0.0060000005178153515,0.02221693620085716
1302,False,normal,0.932319164276123,1.0036434,0.024494890123605728,0.025966603308916092,0.25091084837913513,0.0048989783972501755,0.015579961985349654
1303,False,normal,0.9337252974510193,0.9984488,0.014142129570245743,0.023425109684467316,0.24961219727993011,0.002828426193445921,0.01405506581068039
1304,False,normal,0.932007372379303,1.0165628,0.0223606638610363,0.02317005954682827,0.254140704870224,0.0044721332378685474,0.013902035728096961
1305,False,normal,0.93152916431427,1.0246463,0.022360702976584435,0.022944677621126175,0.25616157054901123,0.004472140688449144,0.013766806572675705
1306,False,normal,0.9306341409683228,1.0157263,0.042426396161317825,0.02250826731324196,0.25393158197402954,0.008485279977321625,0.013504960387945174
1307,False,normal,0.9332517981529236,0.9891916,0.028284307569265366,0.023353414610028267,0.24729789793491364,0.005656861700117588,0.014012048766016959
1308,False,normal,0.9263231754302979,1.0526632,0.06633249670267105,0.024253541603684425,0.26316580176353455,0.01326650008559227,0.014552124962210655
1309,False,normal,0.9290794134140015,1.0022974,0.07141424715518951,0.024340994656085968,0.25057435035705566,0.014282849617302418,0.01460459679365158
1310,False,normal,0.932966947555542,1.0022974,0.019999999552965164,0.02407916635274887,0.25057435035705566,0.004000000189989805,0.014447499811649321
1311,False,normal,0.9327535033226013,0.99282426,0.03000003471970558,0.024541489779949188,0.24820606410503387,0.006000007502734661,0.014724893867969512
1312,False,normal,0.9279632568359375,1.0422091,0.05196153372526169,0.025012819096446037,0.2605522871017456,0.010392307303845882,0.015007691457867622
1313,False,normal,0.931505024433136,1.0241582,0.02236066199839115,0.02340032532811165,0.256039559841156,0.004472132306545973,0.014040195196866988
1314,False,normal,0.931882381439209,1.0022475,0.03741659224033356,0.02225765399634838,0.2505618631839752,0.007483318913727999,0.013354592397809029
1315,False,normal,0.9332711100578308,1.011583,0.014142170548439026,0.020369278267025948,0.2528957426548004,0.002828434109687805,0.012221566960215568
1316,False,normal,0.9326765537261963,1.0115335,0.02236071228981018,0.020212825387716293,0.2528833746910095,0.004472142551094294,0.012127695232629776
1317,False,normal,0.9311744570732117,1.0102475,0.05099020153284073,0.015506736934185028,0.25256186723709106,0.01019804086536169,0.009304042160511016
1318,False,normal,0.93386310338974,0.99889934,0.02449488639831543,0.015571389347314835,0.24972482025623322,0.004898977465927601,0.0093428336083889
1319,False,normal,0.9344074726104736,1.0078194,0.009999990463256836,0.015448685735464096,0.2519548535346985,0.0019999982323497534,0.009269211441278458
1320,False,normal,0.9331033229827881,1.0145935,0.022360673174262047,0.015062649734318256,0.2536483705043793,0.004472134634852409,0.009037589840590953
1321,False,normal,0.9338304400444031,1.0090095,0.017320511862635612,0.015061805956065655,0.25225237011909485,0.0034641025122255087,0.009037083573639393
1322,False,normal,0.9334768056869507,0.99704564,0.03162276744842529,0.015301277860999107,0.24926140904426575,0.006324553396552801,0.009180766716599464
1323,False,normal,0.9336641430854797,1.0055844,0.0223606638610363,0.015081405639648438,0.2513960897922516,0.0044721332378685474,0.009048843383789062
1324,False,normal,0.9323796629905701,1.0232302,0.024494901299476624,0.01526099257171154,0.2558075487613678,0.004898980725556612,0.009156595543026924
1325,False,normal,0.9328720569610596,1.0275213,0.014142129570245743,0.015393435023725033,0.2568803131580353,0.002828426193445921,0.00923606101423502
1326,False,normal,0.9322635531425476,1.035664,0.014142127707600594,0.016223467886447906,0.2589159905910492,0.00282842549495399,0.009734080731868744
1327,False,normal,0.932919442653656,1.0265476,0.014142129570245743,0.01550584752112627,0.2566368877887726,0.002828426193445921,0.009303508512675761
1328,False,normal,0.9336992502212524,0.99523866,0.03316621854901314,0.01342407613992691,0.24880965054035187,0.0066332439891994,0.008054445683956146
1329,False,normal,0.9344964027404785,0.98397154,0.030000025406479836,0.014628376811742783,0.24599288403987885,0.0060000051744282246,0.00877702608704567
1330,False,normal,0.9354088306427002,0.99252206,0.010000050067901611,0.015071306377649307,0.24813051521778107,0.0020000101067125797,0.009042783826589584
1331,False,normal,0.934899091720581,0.9960422,0.014142122119665146,0.014896602369844913,0.24901054799556732,0.0028284243308007717,0.008937961421906948
1332,False,normal,0.936146080493927,0.9960422,0.0,0.013344157487154007,0.24901054799556732,0.0,0.008006494492292404
1333,False,normal,0.9342502951622009,1.0002999,0.022360676899552345,0.012949401512742043,0.25007498264312744,0.004472135566174984,0.007769640907645225
1334,False,normal,0.9315624833106995,1.0258167,0.036055490374565125,0.013498418964445591,0.2564541697502136,0.007211098447442055,0.008099051378667354
1335,False,normal,0.9301210641860962,1.0151848,0.06403125822544098,0.013562748208642006,0.25379619002342224,0.01280625257641077,0.008137648925185204
1336,False,normal,0.933397650718689,0.98888826,0.04123106598854065,0.014204069972038269,0.24722205102443695,0.00824621319770813,0.008522441983222962
1337,False,normal,0.9316312670707703,1.0155294,0.042426396161317825,0.01430131308734417,0.25388234853744507,0.008485279977321625,0.0085807878524065
1338,False,normal,0.9337064027786255,1.0066776,0.02236068993806839,0.014159785583615303,0.25166940689086914,0.0044721378944814205,0.008495871350169182
1339,False,normal,0.9348459839820862,0.98407316,0.024494877085089684,0.015102854929864407,0.24601827561855316,0.004898975603282452,0.009061712957918643
1340,False,normal,0.9344241619110107,0.99302566,0.02236068993806839,0.015289164148271084,0.2482564002275467,0.0044721378944814205,0.00917349848896265
1341,False,normal,0.9344761371612549,1.0020479,0.014142128638923168,0.015293557196855545,0.2505119740962982,0.0028284257277846336,0.009176134318113326
1342,False,normal,0.9340842962265015,0.9886354,0.030000001192092896,0.015633394941687584,0.24715884029865265,0.0060000005178153515,0.00938003696501255
1343,False,normal,0.9285622239112854,1.020882,0.07615772634744644,0.016006819903850555,0.255220502614975,0.015231546014547348,0.009604091942310333
1344,False,normal,0.9335417151451111,1.020833,0.009999999776482582,0.01588505692780018,0.25520825386047363,0.0020000000949949026,0.009531034156680107
1345,False,normal,0.9335314631462097,1.0171038,0.014142122119665146,0.015324256382882595,0.25427594780921936,0.0028284243308007717,0.009194553829729557
1346,False,normal,0.9323645830154419,1.0273266,0.02236066199839115,0.01458692830055952,0.25683164596557617,0.004472132306545973,0.008752156980335712
1347,False,normal,0.9331468939781189,1.0136074,0.024494890123605728,0.013879303820431232,0.25340184569358826,0.0048989783972501755,0.00832758229225874
1348,False,normal,0.9344785809516907,0.9948366,0.022360658273100853,0.01389253418892622,0.24870915710926056,0.0044721318408846855,0.008335520513355732
1349,False,normal,0.9348707795143127,0.99985,0.014142128638923168,0.01314955297857523,0.24996249377727509,0.0028284257277846336,0.007889731787145138
1350,False,normal,0.9343650341033936,1.0085137,0.014142128638923168,0.012851682491600513,0.2521284222602844,0.0028284257277846336,0.0077110094949603076
1351,False,normal,0.9347010850906372,1.0084642,0.009999999776482582,0.01266581378877163,0.25211605429649353,0.0020000000949949026,0.007599488273262977
1352,False,normal,0.9350389838218689,1.0034441,0.009999990463256836,0.012464826926589012,0.2508610188961029,0.0019999982323497534,0.007478896155953407
1353,False,normal,0.9350281357765198,0.9985489,0.014142128638923168,0.012515882030129433,0.24963723123073578,0.0028284257277846336,0.007509529218077659
1354,False,normal,0.9351241588592529,1.0034939,0.009999990463256836,0.011728758923709393,0.25087347626686096,0.0019999982323497534,0.007037255354225635
1355,False,normal,0.9342737793922424,1.0123241,0.014142128638923168,0.011627374216914177,0.2530810236930847,0.0028284257277846336,0.006976424530148506
1356,False,normal,0.9334006309509277,1.025963,0.014142122119665146,0.011800414882600307,0.2564907371997833,0.0028284243308007717,0.007080248929560184
1357,False,normal,0.9336890578269958,1.020882,0.014142128638923168,0.012043151073157787,0.255220502614975,0.0028284257277846336,0.007225890643894672
1358,False,normal,0.9342868328094482,1.0160216,0.009999990463256836,0.01218160055577755,0.25400540232658386,0.0019999982323497534,0.007308960333466529
1359,False,normal,0.934989333152771,1.0072736,0.009999990463256836,0.010884012095630169,0.25181838870048523,0.0019999982323497534,0.006530407257378101
1360,False,normal,0.9358150362968445,1.0072736,0.0,0.010253050364553928,0.25181838870048523,0.0,0.0061518302187323565
1361,False,normal,0.9334812164306641,1.0089103,0.029999984428286552,0.010099339298903942,0.2522275745868683,0.00599999725818634,0.006059603579342365
1362,False,normal,0.9358847737312317,1.0089103,0.0,0.008819385431706905,0.2522275745868683,0.0,0.005291631259024143
1363,False,normal,0.9337541460990906,1.0191664,0.019999980926513672,0.008732940070331097,0.25479158759117126,0.003999996464699507,0.005239764042198658
1364,False,normal,0.9350714087486267,1.0106434,0.009999990463256836,0.008444913662970066,0.2526608407497406,0.0019999982323497534,0.00506694819778204
1365,False,normal,0.9336322546005249,1.0212737,0.020000040531158447,0.008651182055473328,0.25531843304634094,0.004000008571892977,0.005190709233283996
1366,False,normal,0.9340506196022034,1.0266937,0.009999990463256836,0.008591759018599987,0.2566734254360199,0.0019999982323497534,0.005155055411159992
1367,False,normal,0.9332221746444702,1.0070254,0.03741656243801117,0.00860415305942297,0.25175634026527405,0.007483312394469976,0.005162491835653781
1368,False,normal,0.9361158609390259,1.0070254,0.0,0.007875681854784489,0.25175634026527405,0.0,0.004725409112870693
1369,False,normal,0.9352716207504272,1.0040418,0.014142164029181004,0.0076257106848061085,0.2510104477405548,0.0028284327127039433,0.004575426410883665
1370,False,normal,0.9343938827514648,1.01789,0.014142164029181004,0.007727865595370531,0.2544724941253662,0.0028284327127039433,0.004636719357222319
1371,False,normal,0.9347368478775024,1.0124723,0.014142128638923168,0.007691593840718269,0.2531180679798126,0.0028284257277846336,0.004614956304430961
1372,False,normal,0.935084879398346,1.007224,0.014142128638923168,0.007524552755057812,0.25180599093437195,0.0028284257277846336,0.004514731653034687
1373,False,normal,0.9353222250938416,1.004241,0.014142164029181004,0.007100312039256096,0.25106024742126465,0.0028284327127039433,0.004260187223553658
1374,False,normal,0.936388373374939,1.004241,0.0,0.007054983172565699,0.25106024742126465,0.0,0.004232989903539419
1375,False,normal,0.9348772764205933,1.0074722,0.017320530489087105,0.007138916291296482,0.25186803936958313,0.003464106237515807,0.004283349774777889
1376,False,normal,0.9348434805870056,1.0132127,0.014142128638923168,0.006417095195502043,0.2533031702041626,0.0028284257277846336,0.0038502571173012253
1377,False,normal,0.9353668093681335,1.005286,0.014142172411084175,0.006184522062540054,0.2513214945793152,0.0028284345753490925,0.0037107132375240326
1378,False,normal,0.9344632625579834,1.0074722,0.024494914337992668,0.0061048162169754505,0.25186803936958313,0.0048989830538630486,0.0036628897301852702
1379,False,normal,0.9341092109680176,1.0210289,0.01732049696147442,0.006478655152022839,0.2552572190761566,0.003464099718257785,0.003887193091213703
1380,False,normal,0.9345182180404663,1.0180864,0.014142122119665146,0.0065890769474208355,0.25452160835266113,0.0028284243308007717,0.003953446168452501
1381,False,normal,0.935351550579071,1.0097524,0.010000050067901611,0.00657432759180665,0.25243809819221497,0.0020000101067125797,0.00394459655508399
1382,False,normal,0.9345671534538269,1.0103465,0.019999999552965164,0.006551727652549744,0.25258663296699524,0.004000000189989805,0.003931036591529846
1383,False,normal,0.936093807220459,1.0103465,0.0,0.006329390220344067,0.25258663296699524,0.0,0.0037976341322064396
1384,False,normal,0.9360935688018799,1.0103465,0.0,0.006331233773380518,0.25258663296699524,0.0,0.0037987402640283106
1385,False,normal,0.9347386956214905,1.0058329,0.022360675036907196,0.005997407250106335,0.25145822763442993,0.004472135100513697,0.0035984443500638006
1386,False,normal,0.9352851510047913,1.0141991,0.010000050067901611,0.004811791703104973,0.2535497844219208,0.0020000101067125797,0.0028870750218629834
1387,False,normal,0.9360302090644836,1.0141991,0.0,0.004853042773902416,0.2535497844219208,0.0,0.0029118256643414497
1388,False,normal,0.9346798062324524,1.0225948,0.009999990463256836,0.005483416374772787,0.2556487023830414,0.0019999982323497534,0.0032900498248636723
1389,False,normal,0.9352556467056274,1.0088112,0.014142122119665146,0.005274737719446421,0.2522028088569641,0.0028284243308007717,0.0031648426316678523
1390,False,normal,0.9356234669685364,1.0082659,0.009999997913837433,0.005082791671156883,0.2520664632320404,0.0019999996293336153,0.00304967500269413
1391,False,normal,0.9359250068664551,1.0029457,0.010000050067901611,0.005340927746146917,0.25073641538619995,0.0020000101067125797,0.0032045566476881504
1392,False,normal,0.9366509318351746,1.0029457,0.0,0.005541563965380192,0.25073641538619995,0.0,0.003324938379228115
1393,False,normal,0.9355857372283936,1.0082659,0.010000050067901611,0.005397012922912836,0.2520664632320404,0.0020000101067125797,0.0032382077537477017
1394,False,normal,0.9352654218673706,1.0136567,0.009999990463256836,0.005258357618004084,0.25341418385505676,0.0019999982323497534,0.0031550145708024503
1395,False,normal,0.9352968335151672,1.0132127,0.010000001639127731,0.005228004883974791,0.2533031702041626,0.0020000003278255463,0.0031368029303848743
1396,False,normal,0.935631513595581,1.0078195,0.009999990463256836,0.005248053930699825,0.2519548833370209,0.0019999982323497534,0.003148832358419895
1397,False,normal,0.9356176257133484,1.0082659,0.010000001639127731,0.005131224635988474,0.2520664632320404,0.0020000003278255463,0.003078734781593084
1398,False,normal,0.9350026845932007,1.0132127,0.014142129570245743,0.005090744700282812,0.2533031702041626,0.002828426193445921,0.003054446820169687
1399,False,normal,0.936122477054596,1.0132127,0.0,0.004597872029989958,0.2533031702041626,0.0,0.0027587232179939747
1400,False,normal,0.9347394704818726,1.018332,0.014142128638923168,0.004617557395249605,0.2545830011367798,0.0028284257277846336,0.002770534437149763
1401,False,normal,0.9350569248199463,1.0132127,0.014142128638923168,0.004638783633708954,0.2533031702041626,0.0028284257277846336,0.0027832701802253724
1402,False,normal,0.935387372970581,1.0128672,0.009999999776482582,0.0046535031870007515,0.25321680307388306,0.0020000000949949026,0.002792101912200451
1403,False,normal,0.9353636503219604,1.0132127,0.009999999776482582,0.0046713510528206825,0.2533031702041626,0.0020000000949949026,0.0028028106316924095
1404,False,normal,0.9353331327438354,1.0136567,0.010000001639127731,0.0046942648477852345,0.25341418385505676,0.0020000003278255463,0.0028165589086711408
1405,False,normal,0.9353810548782349,1.0132127,0.010000001639127731,0.004526367876678705,0.2533031702041626,0.0020000003278255463,0.002715820726007223
1406,False,normal,0.9357127547264099,1.0078195,0.009999990463256836,0.0045709856785833836,0.2519548833370209,0.0019999982323497534,0.0027425914071500302
1407,False,normal,0.9364601373672485,1.0078195,0.0,0.004593072459101677,0.2519548833370209,0.0,0.002755843475461006
1408,False,normal,0.9354664087295532,1.0132127,0.009999990463256836,0.0038152143824845552,0.2533031702041626,0.0019999982323497534,0.002289128629490733
1409,False,normal,0.9354877471923828,1.0128672,0.009999999776482582,0.003817330114543438,0.25321680307388306,0.0020000000949949026,0.0022903980687260625
1410,False,normal,0.9351133704185486,1.018332,0.009999990463256836,0.0040905592031776905,0.2545830011367798,0.0019999982323497534,0.002454335521906614
1411,False,normal,0.9358900785446167,1.018332,0.0,0.0038682473823428154,0.2545830011367798,0.0,0.002320948429405689
1412,False,normal,0.9359383583068848,1.018332,0.0,0.003465588204562664,0.2545830011367798,0.0,0.002079352922737598
1413,False,normal,0.9359365701675415,1.018332,0.0,0.003480735467746854,0.2545830011367798,0.0,0.0020884412806481123
1414,False,normal,0.935143232345581,1.0186757,0.009999999776482582,0.003663028357550502,0.2546689212322235,0.0020000000949949026,0.002197817014530301
1415,False,normal,0.935364305973053,1.01,0.014142170548439026,0.0037501517217606306,0.2524999976158142,0.002828434109687805,0.0022500910330563785
1416,False,normal,0.9364416003227234,1.01,0.0,0.0036115015391260386,0.2524999976158142,0.0,0.002166900923475623
1417,False,normal,0.9351809620857239,1.018332,0.010000050067901611,0.0035271611995995045,0.2545830011367798,0.0020000101067125797,0.0021162967197597025
1418,False,normal,0.9359181523323059,1.018332,0.0,0.0036340809892863035,0.2545830011367798,0.0,0.002180448593571782
1419,False,normal,0.935907781124115,1.018332,0.0,0.003720373846590519,0.2545830011367798,0.0,0.0022322243079543115
1420,False,normal,0.935907781124115,1.018332,0.0,0.003720373846590519,0.2545830011367798,0.0,0.0022322243079543115
1421,False,normal,0.9354984760284424,1.0128672,0.009999990463256836,0.0037278509698808193,0.25321680307388306,0.0019999982323497534,0.0022367105819284913
1422,False,normal,0.9354777336120605,1.0132127,0.009999999776482582,0.0037203740794211626,0.2533031702041626,0.0020000000949949026,0.0022322244476526976
1423,False,normal,0.9351263046264648,1.0186757,0.009999990463256836,0.003803652711212635,0.2546689212322235,0.0019999982323497534,0.002282191626727581
1424,False,normal,0.9358676671981812,1.0186757,0.0,0.0038759964518249035,0.2546689212322235,0.0,0.002325597871094942
1425,False,normal,0.9356236457824707,1.0103465,0.010000050067901611,0.003997345454990864,0.25258663296699524,0.0020000101067125797,0.002398407272994518
1426,False,normal,0.9363970756530762,1.0103465,0.0,0.0038022524677217007,0.25258663296699524,0.0,0.0022813514806330204
1427,False,normal,0.9364222884178162,1.0103465,0.0,0.003592150751501322,0.25258663296699524,0.0,0.002155290450900793
1428,False,normal,0.936406135559082,1.0103465,0.0,0.0037269722670316696,0.25258663296699524,0.0,0.002236183360219002
1429,False,normal,0.9353116750717163,1.0159233,0.009999990463256836,0.003692704252898693,0.253980815410614,0.0019999982323497534,0.002215622551739216
1430,False,normal,0.9353410005569458,1.0155786,0.009999999776482582,0.0036279933992773294,0.2538946568965912,0.0020000000949949026,0.0021767960395663974
1431,False,normal,0.9353275299072266,1.0159233,0.009999999776482582,0.003560240613296628,0.253980815410614,0.0020000000949949026,0.0021361443679779766
1432,False,normal,0.9360863566398621,1.0159233,0.0,0.0034870156086981297,0.253980815410614,0.0,0.0020922093652188775
1433,False,normal,0.9358227849006653,1.0076705,0.009999990463256836,0.003731779521331191,0.25191763043403625,0.0019999982323497534,0.0022390677127987146
1434,False,normal,0.9365563988685608,1.0076705,0.0,0.0038684378378093243,0.25191763043403625,0.0,0.0023210627026855946
1435,False,normal,0.9350084066390991,1.0048382,0.022360658273100853,0.004267717711627483,0.251209557056427,0.0044721318408846855,0.0025606306269764898
1436,False,normal,0.9362933039665222,0.9964939,0.009999990463256836,0.005631897132843733,0.2491234689950943,0.0019999982323497534,0.00337913827970624
1437,False,normal,0.9359071850776672,1.0020479,0.009999990463256836,0.005956677254289389,0.2505119740962982,0.0019999982323497534,0.003574006352573633
1438,False,normal,0.9355685114860535,1.0076705,0.009999990463256836,0.005850701592862606,0.25191763043403625,0.0019999982323497534,0.0035104209557175635
1439,False,normal,0.9352357387542725,1.0133607,0.009999990463256836,0.005660264287143946,0.2533401846885681,0.0019999982323497534,0.0033961585722863674
1440,False,normal,0.9346940517425537,1.0215675,0.009999990463256836,0.005899742711335421,0.2553918659687042,0.0019999982323497534,0.003539845626801252
1441,False,normal,0.9353967308998108,1.0215675,0.0,0.006293992046266794,0.2553918659687042,0.0,0.0037763952277600765
1442,False,normal,0.9348708391189575,1.0130153,0.014142128638923168,0.006292094010859728,0.2532538175582886,0.0028284257277846336,0.0037752564065158365
1443,False,normal,0.9348209500312805,1.0187738,0.009999990463256836,0.006297411862760782,0.2546934485435486,0.0019999982323497534,0.003778447117656469
1444,False,normal,0.9348704218864441,1.0133607,0.014142128638923168,0.006115575321018696,0.2533401846885681,0.0028284257277846336,0.0036693451926112174
1445,False,normal,0.9355300068855286,1.0076705,0.009999990463256836,0.006171399261802435,0.25191763043403625,0.0019999982323497534,0.0037028395570814607
1446,False,normal,0.9350928664207458,1.0056341,0.01732049696147442,0.0062997485511004925,0.25140851736068726,0.003464099718257785,0.003779849130660295
1447,False,normal,0.9363778233528137,1.0056341,0.0,0.006416888441890478,0.25140851736068726,0.0,0.003850133065134287
1448,False,normal,0.936058759689331,0.99749684,0.009999990463256836,0.007064146921038628,0.24937421083450317,0.0019999982323497534,0.004238488152623177
1449,False,normal,0.9356885552406311,1.0033444,0.009999990463256836,0.0071034557186067104,0.2508361041545868,0.0019999982323497534,0.004262073431164026
1450,False,normal,0.9353341460227966,1.0092572,0.010000050067901611,0.006977129261940718,0.2523142993450165,0.0020000101067125797,0.0041862775571644304
1451,False,normal,0.9349642992019653,1.015234,0.009999990463256836,0.0069466857239604,0.25380849838256836,0.0019999982323497534,0.00416801143437624
1452,False,normal,0.934931218624115,1.0157756,0.009999997913837433,0.006939834449440241,0.25394389033317566,0.0019999996293336153,0.004163900669664144
1453,False,normal,0.935666561126709,1.0157756,0.0,0.0070623308420181274,0.25394389033317566,0.0,0.0042373985052108765
1454,False,normal,0.9349411129951477,1.015234,0.009999997913837433,0.007139751221984625,0.25380849838256836,0.0019999996293336153,0.004283850733190775
1455,False,normal,0.935694694519043,1.015234,0.0,0.007109737489372492,0.25380849838256836,0.0,0.004265842493623495
1456,False,normal,0.9354110956192017,1.0092572,0.009999990463256836,0.006336012855172157,0.2523142993450165,0.0019999982323497534,0.003801607713103294
1457,False,normal,0.9362022876739502,1.0092572,0.0,0.005992566235363483,0.2523142993450165,0.0,0.00359553974121809
1458,False,normal,0.9350140690803528,1.0114347,0.014142164029181004,0.005921557545661926,0.2528586685657501,0.0028284327127039433,0.0035529345273971557
1459,False,normal,0.934509813785553,1.0191172,0.014142129570245743,0.006122340448200703,0.25477930903434753,0.002828426193445921,0.0036734042689204214
1460,False,normal,0.9355905055999756,1.0191172,0.0,0.0059555512852966785,0.25477930903434753,0.0,0.003573330771178007
1461,False,normal,0.9352482557296753,1.0133607,0.009999990463256836,0.005555614363402128,0.2533401846885681,0.0019999982323497534,0.0033333686180412768
1462,False,normal,0.935997724533081,1.0133607,0.0,0.005560369696468115,0.2533401846885681,0.0,0.003336221817880869
1463,False,normal,0.9360247850418091,1.0133607,0.0,0.005335005931556225,0.2533401846885681,0.0,0.003201003558933735
1464,False,normal,0.9360247850418091,1.0133607,0.0,0.005335005931556225,0.2533401846885681,0.0,0.003201003558933735
1465,False,normal,0.9357720613479614,1.0051866,0.009999990463256836,0.005448001436889172,0.25129663944244385,0.0019999982323497534,0.0032688008621335027
1466,False,normal,0.9354279041290283,1.0109895,0.009999990463256836,0.0052937595173716545,0.25274738669395447,0.0019999982323497534,0.003176255710422993
1467,False,normal,0.9354211091995239,1.0114347,0.010000001639127731,0.005118268076330423,0.2528586685657501,0.0020000003278255463,0.003070960845798254
1468,False,normal,0.9363136887550354,1.0114347,0.0,0.0039303479716181755,0.2528586685657501,0.0,0.0023582087829709052
1469,False,normal,0.9352550506591797,1.0173004,0.010000050067901611,0.0034474488347768784,0.25432509183883667,0.0020000101067125797,0.002068469300866127
1470,False,normal,0.9360070824623108,1.0173004,0.0,0.003430324839428067,0.25432509183883667,0.0,0.00205819490365684
1471,False,normal,0.9359978437423706,1.0173004,0.0,0.003507443703711033,0.25432509183883667,0.0,0.0021044662222266196
1472,False,normal,0.9356143474578857,1.0114347,0.010000050067901611,0.0035084316041320562,0.2528586685657501,0.0020000101067125797,0.002105058962479234
1473,False,normal,0.9363658428192139,1.0114347,0.0,0.0034959702752530575,0.2528586685657501,0.0,0.0020975821651518342
1474,False,normal,0.9363666772842407,1.0114347,0.0,0.003488692222163081,0.2528586685657501,0.0,0.002093215333297849
1475,False,normal,0.9363688230514526,1.0114347,0.0,0.003471018048003316,0.2528586685657501,0.0,0.0020826108288019896
1476,False,normal,0.9363788366317749,1.0114347,0.0,0.003387709613889456,0.2528586685657501,0.0,0.0020326257683336733
1477,False,normal,0.9363895058631897,1.0114347,0.0,0.003298708703368902,0.2528586685657501,0.0,0.0019792252220213412
1478,False,normal,0.9363895058631897,1.0114347,0.0,0.003298708936199546,0.2528586685657501,0.0,0.0019792253617197273
1479,False,normal,0.9364235997200012,1.0114347,0.0,0.0030146052595227957,0.2528586685657501,0.0,0.0018087631557136773
1480,False,normal,0.9357445240020752,1.0109895,0.010000001639127731,0.002655169926583767,0.25274738669395447,0.0020000003278255463,0.0015931019559502601
1481,False,normal,0.9357171654701233,1.0114347,0.010000001639127731,0.002651429967954755,0.2528586685657501,0.0020000003278255463,0.001590857980772853
1482,False,normal,0.9364680051803589,1.0114347,0.0,0.0026441800873726606,0.2528586685657501,0.0,0.0015865080524235964
1483,False,normal,0.9351564049720764,1.0195587,0.009999990463256836,0.0030929988715797663,0.25488966703414917,0.0019999982323497534,0.0018557993229478596
1484,False,normal,0.9356641173362732,1.0114347,0.009999990463256836,0.0030934426467865705,0.2528586685657501,0.0019999982323497534,0.0018560655880719423
1485,False,normal,0.9364691972732544,1.0114347,0.0,0.002634256612509489,0.2528586685657501,0.0,0.0015805539675056933
1486,False,normal,0.9364707469940186,1.0114347,0.0,0.0026217626873403788,0.2528586685657501,0.0,0.0015730576124042273
1487,False,normal,0.9364707469940186,1.0114347,0.0,0.0026217626873403788,0.2528586685657501,0.0,0.0015730576124042273
1488,False,normal,0.9357470273971558,1.0109895,0.010000001639127731,0.0026342563796788454,0.25274738669395447,0.0020000003278255463,0.0015805538278073072
1489,False,normal,0.9365213513374329,1.0109895,0.0,0.0024316341150552034,0.25274738669395447,0.0,0.001458980469033122
1490,False,normal,0.9365533590316772,1.0109895,0.0,0.002165005775168538,0.25274738669395447,0.0,0.0012990034651011227
1491,False,normal,0.9358193874359131,1.0114347,0.010000001639127731,0.0017997199902310967,0.2528586685657501,0.0020000003278255463,0.001079831994138658
1492,False,normal,0.936569333076477,1.0114347,0.0,0.0017997199902310967,0.2528586685657501,0.0,0.001079831994138658
1493,False,normal,0.936569333076477,1.0114347,0.0,0.0017997199902310967,0.2528586685657501,0.0,0.001079831994138658
1494,False,normal,0.936569333076477,1.0114347,0.0,0.0017997199902310967,0.2528586685657501,0.0,0.001079831994138658
1495,False,normal,0.936569333076477,1.0114347,0.0,0.0017997202230617404,0.2528586685657501,0.0,0.0010798321338370443
1496,False,normal,0.936569333076477,1.0114347,0.0,0.0017997199902310967,0.2528586685657501,0.0,0.001079831994138658
1497,False,normal,0.936569333076477,1.0114347,0.0,0.0017997202230617404,0.2528586685657501,0.0,0.0010798321338370443
1498,False,normal,0.9362325668334961,1.0033444,0.009999990463256836,0.0025699371472001076,0.2508361041545868,0.0019999982323497534,0.0015419622883200645
1499,False,normal,0.9350125789642334,1.0173004,0.014142164029181004,0.00287925498560071,0.25432509183883667,0.0028284327127039433,0.0017275529913604259
1500,False,normal,0.9356902241706848,1.0114347,0.010000050067901611,0.002875854726880789,0.2528586685657501,0.0020000101067125797,0.0017255128361284733
1501,False,normal,0.9351255893707275,1.0195587,0.009999990463256836,0.0033496436662971973,0.25488966703414917,0.0019999982323497534,0.0020097861997783184
1502,False,normal,0.9351136684417725,1.0191172,0.010000001639127731,0.003679166082292795,0.25477930903434753,0.0020000003278255463,0.002207499649375677
1503,False,normal,0.9350860714912415,1.0195587,0.010000001639127731,0.003679166315123439,0.25488966703414917,0.0020000003278255463,0.0022074997890740634
1504,False,normal,0.9354453086853027,1.0138047,0.009999990463256836,0.003682617796584964,0.2534511685371399,0.0019999982323497534,0.002209570677950978
1505,False,normal,0.9352827668190002,1.0114347,0.014142122119665146,0.003682618262246251,0.2528586685657501,0.0028284243308007717,0.0022095709573477507
1506,False,normal,0.9363434314727783,1.0114347,0.0,0.003682618262246251,0.2528586685657501,0.0,0.0022095709573477507
1507,False,normal,0.9352113008499146,1.0173004,0.010000050067901611,0.0038116960786283016,0.25432509183883667,0.0020000101067125797,0.002287017647176981
1508,False,normal,0.9357067346572876,1.0092572,0.009999990463256836,0.003872527740895748,0.2523142993450165,0.0019999982323497534,0.002323516644537449
1509,False,normal,0.935192346572876,1.0173004,0.009999990463256836,0.003969802521169186,0.25432509183883667,0.0019999982323497534,0.002381881512701511
1510,False,normal,0.9355602264404297,1.0114347,0.010000050067901611,0.003959175664931536,0.2528586685657501,0.0020000101067125797,0.0023755053989589214
1511,False,normal,0.9363102316856384,1.0114347,0.0,0.003959175664931536,0.2528586685657501,0.0,0.0023755053989589214
1512,False,normal,0.9363102316856384,1.0114347,0.0,0.003959175664931536,0.2528586685657501,0.0,0.0023755053989589214
1513,False,normal,0.9363102316856384,1.0114347,0.0,0.003959175664931536,0.2528586685657501,0.0,0.0023755053989589214
1514,False,normal,0.9363102316856384,1.0114347,0.0,0.003959175664931536,0.2528586685657501,0.0,0.0023755053989589214
1515,False,normal,0.9363102316856384,1.0114347,0.0,0.003959175664931536,0.2528586685657501,0.0,0.0023755053989589214
1516,False,normal,0.9363102316856384,1.0114347,0.0,0.003959175664931536,0.2528586685657501,0.0,0.0023755053989589214
1517,False,normal,0.9363102316856384,1.0114347,0.0,0.003959175664931536,0.2528586685657501,0.0,0.0023755053989589214
1518,False,normal,0.9363895654678345,1.0114347,0.0,0.0032982504926621914,0.2528586685657501,0.0,0.0019789502955973146
1519,False,normal,0.936400294303894,1.0114347,0.0,0.003208693116903305,0.2528586685657501,0.0,0.0019252158701419829
1520,False,normal,0.936400294303894,1.0114347,0.0,0.0032086928840726614,0.2528586685657501,0.0,0.0019252157304435968
1521,False,normal,0.9364398717880249,1.0114347,0.0,0.002878742292523384,0.2528586685657501,0.0,0.0017272453755140303
1522,False,normal,0.936485230922699,1.0114347,0.0,0.002500743605196476,0.2528586685657501,0.0,0.0015004461631178856
1523,False,normal,0.9365575313568115,1.0114347,0.0,0.0018981839530169964,0.2528586685657501,0.0,0.0011389103718101978
1524,False,normal,0.9365624785423279,1.0114347,0.0,0.0018572863191366196,0.2528586685657501,0.0,0.0011143717914819716
1525,False,normal,0.9365624785423279,1.0114347,0.0,0.0018572863191366196,0.2528586685657501,0.0,0.0011143717914819716
1526,False,normal,0.9365624785423279,1.0114347,0.0,0.0018572863191366196,0.2528586685657501,0.0,0.0011143717914819716
1527,False,normal,0.9366189241409302,1.0114347,0.0,0.0013868599198758602,0.2528586685657501,0.0,0.0008321159519255161
1528,False,normal,0.9366319179534912,1.0114347,0.0,0.0012783980928361416,0.2528586685657501,0.0,0.0007670388557016849
1529,False,normal,0.9367853403091431,1.0114347,0.0,0.0,0.2528586685657501,0.0,0.0
1530,False,normal,0.9367853403091431,1.0114347,0.0,0.0,0.2528586685657501,0.0,0.0
1531,False,normal,0.9367853403091431,1.0114347,0.0,0.0,0.2528586685657501,0.0,0.0
1532,False,normal,0.9360514879226685,1.0109895,0.010000001639127731,9.701329690869898e-05,0.25274738669395447,0.0020000003278255463,5.820797814521938e-05
1533,False,normal,0.9360237121582031,1.0114347,0.010000001639127731,9.701329690869898e-05,0.2528586685657501,0.0020000003278255463,5.820797814521938e-05
1534,False,normal,0.9367736577987671,1.0114347,0.0,9.701329690869898e-05,0.2528586685657501,0.0,5.820797814521938e-05
1535,False,normal,0.9367736577987671,1.0114347,0.0,9.701329690869898e-05,0.2528586685657501,0.0,5.820797814521938e-05
1536,False,normal,0.9367736577987671,1.0114347,0.0,9.701329690869898e-05,0.2528586685657501,0.0,5.820797814521938e-05
1537,False,normal,0.9367736577987671,1.0114347,0.0,9.701329690869898e-05,0.2528586685657501,0.0,5.820797814521938e-05
1538,False,normal,0.9367736577987671,1.0114347,0.0,9.701329690869898e-05,0.2528586685657501,0.0,5.820797814521938e-05
1539,False,normal,0.9367736577987671,1.0114347,0.0,9.701329690869898e-05,0.2528586685657501,0.0,5.820797814521938e-05
1540,False,normal,0.9367736577987671,1.0114347,0.0,9.701329690869898e-05,0.2528586685657501,0.0,5.820797814521938e-05
1541,False,normal,0.9367736577987671,1.0114347,0.0,9.701329690869898e-05,0.2528586685657501,0.0,5.820797814521938e-05
1542,False,normal,0.9367736577987671,1.0114347,0.0,9.701329690869898e-05,0.2528586685657501,0.0,5.820797814521938e-05
1543,False,normal,0.9367736577987671,1.0114347,0.0,9.701329690869898e-05,0.2528586685657501,0.0,5.820797814521938e-05
1544,False,normal,0.9367736577987671,1.0114347,0.0,9.701329690869898e-05,0.2528586685657501,0.0,5.820797814521938e-05
1545,False,normal,0.9367736577987671,1.0114347,0.0,9.701329690869898e-05,0.2528586685657501,0.0,5.820797814521938e-05
1546,False,normal,0.9367736577987671,1.0114347,0.0,9.701329690869898e-05,0.2528586685657501,0.0,5.820797814521938e-05
1547,False,normal,0.9367736577987671,1.0114347,0.0,9.701329690869898e-05,0.2528586685657501,0.0,5.820797814521938e-05
1548,False,normal,0.9367736577987671,1.0114347,0.0,9.701329690869898e-05,0.2528586685657501,0.0,5.820797814521938e-05
1549,False,normal,0.9367736577987671,1.0114347,0.0,9.701329690869898e-05,0.2528586685657501,0.0,5.820797814521938e-05
1550,False,normal,0.9355142712593079,1.0173004,0.010000050067901611,0.001287155202589929,0.25432509183883667,0.0020000101067125797,0.0007722931215539574
1551,False,normal,0.9362063407897949,1.0173004,0.0,0.001769772032275796,0.25432509183883667,0.0,0.0010618632193654775
1552,False,normal,0.9358241558074951,1.0114347,0.010000050067901611,0.0017597079277038574,0.2528586685657501,0.0020000101067125797,0.0010558247566223144
1553,False,normal,0.9365741610527039,1.0114347,0.0,0.0017597079277038574,0.2528586685657501,0.0,0.0010558247566223144
1554,False,normal,0.9365741610527039,1.0114347,0.0,0.0017597079277038574,0.2528586685657501,0.0,0.0010558247566223144
1555,False,normal,0.9365741610527039,1.0114347,0.0,0.0017597079277038574,0.2528586685657501,0.0,0.0010558247566223144
1556,False,normal,0.9358507990837097,1.0109895,0.010000001639127731,0.0017697721486911178,0.25274738669395447,0.0020000003278255463,0.0010618632892146706
1557,False,normal,0.936599612236023,1.0109895,0.0,0.0017795010935515165,0.25274738669395447,0.0,0.0010677006561309098
1558,False,normal,0.9358217716217041,1.0114347,0.010000001639127731,0.0017795010935515165,0.2528586685657501,0.0020000003278255463,0.0010677006561309098
1559,False,normal,0.9365717768669128,1.0114347,0.0,0.0017795010935515165,0.2528586685657501,0.0,0.0010677006561309098
1560,False,normal,0.9365717768669128,1.0114347,0.0,0.0017795009771361947,0.2528586685657501,0.0,0.0010677005862817167
1561,False,normal,0.9365717768669128,1.0114347,0.0,0.0017795009771361947,0.2528586685657501,0.0,0.0010677005862817167
1562,False,normal,0.9365717768669128,1.0114347,0.0,0.0017795009771361947,0.2528586685657501,0.0,0.0010677005862817167
1563,False,normal,0.9365717768669128,1.0114347,0.0,0.0017795009771361947,0.2528586685657501,0.0,0.0010677005862817167
1564,False,normal,0.9365717768669128,1.0114347,0.0,0.0017795009771361947,0.2528586685657501,0.0,0.0010677005862817167
1565,False,normal,0.93496173620224,1.0191172,0.014142129570245743,0.0023566328454762697,0.25477930903434753,0.002828426193445921,0.0014139797072857617
1566,False,normal,0.9359733462333679,1.0191172,0.0,0.0027650869451463223,0.25477930903434753,0.0,0.0016590521670877933
1567,False,normal,0.935936450958252,1.0191172,0.0,0.0030728785786777735,0.25477930903434753,0.0,0.001843727147206664
1568,False,normal,0.9356927275657654,1.0109895,0.009999990463256836,0.003086651675403118,0.25274738669395447,0.0019999982323497534,0.0018519910052418708
1569,False,normal,0.9364411234855652,1.0109895,0.0,0.0031002038158476353,0.25274738669395447,0.0,0.001860122289508581
1570,False,normal,0.9364563226699829,1.0109895,0.0,0.0029736384749412537,0.25274738669395447,0.0,0.0017841830849647522
1571,False,normal,0.9352772831916809,1.0092572,0.017320532351732254,0.002875903155654669,0.2523142993450165,0.0034641067031770945,0.0017255418933928013
1572,False,normal,0.9353016018867493,1.0173004,0.009999990463256836,0.003059134352952242,0.25432509183883667,0.0019999982323497534,0.001835480611771345
1573,False,normal,0.936034083366394,1.0173004,0.0,0.003205270040780306,0.25432509183883667,0.0,0.0019231620244681835
1574,False,normal,0.9360204339027405,1.0173004,0.0,0.0033192133996635675,0.25432509183883667,0.0,0.0019915280397981403
1575,False,normal,0.9360102415084839,1.0173004,0.0,0.003404198680073023,0.25432509183883667,0.0,0.0020425192080438135
1576,False,normal,0.9352858066558838,1.0119783,0.014142169617116451,0.003373845014721155,0.252994567155838,0.0028284338768571615,0.002024307008832693
1577,False,normal,0.9356323480606079,1.0114347,0.009999997913837433,0.0033580518793314695,0.2528586685657501,0.0019999996293336153,0.0020148311275988815
1578,False,normal,0.9363823533058167,1.0114347,0.0,0.0033580518793314695,0.2528586685657501,0.0,0.0020148311275988815
1579,False,normal,0.9363823533058167,1.0114347,0.0,0.003358051646500826,0.2528586685657501,0.0,0.0020148309879004954
1580,False,normal,0.9363823533058167,1.0114347,0.0,0.003358051646500826,0.2528586685657501,0.0,0.0020148309879004954
1581,False,normal,0.9363823533058167,1.0114347,0.0,0.003358051646500826,0.2528586685657501,0.0,0.0020148309879004954
1582,False,normal,0.9363823533058167,1.0114347,0.0,0.003358051646500826,0.2528586685657501,0.0,0.0020148309879004954
1583,False,normal,0.9363823533058167,1.0114347,0.0,0.003358051646500826,0.2528586685657501,0.0,0.0020148309879004954
1584,False,normal,0.9363823533058167,1.0114347,0.0,0.003358051646500826,0.2528586685657501,0.0,0.0020148309879004954
1585,False,normal,0.9364086985588074,1.0114347,0.0,0.0031385361216962337,0.2528586685657501,0.0,0.0018831216730177402
1586,False,normal,0.9364432096481323,1.0114347,0.0,0.0028511749114841223,0.2528586685657501,0.0,0.0017107049468904733
1587,False,normal,0.9353479146957397,1.0173004,0.010000050067901611,0.002673225710168481,0.25432509183883667,0.0020000101067125797,0.0016039354261010886
1588,False,normal,0.9360809326171875,1.0173004,0.0,0.0028151804581284523,0.25432509183883667,0.0,0.0016891082748770713
1589,False,normal,0.9360687732696533,1.0173004,0.0,0.0029163695871829987,0.25432509183883667,0.0,0.0017498217523097992
1590,False,normal,0.9356873631477356,1.0114347,0.010000050067901611,0.002899664221331477,0.2528586685657501,0.0020000101067125797,0.0017397985327988863
1591,False,normal,0.9364516735076904,1.0114347,0.0,0.00278026657178998,0.2528586685657501,0.0,0.0016681599430739878
1592,False,normal,0.9364646077156067,1.0114347,0.0,0.002672772388905287,0.2528586685657501,0.0,0.001603663433343172
1593,False,normal,0.9364820718765259,1.0114347,0.0,0.002526957308873534,0.2528586685657501,0.0,0.0015161743853241204
1594,False,normal,0.936063826084137,1.0056341,0.009999990463256836,0.002783841220661998,0.25140851736068726,0.0019999982323497534,0.0016703047323971987
1595,False,normal,0.9367994070053101,1.0056341,0.0,0.0029040519148111343,0.25140851736068726,0.0,0.0017424311488866806
1596,False,normal,0.9356868267059326,1.0114347,0.009999990463256836,0.0029044414404779673,0.2528586685657501,0.0019999982323497534,0.0017426648642867803
1597,False,normal,0.9364367723464966,1.0114347,0.0,0.0029044414404779673,0.2528586685657501,0.0,0.0017426648642867803
1598,False,normal,0.9364367723464966,1.0114347,0.0,0.0029044414404779673,0.2528586685657501,0.0,0.0017426648642867803
1599,False,normal,0.9364367723464966,1.0114347,0.0,0.0029044412076473236,0.2528586685657501,0.0,0.0017426647245883942
1600,False,normal,0.9364367723464966,1.0114347,0.0,0.0029044412076473236,0.2528586685657501,0.0,0.0017426647245883942
1601,False,normal,0.9364367723464966,1.0114347,0.0,0.0029044412076473236,0.2528586685657501,0.0,0.0017426647245883942
1602,False,normal,0.9364367723464966,1.0114347,0.0,0.00290444097481668,0.2528586685657501,0.0,0.0017426645848900078
1603,False,normal,0.9364367723464966,1.0114347,0.0,0.0029044412076473236,0.2528586685657501,0.0,0.0017426647245883942
1604,False,normal,0.9364367723464966,1.0114347,0.0,0.0029044412076473236,0.2528586685657501,0.0,0.0017426647245883942
1605,False,normal,0.9357141256332397,1.0109895,0.010000001639127731,0.0029083560220897198,0.25274738669395447,0.0020000003278255463,0.0017450136132538317
1606,False,normal,0.9356863498687744,1.0114347,0.010000001639127731,0.0029083560220897198,0.2528586685657501,0.0020000003278255463,0.0017450136132538317
1607,False,normal,0.9364720582962036,1.0114347,0.0,0.002610554685816169,0.2528586685657501,0.0,0.0015663328114897013
1608,False,normal,0.9349042177200317,1.0191172,0.014142129570245743,0.0028355554677546024,0.25477930903434753,0.002828426193445921,0.0017013332806527614
1609,False,normal,0.9359402060508728,1.0191172,0.0,0.0030412578489631414,0.25477930903434753,0.0,0.0018247547093778848
1610,False,normal,0.9353597164154053,1.0114347,0.014142129570245743,0.003041257616132498,0.2528586685657501,0.002828426193445921,0.0018247545696794985
1611,False,normal,0.9364203810691833,1.0114347,0.0,0.003041257616132498,0.2528586685657501,0.0,0.0018247545696794985
1612,False,normal,0.9364203810691833,1.0114347,0.0,0.003041257616132498,0.2528586685657501,0.0,0.0018247545696794985
1613,False,normal,0.9364203810691833,1.0114347,0.0,0.003041257616132498,0.2528586685657501,0.0,0.0018247545696794985
1614,False,normal,0.9364591836929321,1.0114347,0.0,0.0027178162708878517,0.2528586685657501,0.0,0.001630689762532711
1615,False,normal,0.9365076422691345,1.0114347,0.0,0.0023142099380493164,0.2528586685657501,0.0,0.0013885259628295898
1616,False,normal,0.9365076422691345,1.0114347,0.0,0.0023142097052186728,0.2528586685657501,0.0,0.0013885258231312037
1617,False,normal,0.9357843399047852,1.0109895,0.010000001639127731,0.002323399530723691,0.25274738669395447,0.0020000003278255463,0.0013940397184342146
1618,False,normal,0.9365332722663879,1.0109895,0.0,0.0023323404602706432,0.25274738669395447,0.0,0.0013994042761623859
1619,False,normal,0.9357554316520691,1.0114347,0.010000001639127731,0.0023323404602706432,0.2528586685657501,0.0020000003278255463,0.0013994042761623859
1620,False,normal,0.9365054368972778,1.0114347,0.0,0.0023323404602706432,0.2528586685657501,0.0,0.0013994042761623859
1621,False,normal,0.9365054368972778,1.0114347,0.0,0.0023323404602706432,0.2528586685657501,0.0,0.0013994042761623859
1622,False,normal,0.9365054368972778,1.0114347,0.0,0.0023323404602706432,0.2528586685657501,0.0,0.0013994042761623859
1623,False,normal,0.9365054368972778,1.0114347,0.0,0.0023323404602706432,0.2528586685657501,0.0,0.0013994042761623859
1624,False,normal,0.9351880550384521,1.0195587,0.009999990463256836,0.0028292913921177387,0.25488966703414917,0.0019999982323497534,0.001697574835270643
1625,False,normal,0.9358950257301331,1.0195587,0.0,0.0031878177542239428,0.25488966703414917,0.0,0.0019126906525343656
1626,False,normal,0.9356527924537659,1.0114347,0.009999990463256836,0.0031878177542239428,0.2528586685657501,0.0019999982323497534,0.0019126906525343656
1627,False,normal,0.9364027976989746,1.0114347,0.0,0.0031878177542239428,0.2528586685657501,0.0,0.0019126906525343656
1628,False,normal,0.9364407658576965,1.0114347,0.0,0.0028711827471852303,0.2528586685657501,0.0,0.001722709648311138
1629,False,normal,0.9364906549453735,1.0114347,0.0,0.002455624518916011,0.2528586685657501,0.0,0.0014733747113496066
1630,False,normal,0.9364906549453735,1.0114347,0.0,0.002455624518916011,0.2528586685657501,0.0,0.0014733747113496066
1631,False,normal,0.9351768493652344,1.0195587,0.009999990463256836,0.002922537736594677,0.25488966703414917,0.0019999982323497534,0.001753522641956806
1632,False,normal,0.9358846545219421,1.0195587,0.0,0.003274502232670784,0.25488966703414917,0.0,0.0019647013396024704
1633,False,normal,0.9353581070899963,1.0109895,0.014142129570245743,0.0032866578549146652,0.25274738669395447,0.002828426193445921,0.001971994712948799
1634,False,normal,0.9364173412322998,1.0109895,0.0,0.003298618597909808,0.25274738669395447,0.0,0.001979171158745885
1635,False,normal,0.9349491000175476,1.0173004,0.014142172411084175,0.003407982876524329,0.25432509183883667,0.0028284345753490925,0.0020447897259145975
1636,False,normal,0.9355304837226868,1.0028958,0.017320532351732254,0.004079150035977364,0.2507239580154419,0.0034641067031770945,0.002447490021586418
1637,False,normal,0.9359933137893677,1.0033444,0.010000001639127731,0.004563768859952688,0.2508361041545868,0.0020000003278255463,0.0027382613159716127
1638,False,normal,0.9356185793876648,1.0092572,0.010000050067901611,0.004606985952705145,0.2523142993450165,0.0020000101067125797,0.002764191571623087
1639,False,normal,0.9351019263267517,1.0173004,0.009999990463256836,0.004723474383354187,0.25432509183883667,0.0019999982323497534,0.002834084630012512
1640,False,normal,0.9354684948921204,1.0114347,0.010000050067901611,0.004723474383354187,0.2528586685657501,0.0020000101067125797,0.002834084630012512
1641,False,normal,0.935924232006073,1.0033444,0.009999990463256836,0.005139308050274849,0.2508361041545868,0.0019999982323497534,0.0030835848301649094
1642,False,normal,0.9366316795349121,1.0033444,0.0,0.005494223907589912,0.2508361041545868,0.0,0.0032965343445539473
1643,False,normal,0.9353760480880737,1.0114347,0.009999990463256836,0.005494223907589912,0.2528586685657501,0.0019999982323497534,0.0032965343445539473
1644,False,normal,0.9354388117790222,1.0109895,0.010000001639127731,0.005202944856137037,0.25274738669395447,0.0020000003278255463,0.003121766913682222
1645,False,normal,0.9362303614616394,1.0109895,0.0,0.0048567079938948154,0.25274738669395447,0.0,0.002914024796336889
1646,False,normal,0.9354525208473206,1.0114347,0.010000001639127731,0.0048567079938948154,0.2528586685657501,0.0020000003278255463,0.002914024796336889
1647,False,normal,0.9362025260925293,1.0114347,0.0,0.0048567079938948154,0.2528586685657501,0.0,0.002914024796336889
1648,False,normal,0.9349031448364258,1.0195587,0.009999990463256836,0.0052038016729056835,0.25488966703414917,0.0019999982323497534,0.00312228100374341
1649,False,normal,0.9356176853179932,1.0195587,0.0,0.005499227438122034,0.25488966703414917,0.0,0.0032995364628732203
1650,False,normal,0.934868335723877,1.0191172,0.010000001639127731,0.005723502486944199,0.25477930903434753,0.0020000003278255463,0.003434101492166519
1651,False,normal,0.9354066252708435,1.0109895,0.009999990463256836,0.005471163894981146,0.25274738669395447,0.0019999982323497534,0.0032826983369886875
1652,False,normal,0.9361926317214966,1.0109895,0.0,0.005171231459826231,0.25274738669395447,0.0,0.0031027388758957386
1653,False,normal,0.9361926317214966,1.0109895,0.0,0.005171231459826231,0.25274738669395447,0.0,0.0031027388758957386
1654,False,normal,0.9361926317214966,1.0109895,0.0,0.005171230994164944,0.25274738669395447,0.0,0.003102738596498966
1655,False,normal,0.9354367852210999,1.0114347,0.010000001639127731,0.004987661726772785,0.2528586685657501,0.0020000003278255463,0.002992597036063671
1656,False,normal,0.9362304210662842,1.0114347,0.0,0.004624342080205679,0.2528586685657501,0.0,0.002774605248123407
1657,False,normal,0.9362773299217224,1.0114347,0.0,0.004233308602124453,0.2528586685657501,0.0,0.0025399851612746714
1658,False,normal,0.936282217502594,1.0114347,0.0,0.00419243611395359,0.2528586685657501,0.0,0.002515461668372154
1659,False,normal,0.936303973197937,1.0114347,0.0,0.004011381883174181,0.2528586685657501,0.0,0.0024068291299045087
1660,False,normal,0.9347255825996399,1.0191172,0.014142129570245743,0.00432430487126112,0.25477930903434753,0.002828426193445921,0.0025945829227566716
1661,False,normal,0.9354544878005981,1.0133607,0.009999990463256836,0.003836995456367731,0.2533401846885681,0.0019999982323497534,0.0023021972738206387
1662,False,normal,0.9359900951385498,1.0051866,0.009999990463256836,0.0036309203132987022,0.25129663944244385,0.0019999982323497534,0.0021785521879792214
1663,False,normal,0.9347791075706482,1.0191172,0.014142122119665146,0.0038783219642937183,0.25477930903434753,0.0028284243308007717,0.002326993178576231
1664,False,normal,0.935260534286499,1.0114347,0.014142129570245743,0.0038676976691931486,0.2528586685657501,0.002828426193445921,0.002320618601515889
1665,False,normal,0.9363225102424622,1.0114347,0.0,0.0038569155149161816,0.2528586685657501,0.0,0.002314149308949709
1666,False,normal,0.9363225102424622,1.0114347,0.0,0.0038569155149161816,0.2528586685657501,0.0,0.002314149308949709
1667,False,normal,0.9363225102424622,1.0114347,0.0,0.0038569157477468252,0.2528586685657501,0.0,0.002314149448648095
1668,False,normal,0.9350647330284119,1.0195587,0.009999990463256836,0.003856915282085538,0.25488966703414917,0.0019999982323497534,0.0023141491692513227
1669,False,normal,0.9358147382736206,1.0195587,0.0,0.0038569155149161816,0.25488966703414917,0.0,0.002314149308949709
1670,False,normal,0.9358105063438416,1.0195587,0.0,0.003892418695613742,0.25488966703414917,0.0,0.002335451217368245
1671,False,normal,0.9357854723930359,1.0195587,0.0,0.004100769758224487,0.25488966703414917,0.0,0.002460461854934692
1672,False,normal,0.9357668161392212,1.0195587,0.0,0.0042561194859445095,0.25488966703414917,0.0,0.002553671691566706
1673,False,normal,0.9352417588233948,1.0109895,0.014142129570245743,0.0042561194859445095,0.25274738669395447,0.002828426193445921,0.002553671691566706
1674,False,normal,0.9355263113975525,1.0114347,0.010000001639127731,0.00424159737303853,0.2528586685657501,0.0020000003278255463,0.002544958423823118
1675,False,normal,0.9362763166427612,1.0114347,0.0,0.00424159737303853,0.2528586685657501,0.0,0.002544958423823118
1676,False,normal,0.9362763166427612,1.0114347,0.0,0.00424159737303853,0.2528586685657501,0.0,0.002544958423823118
1677,False,normal,0.9362763166427612,1.0114347,0.0,0.00424159737303853,0.2528586685657501,0.0,0.002544958423823118
1678,False,normal,0.9362763166427612,1.0114347,0.0,0.00424159737303853,0.2528586685657501,0.0,0.002544958423823118
1679,False,normal,0.9362763166427612,1.0114347,0.0,0.00424159737303853,0.2528586685657501,0.0,0.002544958423823118
1680,False,normal,0.9362925887107849,1.0114347,0.0,0.0041060843504965305,0.2528586685657501,0.0,0.002463650610297918
1681,False,normal,0.9362893104553223,1.0114347,0.0,0.004133331589400768,0.2528586685657501,0.0,0.002479998953640461
1682,False,normal,0.9363405704498291,1.0114347,0.0,0.0037060745526105165,0.2528586685657501,0.0,0.00222364473156631
1683,False,normal,0.9363614916801453,1.0114347,0.0,0.0035319512244313955,0.2528586685657501,0.0,0.0021191707346588373
1684,False,normal,0.9363614916801453,1.0114347,0.0,0.0035319512244313955,0.2528586685657501,0.0,0.0021191707346588373
1685,False,normal,0.9363614916801453,1.0114347,0.0,0.0035319512244313955,0.2528586685657501,0.0,0.0021191707346588373
1686,False,normal,0.9363614916801453,1.0114347,0.0,0.0035319512244313955,0.2528586685657501,0.0,0.0021191707346588373
1687,False,normal,0.9363614916801453,1.0114347,0.0,0.0035319512244313955,0.2528586685657501,0.0,0.0021191707346588373
1688,False,normal,0.9363938570022583,1.0114347,0.0,0.0032621496357023716,0.2528586685657501,0.0,0.001957289781421423
1689,False,normal,0.9364359378814697,1.0114347,0.0,0.002911797259002924,0.2528586685657501,0.0,0.0017470783554017542
1690,False,normal,0.9364917278289795,1.0114347,0.0,0.0024465301539748907,0.2528586685657501,0.0,0.0014679180923849345
1691,False,normal,0.9365719556808472,1.0114347,0.0,0.0017783300718292594,0.2528586685657501,0.0,0.0010669980430975557
1692,False,normal,0.9367736577987671,1.0114347,0.0,9.701329690869898e-05,0.2528586685657501,0.0,5.820797814521938e-05
1693,False,normal,0.9367853403091431,1.0114347,0.0,0.0,0.2528586685657501,0.0,0.0
1694,False,normal,0.9367853403091431,1.0114347,0.0,0.0,0.2528586685657501,0.0,0.0
1695,False,normal,0.9367853403091431,1.0114347,0.0,0.0,0.2528586685657501,0.0,0.0
1696,False,normal,0.935515284538269,1.0173004,0.010000050067901611,0.0012783980928361416,0.25432509183883667,0.0020000101067125797,0.0007670388557016849
1697,False,normal,0.9362075328826904,1.0173004,0.0,0.0017597079277038574,0.25432509183883667,0.0,0.0010558247566223144
1698,False,normal,0.9358241558074951,1.0114347,0.010000050067901611,0.0017597079277038574,0.2528586685657501,0.0020000101067125797,0.0010558247566223144
1699,False,normal,0.9365741610527039,1.0114347,0.0,0.0017597079277038574,0.2528586685657501,0.0,0.0010558247566223144
1700,False,normal,0.9365741610527039,1.0114347,0.0,0.0017597079277038574,0.2528586685657501,0.0,0.0010558247566223144
1701,False,normal,0.9354174137115479,1.0173004,0.010000050067901611,0.002094471361488104,0.25432509183883667,0.0020000101067125797,0.0012566828168928622
1702,False,normal,0.9361371994018555,1.0173004,0.0,0.0023462772369384766,0.25432509183883667,0.0,0.0014077663421630858
1703,False,normal,0.935877799987793,1.0092572,0.009999990463256836,0.0024465653114020824,0.2523142993450165,0.0019999982323497534,0.0014679391868412494
1704,False,normal,0.9353513121604919,1.0173004,0.009999990463256836,0.0026449421420693398,0.25432509183883667,0.0019999982323497534,0.0015869652852416039
1705,False,normal,0.9360828399658203,1.0173004,0.0,0.0027988790534436703,0.25432509183883667,0.0,0.001679327432066202
1706,False,normal,0.9360688924789429,1.0173004,0.0,0.0029154238291084766,0.25432509183883667,0.0,0.001749254297465086
1707,False,normal,0.9356854557991028,1.0114347,0.010000050067901611,0.0029154238291084766,0.2528586685657501,0.0020000101067125797,0.001749254297465086
1708,False,normal,0.9364354610443115,1.0114347,0.0,0.0029154240619391203,0.2528586685657501,0.0,0.001749254437163472
1709,False,normal,0.9364354610443115,1.0114347,0.0,0.002915424294769764,0.2528586685657501,0.0,0.0017492545768618584
1710,False,normal,0.9364354610443115,1.0114347,0.0,0.002915424294769764,0.2528586685657501,0.0,0.0017492545768618584
1711,False,normal,0.9364354610443115,1.0114347,0.0,0.002915424294769764,0.2528586685657501,0.0,0.0017492545768618584
1712,False,normal,0.9364354610443115,1.0114347,0.0,0.002915424294769764,0.2528586685657501,0.0,0.0017492545768618584
1713,False,normal,0.9364354610443115,1.0114347,0.0,0.002915424294769764,0.2528586685657501,0.0,0.0017492545768618584
1714,False,normal,0.9364354610443115,1.0114347,0.0,0.002915424294769764,0.2528586685657501,0.0,0.0017492545768618584
1715,False,normal,0.9364354610443115,1.0114347,0.0,0.002915424294769764,0.2528586685657501,0.0,0.0017492545768618584
1716,False,normal,0.9364494681358337,1.0114347,0.0,0.002798879286274314,0.2528586685657501,0.0,0.0016793275717645884
1717,False,normal,0.9353328347206116,1.0173004,0.010000050067901611,0.002798879286274314,0.25432509183883667,0.0020000101067125797,0.0016793275717645884
1718,False,normal,0.9360688924789429,1.0173004,0.0,0.0029154240619391203,0.25432509183883667,0.0,0.001749254437163472
1719,False,normal,0.9356854557991028,1.0114347,0.010000050067901611,0.0029154240619391203,0.2528586685657501,0.0020000101067125797,0.001749254437163472
1720,False,normal,0.9364354610443115,1.0114347,0.0,0.0029154240619391203,0.2528586685657501,0.0,0.001749254437163472
1721,False,normal,0.9353188872337341,1.0173004,0.010000050067901611,0.0029154240619391203,0.25432509183883667,0.0020000101067125797,0.001749254437163472
1722,False,normal,0.9360688924789429,1.0173004,0.0,0.0029154240619391203,0.25432509183883667,0.0,0.001749254437163472
1723,False,normal,0.936073899269104,1.0173004,0.0,0.0028735909145325422,0.25432509183883667,0.0,0.0017241545487195252
1724,False,normal,0.936073899269104,1.0173004,0.0,0.0028735909145325422,0.25432509183883667,0.0,0.0017241545487195252
1725,False,normal,0.936073899269104,1.0173004,0.0,0.0028735909145325422,0.25432509183883667,0.0,0.0017241545487195252
1726,False,normal,0.936073899269104,1.0173004,0.0,0.0028735909145325422,0.25432509183883667,0.0,0.0017241545487195252
1727,False,normal,0.9356905221939087,1.0114347,0.010000050067901611,0.0028735909145325422,0.2528586685657501,0.0020000101067125797,0.0017241545487195252
1728,False,normal,0.9364405274391174,1.0114347,0.0,0.0028735909145325422,0.2528586685657501,0.0,0.0017241545487195252
1729,False,normal,0.9364405274391174,1.0114347,0.0,0.0028735909145325422,0.2528586685657501,0.0,0.0017241545487195252
1730,False,normal,0.9364405274391174,1.0114347,0.0,0.002873591147363186,0.2528586685657501,0.0,0.0017241546884179115
1731,False,normal,0.9364405274391174,1.0114347,0.0,0.002873591147363186,0.2528586685657501,0.0,0.0017241546884179115
1732,False,normal,0.9353185296058655,1.0173004,0.010000050067901611,0.0029181456193327904,0.25432509183883667,0.0020000101067125797,0.0017508873715996742
1733,False,normal,0.9360668063163757,1.0173004,0.0,0.0029328467790037394,0.25432509183883667,0.0,0.0017597080674022435
1734,False,normal,0.9360685348510742,1.0173004,0.0,0.0029181456193327904,0.25432509183883667,0.0,0.0017508873715996742
1735,False,normal,0.936073899269104,1.0173004,0.0,0.0028735909145325422,0.25432509183883667,0.0,0.0017241545487195252
1736,False,normal,0.9360830187797546,1.0173004,0.0,0.0027977570425719023,0.25432509183883667,0.0,0.0016786542255431414
1737,False,normal,0.9358064532279968,1.0092572,0.009999990463256836,0.0030412310734391212,0.2523142993450165,0.0019999982323497534,0.0018247386440634727
1738,False,normal,0.935303807258606,1.0173004,0.009999990463256836,0.0030412310734391212,0.25432509183883667,0.0019999982323497534,0.0018247386440634727
1739,False,normal,0.9357878565788269,1.0092572,0.009999990463256836,0.0031963950023055077,0.2523142993450165,0.0019999982323497534,0.0019178370013833044
1740,False,normal,0.9353411197662354,1.0114347,0.014142164029181004,0.0031963950023055077,0.2528586685657501,0.0028284327127039433,0.0019178370013833044
1741,False,normal,0.9363993406295776,1.0114347,0.0,0.0032167164608836174,0.2528586685657501,0.0,0.0019300298765301703
1742,False,normal,0.9364001154899597,1.0114347,0.0,0.003210226772353053,0.2528586685657501,0.0,0.0019261360634118317
1743,False,normal,0.9352834820747375,1.0173004,0.010000050067901611,0.003210226772353053,0.25432509183883667,0.0020000101067125797,0.0019261360634118317
1744,False,normal,0.9357762336730957,1.0092572,0.009999990463256836,0.0032930802553892136,0.2523142993450165,0.0019999982323497534,0.001975848153233528
1745,False,normal,0.9352735280990601,1.0173004,0.009999990463256836,0.0032930802553892136,0.25432509183883667,0.0019999982323497534,0.001975848153233528
1746,False,normal,0.9360235333442688,1.0173004,0.0,0.0032930802553892136,0.25432509183883667,0.0,0.001975848153233528
1747,False,normal,0.9357631802558899,1.0092572,0.009999990463256836,0.0034019453451037407,0.2523142993450165,0.0019999982323497534,0.0020411672070622445
1748,False,normal,0.9365009069442749,1.0092572,0.0,0.0035040518268942833,0.2523142993450165,0.0,0.0021024310961365697
1749,False,normal,0.9352413415908813,1.0173004,0.009999990463256836,0.0035614189691841602,0.25432509183883667,0.0019999982323497534,0.002136851381510496
1750,False,normal,0.9356079697608948,1.0114347,0.010000050067901611,0.0035614189691841602,0.2528586685657501,0.0020000101067125797,0.002136851381510496
1751,False,normal,0.9363579750061035,1.0114347,0.0,0.0035614189691841602,0.2528586685657501,0.0,0.002136851381510496
1752,False,normal,0.9363648295402527,1.0114347,0.0,0.0035040518268942833,0.2528586685657501,0.0,0.0021024310961365697
1753,False,normal,0.9352482557296753,1.0173004,0.010000050067901611,0.0035040518268942833,0.25432509183883667,0.0020000101067125797,0.0021024310961365697
1754,False,normal,0.935998260974884,1.0173004,0.0,0.0035040518268942833,0.25432509183883667,0.0,0.0021024310961365697
1755,False,normal,0.935998260974884,1.0173004,0.0,0.0035040518268942833,0.25432509183883667,0.0,0.0021024310961365697
1756,False,normal,0.9356248378753662,1.0114347,0.010000050067901611,0.00342067563906312,0.2528586685657501,0.0020000101067125797,0.002052405383437872
1757,False,normal,0.936386227607727,1.0114347,0.0,0.003325618105009198,0.2528586685657501,0.0,0.001995370863005519
1758,False,normal,0.9352696537971497,1.0173004,0.010000050067901611,0.003325618105009198,0.25432509183883667,0.0020000101067125797,0.001995370863005519
1759,False,normal,0.9357723593711853,1.0092572,0.009999990463256836,0.003325618105009198,0.2523142993450165,0.0019999982323497534,0.001995370863005519
1760,False,normal,0.9365109205245972,1.0092572,0.0,0.00342067563906312,0.2523142993450165,0.0,0.002052405383437872
1761,False,normal,0.9365002512931824,1.0092572,0.0,0.003509785979986191,0.2523142993450165,0.0,0.0021058715879917144
1762,False,normal,0.9364902377128601,1.0092572,0.0,0.003593392902985215,0.2523142993450165,0.0,0.002156035741791129
1763,False,normal,0.9353083372116089,1.0114347,0.014142164029181004,0.003469201037660241,0.2528586685657501,0.0028284327127039433,0.0020815206225961447
1764,False,normal,0.9363783001899719,1.0114347,0.0,0.0033919531852006912,0.2528586685657501,0.0,0.0020351719111204145
1765,False,normal,0.9350990056991577,1.0195587,0.009999990463256836,0.00357157364487648,0.25488966703414917,0.0019999982323497534,0.002142944186925888
1766,False,normal,0.9358288645744324,1.0195587,0.0,0.0037391751538962126,0.25488966703414917,0.0,0.0022435050923377275
1767,False,normal,0.9355964064598083,1.0114347,0.009999990463256836,0.0036576685961335897,0.2528586685657501,0.0019999982323497534,0.0021946011576801537
1768,False,normal,0.9352310299873352,1.0173004,0.010000050067901611,0.0036476023960858583,0.25432509183883667,0.0020000101067125797,0.0021885614376515147
1769,False,normal,0.9357324838638306,1.0092572,0.009999990463256836,0.003657668363302946,0.2523142993450165,0.0019999982323497534,0.0021946010179817676
1770,False,normal,0.9364727139472961,1.0092572,0.0,0.0037391751538962126,0.2523142993450165,0.0,0.0022435050923377275
1771,False,normal,0.9364635348320007,1.0092572,0.0,0.0038158372044563293,0.2523142993450165,0.0,0.0022895023226737975
1772,False,normal,0.9351992607116699,1.0173004,0.009999990463256836,0.003912193700671196,0.25432509183883667,0.0019999982323497534,0.0023473162204027177
1773,False,normal,0.9359492659568787,1.0173004,0.0,0.003912193700671196,0.25432509183883667,0.0,0.0023473162204027177
1774,False,normal,0.9359492659568787,1.0173004,0.0,0.003912193700671196,0.25432509183883667,0.0,0.0023473162204027177
1775,False,normal,0.9355774521827698,1.0114347,0.010000050067901611,0.0038158372044563293,0.2528586685657501,0.0020000101067125797,0.0022895023226737975
1776,False,normal,0.9351992607116699,1.0173004,0.010000050067901611,0.003912193700671196,0.25432509183883667,0.0020000101067125797,0.0023473162204027177
1777,False,normal,0.9355658888816833,1.0114347,0.010000050067901611,0.003912193700671196,0.2528586685657501,0.0020000101067125797,0.0023473162204027177
1778,False,normal,0.9353942275047302,1.0092572,0.014142164029181004,0.003887941362336278,0.2523142993450165,0.0028284327127039433,0.0023327648174017667
1779,False,normal,0.9364548921585083,1.0092572,0.0,0.003887941362336278,0.2523142993450165,0.0,0.0023327648174017667
1780,False,normal,0.9364548921585083,1.0092572,0.0,0.003887941362336278,0.2523142993450165,0.0,0.0023327648174017667
1781,False,normal,0.9364548921585083,1.0092572,0.0,0.003887941362336278,0.2523142993450165,0.0,0.0023327648174017667
1782,False,normal,0.9364548921585083,1.0092572,0.0,0.003887941362336278,0.2523142993450165,0.0,0.0023327648174017667
1783,False,normal,0.9364467263221741,1.0092572,0.0,0.003955737221986055,0.2523142993450165,0.0,0.002373442333191633
1784,False,normal,0.9364390969276428,1.0092572,0.0,0.004019442480057478,0.2523142993450165,0.0,0.002411665488034487
1785,False,normal,0.9364715814590454,1.0092572,0.0,0.003748824819922447,0.2523142993450165,0.0,0.0022492948919534683
1786,False,normal,0.9365158677101135,1.0092572,0.0,0.0033794750925153494,0.2523142993450165,0.0,0.0020276850555092096
1787,False,normal,0.9365112781524658,1.0092572,0.0,0.003417732659727335,0.2523142993450165,0.0,0.002050639595836401
1788,False,normal,0.9352586269378662,1.0173004,0.009999990463256836,0.0034177324268966913,0.25432509183883667,0.0019999982323497534,0.002050639456138015
1789,False,normal,0.9357612729072571,1.0092572,0.009999990463256836,0.003417732659727335,0.2523142993450165,0.0019999982323497534,0.002050639595836401
1790,False,normal,0.9365112781524658,1.0092572,0.0,0.0034177324268966913,0.2523142993450165,0.0,0.002050639456138015
1791,False,normal,0.9352366924285889,1.0173004,0.009999990463256836,0.003600186202675104,0.25432509183883667,0.0019999982323497534,0.0021601117216050623
1792,False,normal,0.9359866976737976,1.0173004,0.0,0.003600186202675104,0.25432509183883667,0.0,0.0021601117216050623
1793,False,normal,0.9359866976737976,1.0173004,0.0,0.003600186202675104,0.25432509183883667,0.0,0.0021601117216050623
1794,False,normal,0.9356297850608826,1.0114347,0.010000050067901611,0.0033794750925153494,0.2528586685657501,0.0020000101067125797,0.0020276850555092096
1795,False,normal,0.9363797903060913,1.0114347,0.0,0.0033794750925153494,0.2528586685657501,0.0,0.0020276850555092096
1796,False,normal,0.9352631568908691,1.0173004,0.010000050067901611,0.0033794750925153494,0.25432509183883667,0.0020000101067125797,0.0020276850555092096
1797,False,normal,0.9357612729072571,1.0092572,0.009999990463256836,0.0034177324268966913,0.2523142993450165,0.0019999982323497534,0.002050639456138015
1798,False,normal,0.9365112781524658,1.0092572,0.0,0.0034177324268966913,0.2523142993450165,0.0,0.002050639456138015
1799,False,normal,0.9352366924285889,1.0173004,0.009999990463256836,0.003600186202675104,0.25432509183883667,0.0019999982323497534,0.0021601117216050623
1800,False,normal,0.9359710216522217,1.0173004,0.0,0.0037307264283299446,0.25432509183883667,0.0,0.0022384358569979665
1801,False,normal,0.9357237219810486,1.0092572,0.009999990463256836,0.0037307266611605883,0.2523142993450165,0.0019999982323497534,0.002238435996696353
1802,False,normal,0.9352109432220459,1.0173004,0.009999990463256836,0.00381468771956861,0.25432509183883667,0.0019999982323497534,0.002288812631741166
1803,False,normal,0.9359561204910278,1.0173004,0.0,0.003855113172903657,0.25432509183883667,0.0,0.002313067903742194
1804,False,normal,0.9359562993049622,1.0173004,0.0,0.003853374160826206,0.25432509183883667,0.0,0.0023120244964957236
1805,False,normal,0.9359616041183472,1.0173004,0.0,0.003809412242844701,0.25432509183883667,0.0,0.0022856473457068204
1806,False,normal,0.9359720945358276,1.0173004,0.0,0.0037217317149043083,0.25432509183883667,0.0,0.002233039028942585
1807,False,normal,0.9359882473945618,1.0173004,0.0,0.0035871288273483515,0.25432509183883667,0.0,0.002152277296409011
1808,False,normal,0.9359882473945618,1.0173004,0.0,0.0035871288273483515,0.25432509183883667,0.0,0.002152277296409011
1809,False,normal,0.9360107183456421,1.0173004,0.0,0.0034000345040112734,0.25432509183883667,0.0,0.002040020702406764
1810,False,normal,0.9360405802726746,1.0173004,0.0,0.0031511131674051285,0.25432509183883667,0.0,0.001890667900443077
1811,False,normal,0.9360405802726746,1.0173004,0.0,0.0031511131674051285,0.25432509183883667,0.0,0.001890667900443077
1812,False,normal,0.935763418674469,1.0092572,0.009999990463256836,0.0034000345040112734,0.2523142993450165,0.0019999982323497534,0.002040020702406764
1813,False,normal,0.9364909529685974,1.0092572,0.0,0.003587129060178995,0.2523142993450165,0.0,0.002152277436107397
1814,False,normal,0.9364755749702454,1.0092572,0.0,0.0037154247984290123,0.2523142993450165,0.0,0.002229254879057407
1815,False,normal,0.9364610910415649,1.0092572,0.0,0.0038363474886864424,0.2523142993450165,0.0,0.0023018084932118653
1816,False,normal,0.9352083802223206,1.0173004,0.009999990463256836,0.0038363474886864424,0.25432509183883667,0.0019999982323497534,0.0023018084932118653
1817,False,normal,0.9359764456748962,1.0173004,0.0,0.003685843199491501,0.25432509183883667,0.0,0.0022115059196949004
1818,False,normal,0.9360008239746094,1.0173004,0.0,0.0034827948547899723,0.25432509183883667,0.0,0.0020896769128739834
1819,False,normal,0.9360008239746094,1.0173004,0.0,0.0034827948547899723,0.25432509183883667,0.0,0.0020896769128739834
1820,False,normal,0.9360008239746094,1.0173004,0.0,0.0034827948547899723,0.25432509183883667,0.0,0.0020896769128739834
1821,False,normal,0.9360326528549194,1.0173004,0.0,0.0032172680366784334,0.25432509183883667,0.0,0.00193036082200706
1822,False,normal,0.9360326528549194,1.0173004,0.0,0.0032172680366784334,0.25432509183883667,0.0,0.00193036082200706
1823,False,normal,0.9360326528549194,1.0173004,0.0,0.0032172680366784334,0.25432509183883667,0.0,0.00193036082200706
1824,False,normal,0.9357534646987915,1.0092572,0.009999990463256836,0.0034827948547899723,0.2523142993450165,0.0019999982323497534,0.0020896769128739834
1825,False,normal,0.9364790916442871,1.0092572,0.0,0.0036858434323221445,0.2523142993450165,0.0,0.0022115060593932865
1826,False,normal,0.9364610910415649,1.0092572,0.0,0.0038363474886864424,0.2523142993450165,0.0,0.0023018084932118653
1827,False,normal,0.9352083802223206,1.0173004,0.009999990463256836,0.0038363474886864424,0.25432509183883667,0.0019999982323497534,0.0023018084932118653
1828,False,normal,0.9359583854675293,1.0173004,0.0,0.0038363474886864424,0.25432509183883667,0.0,0.0023018084932118653
1829,False,normal,0.9347430467605591,1.0195587,0.014142164029181004,0.003949119709432125,0.25488966703414917,0.0028284327127039433,0.002369471825659275
1830,False,normal,0.9357908964157104,1.0195587,0.0,0.004055616445839405,0.25488966703414917,0.0,0.002433369867503643
1831,False,normal,0.9352620244026184,1.0109895,0.014142129570245743,0.0040872651152312756,0.25274738669395447,0.002828426193445921,0.0024523590691387653
1832,False,normal,0.9355581402778625,1.0114347,0.010000001639127731,0.003976441919803619,0.2528586685657501,0.0020000003278255463,0.0023858651518821714
1833,False,normal,0.9359966516494751,1.0033444,0.009999990463256836,0.00453600101172924,0.2508361041545868,0.0019999982323497534,0.002721600607037544
1834,False,normal,0.9356271028518677,1.0092572,0.010000050067901611,0.00453600101172924,0.2523142993450165,0.0020000101067125797,0.002721600607037544
1835,False,normal,0.935651957988739,1.0088111,0.010000001639127731,0.004561319947242737,0.2522027790546417,0.0020000003278255463,0.002736791968345642
1836,False,normal,0.9348106980323792,1.0173004,0.014142129570245743,0.004561319947242737,0.25432509183883667,0.002828426193445921,0.002736791968345642
1837,False,normal,0.9358713626861572,1.0173004,0.0,0.004561319947242737,0.25432509183883667,0.0,0.002736791968345642
1838,False,normal,0.9358713626861572,1.0173004,0.0,0.004561319947242737,0.25432509183883667,0.0,0.002736791968345642
1839,False,normal,0.9358713626861572,1.0173004,0.0,0.004561319947242737,0.25432509183883667,0.0,0.002736791968345642
1840,False,normal,0.9354904890060425,1.0114347,0.010000050067901611,0.004540201276540756,0.2528586685657501,0.0020000101067125797,0.0027241207659244536
1841,False,normal,0.9359396696090698,1.0033444,0.009999990463256836,0.005010977853089571,0.2508361041545868,0.0019999982323497534,0.0030065867118537425
1842,False,normal,0.9354433417320251,1.0114347,0.009999990463256836,0.004933188669383526,0.2528586685657501,0.0019999982323497534,0.0029599132016301156
1843,False,normal,0.9350767135620117,1.0173004,0.010000050067901611,0.004933188669383526,0.25432509183883667,0.0020000101067125797,0.0029599132016301156
1844,False,normal,0.9358250498771667,1.0173004,0.0,0.004947482608258724,0.25432509183883667,0.0,0.0029684895649552344
1845,False,normal,0.9354496598243713,1.0114347,0.010000050067901611,0.004880733322352171,0.2528586685657501,0.0020000101067125797,0.0029284399934113026
1846,False,normal,0.9362080693244934,1.0114347,0.0,0.004810595419257879,0.2528586685657501,0.0,0.0028863572515547276
1847,False,normal,0.936215341091156,1.0114347,0.0,0.00474972277879715,0.2528586685657501,0.0,0.00284983366727829
1848,False,normal,0.9350987672805786,1.0173004,0.010000050067901611,0.00474972277879715,0.25432509183883667,0.0020000101067125797,0.00284983366727829
1849,False,normal,0.9358639717102051,1.0173004,0.0,0.004623053129762411,0.25432509183883667,0.0,0.0027738318778574465
1850,False,normal,0.9356377720832825,1.0092572,0.009999990463256836,0.004447049926966429,0.2523142993450165,0.0019999982323497534,0.0026682299561798573
1851,False,normal,0.9363821148872375,1.0092572,0.0,0.004494209308177233,0.2523142993450165,0.0,0.0026965255849063395
1852,False,normal,0.9363760352134705,1.0092572,0.0,0.0045451270416378975,0.2523142993450165,0.0,0.0027270762249827383
1853,False,normal,0.9351701140403748,1.0173004,0.009999990463256836,0.004155048634856939,0.25432509183883667,0.0019999982323497534,0.0024930291809141633
1854,False,normal,0.9355456233024597,1.0114347,0.010000050067901611,0.004080713260918856,0.2528586685657501,0.0020000101067125797,0.0024484279565513134
1855,False,normal,0.9351836442947388,1.0173004,0.010000050067901611,0.0040422105230391026,0.25432509183883667,0.0020000101067125797,0.0024253263138234614
1856,False,normal,0.935213565826416,1.016858,0.010000001639127731,0.004023266490548849,0.25421449542045593,0.0020000003278255463,0.002413959894329309
1857,False,normal,0.9355868697166443,1.0109895,0.010000050067901611,0.003968903794884682,0.25274738669395447,0.0020000101067125797,0.002381342276930809
1858,False,normal,0.9363465309143066,1.0109895,0.0,0.0038882631342858076,0.25274738669395447,0.0,0.0023329578805714843
1859,False,normal,0.9355828166007996,1.0114347,0.010000001639127731,0.0037710166070610285,0.2528586685657501,0.0020000003278255463,0.002262609964236617
1860,False,normal,0.9363328218460083,1.0114347,0.0,0.0037710166070610285,0.2528586685657501,0.0,0.002262609964236617
1861,False,normal,0.9352811574935913,1.0173004,0.010000050067901611,0.0032294830307364464,0.25432509183883667,0.0020000101067125797,0.0019376898184418677
1862,False,normal,0.9360222220420837,1.0173004,0.0,0.0033042817376554012,0.25432509183883667,0.0,0.0019825690425932406
1863,False,normal,0.9360222220420837,1.0173004,0.0,0.0033042817376554012,0.25432509183883667,0.0,0.0019825690425932406
1864,False,normal,0.9360222220420837,1.0173004,0.0,0.0033042817376554012,0.25432509183883667,0.0,0.0019825690425932406
1865,False,normal,0.9360164999961853,1.0173004,0.0,0.003351860214024782,0.25432509183883667,0.0,0.0020111161284148693
1866,False,normal,0.93601393699646,1.0173004,0.0,0.0033733691088855267,0.25432509183883667,0.0,0.002024021465331316
1867,False,normal,0.9356305003166199,1.0114347,0.010000050067901611,0.0033733691088855267,0.2528586685657501,0.0020000101067125797,0.002024021465331316
1868,False,normal,0.9352639317512512,1.0173004,0.010000050067901611,0.0033733691088855267,0.25432509183883667,0.0020000101067125797,0.002024021465331316
1869,False,normal,0.93601393699646,1.0173004,0.0,0.0033733691088855267,0.25432509183883667,0.0,0.002024021465331316
1870,False,normal,0.9360313415527344,1.0173004,0.0,0.0032284059561789036,0.25432509183883667,0.0,0.001937043573707342
1871,False,normal,0.9353801608085632,1.0109895,0.014142172411084175,0.003102824091911316,0.25274738669395447,0.0028284345753490925,0.0018616944551467895
1872,False,normal,0.9353529214859009,1.016858,0.010000050067901611,0.0028621519450098276,0.25421449542045593,0.0020000101067125797,0.0017172911670058964
1873,False,normal,0.9353252649307251,1.0173004,0.010000001639127731,0.0028621514793485403,0.25432509183883667,0.0020000003278255463,0.0017172908876091242
1874,False,normal,0.9360867142677307,1.0173004,0.0,0.002766751917079091,0.25432509183883667,0.0,0.0016600511502474545
1875,False,normal,0.9360867142677307,1.0173004,0.0,0.002766751917079091,0.25432509183883667,0.0,0.0016600511502474545
1876,False,normal,0.9360851645469666,1.0173004,0.0,0.002779819769784808,0.25432509183883667,0.0,0.001667891861870885
1877,False,normal,0.9361057281494141,1.0173004,0.0,0.002608280396088958,0.25432509183883667,0.0,0.0015649682376533745
1878,False,normal,0.9361327290534973,1.0173004,0.0,0.0023832162842154503,0.25432509183883667,0.0,0.00142992977052927
1879,False,normal,0.9361616969108582,1.0173004,0.0,0.00214185519143939,0.25432509183883667,0.0,0.001285113114863634
1880,False,normal,0.9357783198356628,1.0114347,0.010000050067901611,0.00214185519143939,0.2528586685657501,0.0020000101067125797,0.001285113114863634
1881,False,normal,0.9364993572235107,1.0114347,0.0,0.0023832162842154503,0.2528586685657501,0.0,0.00142992977052927
1882,False,normal,0.9364770650863647,1.0114347,0.0,0.0025690202601253986,0.2528586685657501,0.0,0.0015414121560752391
1883,False,normal,0.936460018157959,1.0114347,0.0,0.0027107156347483397,0.2528586685657501,0.0,0.0016264293808490038
1884,False,normal,0.9364475607872009,1.0114347,0.0,0.00281497067771852,0.2528586685657501,0.0,0.0016889824066311121
1885,False,normal,0.9353309273719788,1.0173004,0.010000050067901611,0.002814970910549164,0.25432509183883667,0.0020000101067125797,0.0016889825463294982
1886,False,normal,0.9360809326171875,1.0173004,0.0,0.002814970910549164,0.25432509183883667,0.0,0.0016889825463294982
1887,False,normal,0.9356975555419922,1.0114347,0.010000050067901611,0.002814970910549164,0.2528586685657501,0.0020000101067125797,0.0016889825463294982
1888,False,normal,0.9353309273719788,1.0173004,0.010000050067901611,0.002814970910549164,0.25432509183883667,0.0020000101067125797,0.0016889825463294982
1889,False,normal,0.9360809326171875,1.0173004,0.0,0.002814970910549164,0.25432509183883667,0.0,0.0016889825463294982
1890,False,normal,0.9356890320777893,1.0114347,0.010000050067901611,0.002885846421122551,0.2528586685657501,0.0020000101067125797,0.0017315078526735305
1891,False,normal,0.936442494392395,1.0114347,0.0,0.0028571009170264006,0.2528586685657501,0.0,0.0017142605502158403
1892,False,normal,0.9364351630210876,1.0114347,0.0,0.0029181453865021467,0.2528586685657501,0.0,0.001750887231901288
1893,False,normal,0.9353185296058655,1.0173004,0.010000050067901611,0.0029181453865021467,0.25432509183883667,0.0020000101067125797,0.001750887231901288
1894,False,normal,0.9358022212982178,1.0092572,0.009999990463256836,0.0030765931587666273,0.2523142993450165,0.0019999982323497534,0.0018459558952599762
1895,False,normal,0.9352995157241821,1.0173004,0.009999990463256836,0.0030765931587666273,0.25432509183883667,0.0019999982323497534,0.0018459558952599762
1896,False,normal,0.9360495209693909,1.0173004,0.0,0.003076593391597271,0.25432509183883667,0.0,0.0018459560349583625
1897,False,normal,0.9360495209693909,1.0173004,0.0,0.003076593391597271,0.25432509183883667,0.0,0.0018459560349583625
1898,False,normal,0.9356690645217896,1.0114347,0.010000050067901611,0.0030521382577717304,0.2528586685657501,0.0020000101067125797,0.0018312829546630381
1899,False,normal,0.9348635673522949,1.0191172,0.014142129570245743,0.0031746295280754566,0.25477930903434753,0.002828426193445921,0.001904777716845274
1900,False,normal,0.9353437423706055,1.0114347,0.014142129570245743,0.0031746297609061003,0.2528586685657501,0.002828426193445921,0.00190477785654366
1901,False,normal,0.9357816576957703,1.0028958,0.014142129570245743,0.0039724139496684074,0.2507239580154419,0.002828426193445921,0.002383448369801044
1902,False,normal,0.9353735446929932,1.0092572,0.014142172411084175,0.0040599447675049305,0.2523142993450165,0.0028284345753490925,0.0024359668605029583
1903,False,normal,0.9364243149757385,1.0092572,0.0,0.00414276821538806,0.2523142993450165,0.0,0.002485660929232836
1904,False,normal,0.936414897441864,1.0092572,0.0,0.004221160896122456,0.2523142993450165,0.0,0.002532696537673473
1905,False,normal,0.9351621866226196,1.0173004,0.009999990463256836,0.004221160896122456,0.25432509183883667,0.0019999982323497534,0.002532696537673473
1906,False,normal,0.9356669187545776,1.0092572,0.009999990463256836,0.004204242955893278,0.2523142993450165,0.0019999982323497534,0.002522545773535967
1907,False,normal,0.9359784722328186,1.0033444,0.010000050067901611,0.004687272012233734,0.2508361041545868,0.0020000101067125797,0.0028123632073402405
1908,False,normal,0.935488224029541,1.0114347,0.009999990463256836,0.004559244494885206,0.2528586685657501,0.0019999982323497534,0.0027355466969311236
1909,False,normal,0.9362563490867615,1.0114347,0.0,0.004408045671880245,0.2528586685657501,0.0,0.002644827403128147
1910,False,normal,0.9351215958595276,1.0173004,0.010000050067901611,0.004559244494885206,0.25432509183883667,0.0020000101067125797,0.0027355466969311236
1911,False,normal,0.9358562231063843,1.0173004,0.0,0.004687271546572447,0.25432509183883667,0.0,0.002812362927943468
1912,False,normal,0.935472846031189,1.0114347,0.010000050067901611,0.004687272012233734,0.2528586685657501,0.0020000101067125797,0.0028123632073402405
1913,False,normal,0.9362382292747498,1.0114347,0.0,0.004559244029223919,0.2528586685657501,0.0,0.0027355464175343514
1914,False,normal,0.9362437129020691,1.0114347,0.0,0.004513374995440245,0.2528586685657501,0.0,0.0027080249972641465
1915,False,normal,0.9362611770629883,1.0114347,0.0,0.004367902874946594,0.2528586685657501,0.0,0.0026207417249679565
1916,False,normal,0.9351445436477661,1.0173004,0.010000050067901611,0.004367902874946594,0.25432509183883667,0.0020000101067125797,0.0026207417249679565
1917,False,normal,0.9355316758155823,1.0114347,0.010000050067901611,0.004196970723569393,0.2528586685657501,0.0020000101067125797,0.0025181824341416357
1918,False,normal,0.936281681060791,1.0114347,0.0,0.004196970257908106,0.2528586685657501,0.0,0.0025181821547448635
1919,False,normal,0.9353968501091003,1.0092572,0.014142164029181004,0.0038657141849398613,0.2523142993450165,0.0028284327127039433,0.0023194285109639167
1920,False,normal,0.936454713344574,1.0092572,0.0,0.0038890650030225515,0.2523142993450165,0.0,0.0023334390018135307
1921,False,normal,0.9352338910102844,1.0173004,0.009999990463256836,0.0036234811414033175,0.25432509183883667,0.0019999982323497534,0.00217408868484199
1922,False,normal,0.935967743396759,1.0173004,0.0,0.003757982514798641,0.25432509183883667,0.0,0.0022547895088791845
1923,False,normal,0.9359571933746338,1.0173004,0.0,0.0038460094947367907,0.25432509183883667,0.0,0.0023076056968420744
1924,False,normal,0.935951828956604,1.0173004,0.0,0.0038907169364392757,0.25432509183883667,0.0,0.0023344301618635653
1925,False,normal,0.9355818629264832,1.0114347,0.010000050067901611,0.0037787221372127533,0.2528586685657501,0.0020000101067125797,0.0022672332823276517
1926,False,normal,0.9363405108451843,1.0114347,0.0,0.003707017982378602,0.2528586685657501,0.0,0.002224210789427161
1927,False,normal,0.9364223480224609,1.0114347,0.0,0.0030246060341596603,0.2528586685657501,0.0,0.001814763620495796
1928,False,normal,0.9352948665618896,1.0173004,0.010000050067901611,0.003115452826023102,0.25432509183883667,0.0020000101067125797,0.001869271695613861
1929,False,normal,0.936037540435791,1.0173004,0.0,0.0031767620239406824,0.25432509183883667,0.0,0.0019060572143644093
1930,False,normal,0.936037540435791,1.0173004,0.0,0.0031767620239406824,0.25432509183883667,0.0,0.0019060572143644093
1931,False,normal,0.936037540435791,1.0173004,0.0,0.0031767620239406824,0.25432509183883667,0.0,0.0019060572143644093
1932,False,normal,0.9360334873199463,1.0173004,0.0,0.0032102270051836967,0.25432509183883667,0.0,0.001926136203110218
1933,False,normal,0.9360327124595642,1.0173004,0.0,0.003216716693714261,0.25432509183883667,0.0,0.0019300300162285566
1934,False,normal,0.9357693195343018,1.0092572,0.009999990463256836,0.0033507535699754953,0.2523142993450165,0.0019999982323497534,0.002010452141985297
1935,False,normal,0.9365043044090271,1.0092572,0.0,0.0034762234427034855,0.2523142993450165,0.0,0.002085734065622091
1936,False,normal,0.9364940524101257,1.0092572,0.0,0.0035614189691841602,0.2523142993450165,0.0,0.002136851381510496
1937,False,normal,0.9364816546440125,1.0092572,0.0,0.0036645610816776752,0.2523142993450165,0.0,0.002198736649006605
1938,False,normal,0.9364700317382812,1.0092572,0.0,0.003761728759855032,0.2523142993450165,0.0,0.002257037255913019
1939,False,normal,0.9364700317382812,1.0092572,0.0,0.0037617285270243883,0.2523142993450165,0.0,0.002257037116214633
1940,False,normal,0.9364700317382812,1.0092572,0.0,0.0037617285270243883,0.2523142993450165,0.0,0.002257037116214633
1941,False,normal,0.9364684224128723,1.0092572,0.0,0.0037751265335828066,0.2523142993450165,0.0,0.002265075920149684
1942,False,normal,0.9364719390869141,1.0092572,0.0,0.0037455426063388586,0.2523142993450165,0.0,0.002247325563803315
1943,False,normal,0.9364807605743408,1.0092572,0.0,0.00367193971760571,0.2523142993450165,0.0,0.002203163830563426
1944,False,normal,0.9364952445030212,1.0092572,0.0,0.0035515811759978533,0.2523142993450165,0.0,0.002130948705598712
1945,False,normal,0.9364894032478333,1.0092572,0.0,0.003600186435505748,0.2523142993450165,0.0,0.0021601118613034484
1946,False,normal,0.9364840388298035,1.0092572,0.0,0.003644893178716302,0.2523142993450165,0.0,0.002186935907229781
1947,False,normal,0.9364790916442871,1.0092572,0.0,0.003685843199491501,0.2523142993450165,0.0,0.0022115059196949004
1948,False,normal,0.9365034699440002,1.0092572,0.0,0.0034827948547899723,0.2523142993450165,0.0,0.0020896769128739834
1949,False,normal,0.9365353584289551,1.0092572,0.0,0.003217268269509077,0.2523142993450165,0.0,0.001930360961705446
1950,False,normal,0.936576783657074,1.0092572,0.0,0.0028719857800751925,0.2523142993450165,0.0,0.0017231914680451155
1951,False,normal,0.9366318583488464,1.0092572,0.0,0.0024129508528858423,0.2523142993450165,0.0,0.0014477705117315054
1952,False,normal,0.9355424642562866,1.015234,0.009999990463256836,0.0021282234229147434,0.25380849838256836,0.0019999982323497534,0.001276934053748846
1953,False,normal,0.9363327026367188,1.015234,0.0,0.0017930387984961271,0.25380849838256836,0.0,0.0010758232790976762
1954,False,normal,0.9359562397003174,1.0092572,0.009999990463256836,0.0017930387984961271,0.2523142993450165,0.0019999982323497534,0.0010758232790976762
1955,False,normal,0.9367062449455261,1.0092572,0.0,0.0017930387984961271,0.2523142993450165,0.0,0.0010758232790976762
1956,False,normal,0.9367062449455261,1.0092572,0.0,0.001793038914911449,0.2523142993450165,0.0,0.0010758233489468693
1957,False,normal,0.9367062449455261,1.0092572,0.0,0.001793038914911449,0.2523142993450165,0.0,0.0010758233489468693
1958,False,normal,0.9367062449455261,1.0092572,0.0,0.001793038914911449,0.2523142993450165,0.0,0.0010758233489468693
1959,False,normal,0.9367062449455261,1.0092572,0.0,0.001793038914911449,0.2523142993450165,0.0,0.0010758233489468693
1960,False,normal,0.9367062449455261,1.0092572,0.0,0.001793038914911449,0.2523142993450165,0.0,0.0010758233489468693
1961,False,normal,0.9353795647621155,1.0173004,0.009999990463256836,0.002409805543720722,0.25432509183883667,0.0019999982323497534,0.0014458833262324332
1962,False,normal,0.9358822107315063,1.0092572,0.009999990463256836,0.002409805543720722,0.2523142993450165,0.0019999982323497534,0.0014458833262324332
1963,False,normal,0.9366322755813599,1.0092572,0.0,0.002409805543720722,0.2523142993450165,0.0,0.0014458833262324332
1964,False,normal,0.9366322755813599,1.0092572,0.0,0.002409805543720722,0.2523142993450165,0.0,0.0014458833262324332
1965,False,normal,0.9366322755813599,1.0092572,0.0,0.0024098053108900785,0.2523142993450165,0.0,0.0014458831865340471
1966,False,normal,0.9366322755813599,1.0092572,0.0,0.0024098053108900785,0.2523142993450165,0.0,0.0014458831865340471
1967,False,normal,0.9366322755813599,1.0092572,0.0,0.0024098053108900785,0.2523142993450165,0.0,0.0014458831865340471
1968,False,normal,0.9353277087211609,1.0173004,0.009999990463256836,0.002841808134689927,0.25432509183883667,0.0019999982323497534,0.0017050848808139562
1969,False,normal,0.9360388517379761,1.0173004,0.0,0.003165615489706397,0.25432509183883667,0.0,0.0018993692938238382
1970,False,normal,0.9356586337089539,1.0114347,0.010000050067901611,0.003139026463031769,0.2528586685657501,0.0020000101067125797,0.0018834158778190612
1971,False,normal,0.9364123344421387,1.0114347,0.0,0.003108399221673608,0.2528586685657501,0.0,0.0018650395330041647
1972,False,normal,0.9352765083312988,1.0173004,0.010000050067901611,0.003268362721428275,0.25432509183883667,0.0020000101067125797,0.001961017632856965
1973,False,normal,0.935790479183197,1.0092572,0.009999990463256836,0.0031744271982461214,0.2523142993450165,0.0019999982323497534,0.0019046563189476728
1974,False,normal,0.9365404844284058,1.0092572,0.0,0.0031744271982461214,0.2523142993450165,0.0,0.0019046563189476728
1975,False,normal,0.9354056715965271,1.015234,0.009999990463256836,0.003268362721428275,0.25380849838256836,0.0019999982323497534,0.001961017632856965
1976,False,normal,0.9357792139053345,1.0092572,0.009999990463256836,0.003268362721428275,0.2523142993450165,0.0019999982323497534,0.001961017632856965
1977,False,normal,0.9365292191505432,1.0092572,0.0,0.003268362721428275,0.2523142993450165,0.0,0.001961017632856965
1978,False,normal,0.9365292191505432,1.0092572,0.0,0.003268362721428275,0.2523142993450165,0.0,0.001961017632856965
1979,False,normal,0.9365292191505432,1.0092572,0.0,0.003268362721428275,0.2523142993450165,0.0,0.001961017632856965
1980,False,normal,0.9365292191505432,1.0092572,0.0,0.003268362721428275,0.2523142993450165,0.0,0.001961017632856965
1981,False,normal,0.9365615248680115,1.0092572,0.0,0.002999197691679001,0.2523142993450165,0.0,0.0017995186150074004
1982,False,normal,0.9352765083312988,1.0173004,0.009999990463256836,0.003268362721428275,0.25432509183883667,0.0019999982323497534,0.001961017632856965
1983,False,normal,0.936002254486084,1.0173004,0.0,0.003470697673037648,0.25432509183883667,0.0,0.0020824186038225887
1984,False,normal,0.9359846115112305,1.0173004,0.0,0.003617433365434408,0.25432509183883667,0.0,0.0021704600192606447
1985,False,normal,0.9357373118400574,1.0092572,0.009999990463256836,0.003617433365434408,0.2523142993450165,0.0019999982323497534,0.0021704600192606447
1986,False,normal,0.9352229237556458,1.0173004,0.009999990463256836,0.0037151642609387636,0.25432509183883667,0.0019999982323497534,0.0022290985565632583
1987,False,normal,0.9357255697250366,1.0092572,0.009999990463256836,0.00371516402810812,0.2523142993450165,0.0019999982323497534,0.0022290984168648717
1988,False,normal,0.9364873170852661,1.0092572,0.0,0.003617433365434408,0.2523142993450165,0.0,0.0021704600192606447
1989,False,normal,0.9353781938552856,1.015234,0.009999990463256836,0.003497424302622676,0.25380849838256836,0.0019999982323497534,0.0020984545815736053
1990,False,normal,0.9357454776763916,1.0092572,0.009999990463256836,0.003549430286511779,0.2523142993450165,0.0019999982323497534,0.002129658171907067
1991,False,normal,0.9353638887405396,1.015234,0.009999990463256836,0.0036164894700050354,0.25380849838256836,0.0019999982323497534,0.0021698936820030213
1992,False,normal,0.9361283779144287,1.015234,0.0,0.0034957914613187313,0.25380849838256836,0.0,0.002097474876791239
1993,False,normal,0.9361280202865601,1.015234,0.0,0.0034987807739526033,0.25380849838256836,0.0,0.002099268464371562
1994,False,normal,0.9357515573501587,1.0092572,0.009999990463256836,0.0034987807739526033,0.2523142993450165,0.0019999982323497534,0.002099268464371562
1995,False,normal,0.9365019202232361,1.0092572,0.0,0.0034957914613187313,0.2523142993450165,0.0,0.002097474876791239
1996,False,normal,0.9352354407310486,1.0173004,0.009999990463256836,0.0036108384374529123,0.25432509183883667,0.0019999982323497534,0.002166503062471747
1997,False,normal,0.9359772801399231,1.0173004,0.0,0.003678625915199518,0.25432509183883667,0.0,0.0022071755491197107
1998,False,normal,0.9359745383262634,1.0173004,0.0,0.003701751120388508,0.25432509183883667,0.0,0.0022210506722331047
1999,False,normal,0.9357272386550903,1.0092572,0.009999990463256836,0.003701751120388508,0.2523142993450165,0.0019999982323497534,0.0022210506722331047
2000,False,normal,0.9364771842956543,1.0092572,0.0,0.003701751120388508,0.2523142993450165,0.0,0.0022210506722331047
2001,False,normal,0.9364771842956543,1.0092572,0.0,0.003701751120388508,0.2523142993450165,0.0,0.0022210506722331047
2002,False,normal,0.9364799857139587,1.0092572,0.0,0.003678626148030162,0.2523142993450165,0.0,0.002207175688818097
2003,False,normal,0.936488151550293,1.0092572,0.0,0.0036108389031141996,0.2523142993450165,0.0,0.0021665033418685198
2004,False,normal,0.9365019202232361,1.0092572,0.0,0.0034957914613187313,0.2523142993450165,0.0,0.002097474876791239
2005,False,normal,0.9365019202232361,1.0092572,0.0,0.0034957914613187313,0.2523142993450165,0.0,0.002097474876791239
2006,False,normal,0.9365220069885254,1.0092572,0.0,0.0033285876270383596,0.2523142993450165,0.0,0.001997152576223016
2007,False,normal,0.9365220069885254,1.0092572,0.0,0.0033285876270383596,0.2523142993450165,0.0,0.001997152576223016
2008,False,normal,0.9365220069885254,1.0092572,0.0,0.0033285876270383596,0.2523142993450165,0.0,0.001997152576223016
2009,False,normal,0.9365299940109253,1.0092572,0.0,0.003261841833591461,0.2523142993450165,0.0,0.001957105100154877
2010,False,normal,0.9365299940109253,1.0092572,0.0,0.003261841833591461,0.2523142993450165,0.0,0.001957105100154877
2011,False,normal,0.9365415573120117,1.0092572,0.0,0.0031656152568757534,0.2523142993450165,0.0,0.001899369154125452
2012,False,normal,0.9365569949150085,1.0092572,0.0,0.003037107177078724,0.2523142993450165,0.0,0.0018222643062472343
2013,False,normal,0.936576783657074,1.0092572,0.0,0.002871986012905836,0.2523142993450165,0.0,0.0017231916077435016
2014,False,normal,0.936576783657074,1.0092572,0.0,0.0028719857800751925,0.2523142993450165,0.0,0.0017231914680451155
2015,False,normal,0.936576783657074,1.0092572,0.0,0.0028719857800751925,0.2523142993450165,0.0,0.0017231914680451155
2016,False,normal,0.9366318583488464,1.0092572,0.0,0.0024129508528858423,0.2523142993450165,0.0,0.0014477705117315054
2017,False,normal,0.9367110729217529,1.0092572,0.0,0.0017529684118926525,0.2523142993450165,0.0,0.0010517810471355916
2018,False,normal,0.9369214177131653,1.0092572,0.0,1.1920928955078125e-07,0.2523142993450165,0.0,7.152557373046875e-08
2019,False,normal,0.9369214177131653,1.0092572,0.0,1.1920928955078125e-07,0.2523142993450165,0.0,7.152557373046875e-08
2020,False,normal,0.9369214177131653,1.0092572,0.0,1.1920928955078125e-07,0.2523142993450165,0.0,7.152557373046875e-08
2021,False,normal,0.9354583621025085,1.0173004,0.009999990463256836,0.0017529682954773307,0.25432509183883667,0.0019999982323497534,0.0010517809772863983
2022,False,normal,0.9359610676765442,1.0092572,0.009999990463256836,0.0017529682954773307,0.2523142993450165,0.0019999982323497534,0.0010517809772863983
2023,False,normal,0.935379147529602,1.0173004,0.009999990463256836,0.002412951085716486,0.25432509183883667,0.0019999982323497534,0.0014477706514298915
2024,False,normal,0.9360740780830383,1.0173004,0.0,0.0028719862457364798,0.25432509183883667,0.0,0.001723191747441888
2025,False,normal,0.9360326528549194,1.0173004,0.0,0.0032172680366784334,0.25432509183883667,0.0,0.00193036082200706
2026,False,normal,0.9357853531837463,1.0092572,0.009999990463256836,0.0032172680366784334,0.2523142993450165,0.0019999982323497534,0.00193036082200706
2027,False,normal,0.9365353584289551,1.0092572,0.0,0.0032172680366784334,0.2523142993450165,0.0,0.00193036082200706
2028,False,normal,0.9365353584289551,1.0092572,0.0,0.0032172680366784334,0.2523142993450165,0.0,0.00193036082200706
2029,False,normal,0.9365353584289551,1.0092572,0.0,0.003217268269509077,0.2523142993450165,0.0,0.001930360961705446
2030,False,normal,0.9365353584289551,1.0092572,0.0,0.003217268269509077,0.2523142993450165,0.0,0.001930360961705446
2031,False,normal,0.9365353584289551,1.0092572,0.0,0.003217268269509077,0.2523142993450165,0.0,0.001930360961705446
2032,False,normal,0.9365353584289551,1.0092572,0.0,0.003217268269509077,0.2523142993450165,0.0,0.001930360961705446
2033,False,normal,0.9365353584289551,1.0092572,0.0,0.003217268269509077,0.2523142993450165,0.0,0.001930360961705446
2034,False,normal,0.9365353584289551,1.0092572,0.0,0.003217268269509077,0.2523142993450165,0.0,0.001930360961705446
2035,False,normal,0.9365353584289551,1.0092572,0.0,0.003217268269509077,0.2523142993450165,0.0,0.001930360961705446
2036,False,normal,0.9365353584289551,1.0092572,0.0,0.003217268269509077,0.2523142993450165,0.0,0.001930360961705446
2037,False,normal,0.9365353584289551,1.0092572,0.0,0.003217268269509077,0.2523142993450165,0.0,0.001930360961705446
2038,False,normal,0.9365353584289551,1.0092572,0.0,0.003217268269509077,0.2523142993450165,0.0,0.001930360961705446
2039,False,normal,0.9365353584289551,1.0092572,0.0,0.003217268269509077,0.2523142993450165,0.0,0.001930360961705446
2040,False,normal,0.9365353584289551,1.0092572,0.0,0.003217268269509077,0.2523142993450165,0.0,0.001930360961705446
2041,False,normal,0.936576783657074,1.0092572,0.0,0.0028719857800751925,0.2523142993450165,0.0,0.0017231914680451155
2042,False,normal,0.936576783657074,1.0092572,0.0,0.0028719857800751925,0.2523142993450165,0.0,0.0017231914680451155
2043,False,normal,0.9366318583488464,1.0092572,0.0,0.0024129508528858423,0.2523142993450165,0.0,0.0014477705117315054
2044,False,normal,0.935379147529602,1.0173004,0.009999990463256836,0.002412951085716486,0.25432509183883667,0.0019999982323497534,0.0014477706514298915
2045,False,normal,0.9361291527748108,1.0173004,0.0,0.002412951085716486,0.25432509183883667,0.0,0.0014477706514298915
2046,False,normal,0.9357445240020752,1.0114347,0.010000050067901611,0.0024233057629317045,0.2528586685657501,0.0020000101067125797,0.0014539834577590226
2047,False,normal,0.9364938735961914,1.0114347,0.0,0.0024287409614771605,0.2528586685657501,0.0,0.0014572445768862962
2048,False,normal,0.9353261590003967,1.0173004,0.010000050067901611,0.0028547532856464386,0.25432509183883667,0.0020000101067125797,0.0017128519713878632
2049,False,normal,0.9358288645744324,1.0092572,0.009999990463256836,0.0028547532856464386,0.2523142993450165,0.0019999982323497534,0.0017128519713878632
2050,False,normal,0.9354379773139954,1.015234,0.009999990463256836,0.002999197691679001,0.25380849838256836,0.0019999982323497534,0.0017995186150074004
2051,False,normal,0.9361748695373535,1.015234,0.0,0.003108399221673608,0.25380849838256836,0.0,0.0018650395330041647
2052,False,normal,0.9361655712127686,1.015234,0.0,0.0031859842129051685,0.25380849838256836,0.0,0.001911590527743101
2053,False,normal,0.9361597895622253,1.015234,0.0,0.0032342285849153996,0.25380849838256836,0.0,0.0019405371509492396
2054,False,normal,0.935783326625824,1.0092572,0.009999990463256836,0.0032342285849153996,0.2523142993450165,0.0019999982323497534,0.0019405371509492396
2055,False,normal,0.9352630972862244,1.0173004,0.009999990463256836,0.0033802599646151066,0.25432509183883667,0.0019999982323497534,0.002028155978769064
2056,False,normal,0.93576580286026,1.0092572,0.009999990463256836,0.0033802601974457502,0.2523142993450165,0.0019999982323497534,0.00202815611846745
2057,False,normal,0.9365158081054688,1.0092572,0.0,0.003380259731784463,0.2523142993450165,0.0,0.0020281558390706778
2058,False,normal,0.9365158081054688,1.0092572,0.0,0.003380259731784463,0.2523142993450165,0.0,0.0020281558390706778
2059,False,normal,0.9365158081054688,1.0092572,0.0,0.003380259731784463,0.2523142993450165,0.0,0.0020281558390706778
2060,False,normal,0.9365158081054688,1.0092572,0.0,0.003380259731784463,0.2523142993450165,0.0,0.0020281558390706778
2061,False,normal,0.9365158081054688,1.0092572,0.0,0.003380259731784463,0.2523142993450165,0.0,0.0020281558390706778
2062,False,normal,0.9365158081054688,1.0092572,0.0,0.003380259731784463,0.2523142993450165,0.0,0.0020281558390706778
2063,False,normal,0.9365158081054688,1.0092572,0.0,0.003380259731784463,0.2523142993450165,0.0,0.0020281558390706778
2064,False,normal,0.9354073405265808,1.015234,0.009999990463256836,0.003254437353461981,0.25380849838256836,0.0019999982323497534,0.0019526624120771883
2065,False,normal,0.9361734390258789,1.015234,0.0,0.003120131092146039,0.25380849838256836,0.0,0.0018720786552876233
2066,False,normal,0.9357900619506836,1.0092572,0.009999990463256836,0.003177936188876629,0.2523142993450165,0.0019999982323497534,0.0019067617133259772
2067,False,normal,0.9365336894989014,1.0092572,0.0,0.0032310413662344217,0.2523142993450165,0.0,0.0019386248197406529
2068,False,normal,0.9365587830543518,1.0092572,0.0,0.003021980170160532,0.2523142993450165,0.0,0.0018131881020963191
2069,False,normal,0.9365587830543518,1.0092572,0.0,0.003021980170160532,0.2523142993450165,0.0,0.0018131881020963191
2070,False,normal,0.9365701675415039,1.0092572,0.0,0.0029272818937897682,0.2523142993450165,0.0,0.001756369136273861
2071,False,normal,0.9365857243537903,1.0092572,0.0,0.002797674620524049,0.2523142993450165,0.0,0.0016786047723144292
2072,False,normal,0.9366060495376587,1.0092572,0.0,0.002627998823300004,0.2523142993450165,0.0,0.0015767992939800023
2073,False,normal,0.9353277087211609,1.0173004,0.009999990463256836,0.002841808134689927,0.25432509183883667,0.0019999982323497534,0.0017050848808139562
2074,False,normal,0.9358304142951965,1.0092572,0.009999990463256836,0.0028418079018592834,0.2523142993450165,0.0019999982323497534,0.0017050847411155701
2075,False,normal,0.9366322755813599,1.0092572,0.0,0.002409805543720722,0.2523142993450165,0.0,0.0014458833262324332
2076,False,normal,0.9366322755813599,1.0092572,0.0,0.002409805543720722,0.2523142993450165,0.0,0.0014458833262324332
2077,False,normal,0.9366322755813599,1.0092572,0.0,0.0024098053108900785,0.2523142993450165,0.0,0.0014458831865340471
2078,False,normal,0.9353277087211609,1.0173004,0.009999990463256836,0.0028418079018592834,0.25432509183883667,0.0019999982323497534,0.0017050847411155701
2079,False,normal,0.9360388517379761,1.0173004,0.0,0.003165615489706397,0.25432509183883667,0.0,0.0018993692938238382
2080,False,normal,0.935791552066803,1.0092572,0.009999990463256836,0.003165615489706397,0.2523142993450165,0.0019999982323497534,0.0018993692938238382
2081,False,normal,0.9365415573120117,1.0092572,0.0,0.003165615489706397,0.2523142993450165,0.0,0.0018993692938238382
2082,False,normal,0.9365415573120117,1.0092572,0.0,0.0031656152568757534,0.2523142993450165,0.0,0.001899369154125452
2083,False,normal,0.9365415573120117,1.0092572,0.0,0.0031656152568757534,0.2523142993450165,0.0,0.001899369154125452
2084,False,normal,0.9352691769599915,1.0173004,0.009999990463256836,0.0033295892644673586,0.25432509183883667,0.0019999982323497534,0.001997753558680415
2085,False,normal,0.9357853531837463,1.0092572,0.009999990463256836,0.0032172680366784334,0.2523142993450165,0.0019999982323497534,0.00193036082200706
2086,False,normal,0.9365353584289551,1.0092572,0.0,0.003217268269509077,0.2523142993450165,0.0,0.001930360961705446
2087,False,normal,0.9365353584289551,1.0092572,0.0,0.003217268269509077,0.2523142993450165,0.0,0.001930360961705446
2088,False,normal,0.9365353584289551,1.0092572,0.0,0.003217268269509077,0.2523142993450165,0.0,0.001930360961705446
2089,False,normal,0.9365353584289551,1.0092572,0.0,0.003217268269509077,0.2523142993450165,0.0,0.001930360961705446
2090,False,normal,0.9365353584289551,1.0092572,0.0,0.003217268269509077,0.2523142993450165,0.0,0.001930360961705446
2091,False,normal,0.9365353584289551,1.0092572,0.0,0.003217268269509077,0.2523142993450165,0.0,0.001930360961705446
2092,False,normal,0.9365353584289551,1.0092572,0.0,0.003217268269509077,0.2523142993450165,0.0,0.001930360961705446
2093,False,normal,0.9354333877563477,1.015234,0.009999990463256836,0.003037107177078724,0.25380849838256836,0.0019999982323497534,0.0018222643062472343
2094,False,normal,0.9358069896697998,1.0092572,0.009999990463256836,0.003037107177078724,0.2523142993450165,0.0019999982323497534,0.0018222643062472343
2095,False,normal,0.9365569949150085,1.0092572,0.0,0.0030371069442480803,0.2523142993450165,0.0,0.0018222641665488482
2096,False,normal,0.9365569949150085,1.0092572,0.0,0.003037107177078724,0.2523142993450165,0.0,0.0018222643062472343
2097,False,normal,0.9352691769599915,1.0173004,0.009999990463256836,0.0033295892644673586,0.25432509183883667,0.0019999982323497534,0.001997753558680415
2098,False,normal,0.9360191822052002,1.0173004,0.0,0.0033295892644673586,0.25432509183883667,0.0,0.001997753558680415
2099,False,normal,0.9360191822052002,1.0173004,0.0,0.0033295894972980022,0.25432509183883667,0.0,0.001997753698378801
2100,False,normal,0.9357718825340271,1.0092572,0.009999990463256836,0.0033295892644673586,0.2523142993450165,0.0019999982323497534,0.001997753558680415
2101,False,normal,0.9365218877792358,1.0092572,0.0,0.0033295892644673586,0.2523142993450165,0.0,0.001997753558680415
2102,False,normal,0.9365218877792358,1.0092572,0.0,0.0033295892644673586,0.2523142993450165,0.0,0.001997753558680415
2103,False,normal,0.9352423548698425,1.0173004,0.009999990463256836,0.0035531464964151382,0.25432509183883667,0.0019999982323497534,0.0021318878978490827
2104,False,normal,0.9359923601150513,1.0173004,0.0,0.0035531464964151382,0.25432509183883667,0.0,0.0021318878978490827
2105,False,normal,0.9357450604438782,1.0092572,0.009999990463256836,0.0035531462635844946,0.2523142993450165,0.0019999982323497534,0.0021318877581506966
2106,False,normal,0.9364950656890869,1.0092572,0.0,0.0035531462635844946,0.2523142993450165,0.0,0.0021318877581506966
2107,False,normal,0.9364950656890869,1.0092572,0.0,0.0035531462635844946,0.2523142993450165,0.0,0.0021318877581506966
2108,False,normal,0.9364950656890869,1.0092572,0.0,0.0035531462635844946,0.2523142993450165,0.0,0.0021318877581506966
2109,False,normal,0.9352222681045532,1.0173004,0.009999990463256836,0.003720224369317293,0.25432509183883667,0.0019999982323497534,0.0022321346215903757
2110,False,normal,0.9359581470489502,1.0173004,0.0,0.0038382066413760185,0.25432509183883667,0.0,0.002302923984825611
2111,False,normal,0.9357108473777771,1.0092572,0.009999990463256836,0.0038382066413760185,0.2523142993450165,0.0019999982323497534,0.002302923984825611
2112,False,normal,0.9351993203163147,1.0173004,0.009999990463256836,0.003911537118256092,0.25432509183883667,0.0019999982323497534,0.0023469222709536553
2113,False,normal,0.9359385371208191,1.0173004,0.0,0.004001426510512829,0.25432509183883667,0.0,0.002400855906307697
2114,False,normal,0.9359361529350281,1.0173004,0.0,0.004021584987640381,0.25432509183883667,0.0,0.0024129509925842284
2115,False,normal,0.9359385371208191,1.0173004,0.0,0.004001426510512829,0.25432509183883667,0.0,0.002400855906307697
2116,False,normal,0.9359458684921265,1.0173004,0.0,0.003940332215279341,0.25432509183883667,0.0,0.002364199329167604
2117,False,normal,0.9359458684921265,1.0173004,0.0,0.003940332215279341,0.25432509183883667,0.0,0.002364199329167604
2118,False,normal,0.935691237449646,1.0092572,0.009999990463256836,0.004001426510512829,0.2523142993450165,0.0019999982323497534,0.002400855906307697
2119,False,normal,0.9364388585090637,1.0092572,0.0,0.004021585453301668,0.2523142993450165,0.0,0.0024129512719810006
2120,False,normal,0.9364388585090637,1.0092572,0.0,0.004021585453301668,0.2523142993450165,0.0,0.0024129512719810006
2121,False,normal,0.9364388585090637,1.0092572,0.0,0.004021585453301668,0.2523142993450165,0.0,0.0024129512719810006
2122,False,normal,0.9351885318756104,1.0173004,0.009999990463256836,0.004001426510512829,0.25432509183883667,0.0019999982323497534,0.002400855906307697
2123,False,normal,0.9359385371208191,1.0173004,0.0,0.004001426510512829,0.25432509183883667,0.0,0.002400855906307697
2124,False,normal,0.9359385371208191,1.0173004,0.0,0.004001426510512829,0.25432509183883667,0.0,0.002400855906307697
2125,False,normal,0.9359458684921265,1.0173004,0.0,0.003940332215279341,0.25432509183883667,0.0,0.002364199329167604
2126,False,normal,0.9359583854675293,1.0173004,0.0,0.0038363474886864424,0.25432509183883667,0.0,0.0023018084932118653
2127,False,normal,0.9357110261917114,1.0092572,0.009999990463256836,0.0038363474886864424,0.2523142993450165,0.0019999982323497534,0.0023018084932118653
2128,False,normal,0.9364610910415649,1.0092572,0.0,0.0038363474886864424,0.2523142993450165,0.0,0.0023018084932118653
2129,False,normal,0.9364485740661621,1.0092572,0.0,0.003940332680940628,0.2523142993450165,0.0,0.002364199608564377
2130,False,normal,0.9351958632469177,1.0173004,0.009999990463256836,0.003940332680940628,0.25432509183883667,0.0019999982323497534,0.002364199608564377
2131,False,normal,0.9359583854675293,1.0173004,0.0,0.0038363474886864424,0.25432509183883667,0.0,0.0023018084932118653
2132,False,normal,0.9352378249168396,1.016858,0.010000001639127731,0.003821298712864518,0.25421449542045593,0.0020000003278255463,0.0022927792277187106
2133,False,normal,0.9359896183013916,1.016858,0.0,0.0038060613442212343,0.25421449542045593,0.0,0.0022836368065327407
2134,False,normal,0.9352120161056519,1.0173004,0.010000001639127731,0.003806061577051878,0.25432509183883667,0.0020000003278255463,0.002283636946231127
2135,False,normal,0.9357026815414429,1.0092572,0.009999990463256836,0.003906299825757742,0.2523142993450165,0.0019999982323497534,0.002343779895454645
2136,False,normal,0.9364458322525024,1.0092572,0.0,0.0039634318090975285,0.2523142993450165,0.0,0.002378059085458517
2137,False,normal,0.9353307485580444,1.015234,0.009999990463256836,0.0038928857538849115,0.25380849838256836,0.0019999982323497534,0.0023357314523309467
2138,False,normal,0.9348965883255005,1.0173004,0.014142122119665146,0.003845523577183485,0.25432509183883667,0.0028284243308007717,0.0023073141463100908
2139,False,normal,0.9359681606292725,1.0173004,0.0,0.003754740348085761,0.25432509183883667,0.0,0.0022528442088514565
2140,False,normal,0.9359846711158752,1.0173004,0.0,0.003617269219830632,0.25432509183883667,0.0,0.002170361531898379
2141,False,normal,0.9360074400901794,1.0173004,0.0,0.0034274973440915346,0.25432509183883667,0.0,0.002056498406454921
2142,False,normal,0.9360074400901794,1.0173004,0.0,0.0034274973440915346,0.25432509183883667,0.0,0.002056498406454921
2143,False,normal,0.9360074400901794,1.0173004,0.0,0.0034274973440915346,0.25432509183883667,0.0,0.002056498406454921
2144,False,normal,0.9352865815162659,1.016858,0.010000001639127731,0.003414901439100504,0.25421449542045593,0.0020000003278255463,0.0020489408634603024
2145,False,normal,0.9360381364822388,1.016858,0.0,0.0034021148458123207,0.25421449542045593,0.0,0.0020412689074873923
2146,False,normal,0.9360396862030029,1.016858,0.0,0.003389136167243123,0.25421449542045593,0.0,0.002033481700345874
2147,False,normal,0.9352915287017822,1.0173004,0.010000001639127731,0.0031431280076503754,0.25432509183883667,0.0020000003278255463,0.001885876804590225
2148,False,normal,0.9360803961753845,1.0173004,0.0,0.002819361397996545,0.25432509183883667,0.0,0.001691616838797927
2149,False,normal,0.9361323714256287,1.0173004,0.0,0.002386395586654544,0.25432509183883667,0.0,0.0014318373519927262
2150,False,normal,0.9361323714256287,1.0173004,0.0,0.002386395586654544,0.25432509183883667,0.0,0.0014318373519927262
2151,False,normal,0.9358330965042114,1.0092572,0.009999990463256836,0.002819361397996545,0.2523142993450165,0.0019999982323497534,0.001691616838797927
2152,False,normal,0.9365429282188416,1.0092572,0.0,0.0031542994547635317,0.2523142993450165,0.0,0.001892579672858119
2153,False,normal,0.9352889060974121,1.0173004,0.009999990463256836,0.0031652769539505243,0.25432509183883667,0.0019999982323497534,0.0018991661723703145
2154,False,normal,0.9360389113426208,1.0173004,0.0,0.003165277186781168,0.25432509183883667,0.0,0.0018991663120687006
2155,False,normal,0.9357916116714478,1.0092572,0.009999990463256836,0.003165277186781168,0.2523142993450165,0.0019999982323497534,0.0018991663120687006
2156,False,normal,0.9353281855583191,1.0173004,0.009999990463256836,0.002837770851328969,0.25432509183883667,0.0019999982323497534,0.0017026625107973814
2157,False,normal,0.9360769391059875,1.0173004,0.0,0.002848357195034623,0.25432509183883667,0.0,0.0017090143170207738
2158,False,normal,0.935675323009491,1.0114347,0.010000050067901611,0.003000139258801937,0.2528586685657501,0.0020000101067125797,0.0018000835552811623
2159,False,normal,0.9364112615585327,1.0114347,0.0,0.003117130370810628,0.2528586685657501,0.0,0.0018702782224863767
2160,False,normal,0.9352946877479553,1.0173004,0.010000050067901611,0.003117130370810628,0.25432509183883667,0.0020000101067125797,0.0018702782224863767
2161,False,normal,0.9353237152099609,1.016858,0.010000001639127731,0.0031054047867655754,0.25421449542045593,0.0020000003278255463,0.001863242872059345
2162,False,normal,0.9352960586547852,1.0173004,0.010000001639127731,0.0031054047867655754,0.25432509183883667,0.0020000003278255463,0.001863242872059345
2163,False,normal,0.9360460638999939,1.0173004,0.0,0.0031054047867655754,0.25432509183883667,0.0,0.001863242872059345
2164,False,normal,0.9360446929931641,1.0173004,0.0,0.0031171301379799843,0.25432509183883667,0.0,0.0018702780827879904
2165,False,normal,0.9360432624816895,1.0173004,0.0,0.003128655254840851,0.25432509183883667,0.0,0.0018771931529045103
2166,False,normal,0.9357649683952332,1.0092572,0.009999990463256836,0.003387095872312784,0.2523142993450165,0.0019999982323497534,0.0020322575233876704
2167,False,normal,0.9352622628211975,1.0173004,0.009999990463256836,0.0033870956394821405,0.25432509183883667,0.0019999982323497534,0.0020322573836892843
2168,False,normal,0.9360122680664062,1.0173004,0.0,0.0033870956394821405,0.25432509183883667,0.0,0.0020322573836892843
2169,False,normal,0.9360122680664062,1.0173004,0.0,0.0033870956394821405,0.25432509183883667,0.0,0.0020322573836892843
2170,False,normal,0.9360122680664062,1.0173004,0.0,0.003387095872312784,0.25432509183883667,0.0,0.0020322575233876704
2171,False,normal,0.9360419511795044,1.0173004,0.0,0.0031399819999933243,0.25432509183883667,0.0,0.0018839891999959946
2172,False,normal,0.9353597164154053,1.016858,0.010000001639127731,0.002805330790579319,0.25421449542045593,0.0020000003278255463,0.0016831984743475913
2173,False,normal,0.9361109137535095,1.016858,0.0,0.002795655280351639,0.25421449542045593,0.0,0.0016773931682109832
2174,False,normal,0.936112105846405,1.016858,0.0,0.0027857706882059574,0.25421449542045593,0.0,0.0016714624129235743
2175,False,normal,0.9353859424591064,1.0173004,0.010000001639127731,0.0023567001335322857,0.25432509183883667,0.0020000003278255463,0.0014140200801193714
2176,False,normal,0.9358371496200562,1.0092572,0.009999990463256836,0.0027857706882059574,0.2523142993450165,0.0019999982323497534,0.0016714624129235743
2177,False,normal,0.9365487694740295,1.0092572,0.0,0.003105405019596219,0.2523142993450165,0.0,0.0018632430117577314
2178,False,normal,0.936528205871582,1.0092572,0.0,0.0032766293734312057,0.2523142993450165,0.0,0.0019659776240587234
2179,False,normal,0.9352874159812927,1.0173004,0.009999990463256836,0.003177651669830084,0.25432509183883667,0.0019999982323497534,0.0019065910018980503
2180,False,normal,0.9360374212265015,1.0173004,0.0,0.003177651669830084,0.25432509183883667,0.0,0.0019065910018980503
2181,False,normal,0.9357576966285706,1.0092572,0.009999990463256836,0.003447890281677246,0.2523142993450165,0.0019999982323497534,0.0020687341690063476
2182,False,normal,0.9353037476539612,1.0114347,0.014142164029181004,0.0035076853819191456,0.2528586685657501,0.0028284327127039433,0.0021046112291514874
2183,False,normal,0.9352477788925171,1.0173004,0.010000050067901611,0.0035076853819191456,0.25432509183883667,0.0020000101067125797,0.0021046112291514874
2184,False,normal,0.9357309937477112,1.0092572,0.009999990463256836,0.0036701734643429518,0.2523142993450165,0.0019999982323497534,0.002202104078605771
2185,False,normal,0.9352282881736755,1.0173004,0.009999990463256836,0.0036701734643429518,0.25432509183883667,0.0019999982323497534,0.002202104078605771
2186,False,normal,0.9359977841377258,1.0173004,0.0,0.0035076853819191456,0.25432509183883667,0.0,0.0021046112291514874
2187,False,normal,0.9359977841377258,1.0173004,0.0,0.0035076853819191456,0.25432509183883667,0.0,0.0021046112291514874
2188,False,normal,0.9359977841377258,1.0173004,0.0,0.0035076856147497892,0.25432509183883667,0.0,0.0021046113688498735
2189,False,normal,0.9359977841377258,1.0173004,0.0,0.0035076856147497892,0.25432509183883667,0.0,0.0021046113688498735
2190,False,normal,0.9356102347373962,1.0114347,0.010000050067901611,0.0035422779619693756,0.2528586685657501,0.0020000101067125797,0.002125366777181625
2191,False,normal,0.9352436661720276,1.0173004,0.010000050067901611,0.0035422779619693756,0.25432509183883667,0.0020000101067125797,0.002125366777181625
2192,False,normal,0.9359918236732483,1.0173004,0.0,0.00355742871761322,0.25432509183883667,0.0,0.002134457230567932
2193,False,normal,0.935990035533905,1.0173004,0.0,0.003572378307580948,0.25432509183883667,0.0,0.0021434269845485685
2194,False,normal,0.9359882473945618,1.0173004,0.0,0.0035871288273483515,0.25432509183883667,0.0,0.002152277296409011
2195,False,normal,0.9357247948646545,1.0092572,0.009999990463256836,0.003721731947734952,0.2523142993450165,0.0019999982323497534,0.002233039168640971
2196,False,normal,0.9364748001098633,1.0092572,0.0,0.0037217317149043083,0.2523142993450165,0.0,0.002233039028942585
2197,False,normal,0.9364748001098633,1.0092572,0.0,0.003721731947734952,0.2523142993450165,0.0,0.002233039168640971
2198,False,normal,0.935373067855835,1.015234,0.009999990463256836,0.0035402828361839056,0.25380849838256836,0.0019999982323497534,0.0021241697017103434
2199,False,normal,0.936129093170166,1.015234,0.0,0.0034897506702691317,0.25380849838256836,0.0,0.002093850402161479
2200,False,normal,0.9357388019561768,1.0092572,0.009999990463256836,0.0036049901973456144,0.2523142993450165,0.0019999982323497534,0.0021629941184073687
2201,False,normal,0.9364888072013855,1.0092572,0.0,0.0036049901973456144,0.2523142993450165,0.0,0.0021629941184073687
2202,False,normal,0.9364756345748901,1.0092572,0.0,0.0037148725241422653,0.2523142993450165,0.0,0.002228923514485359
2203,False,normal,0.9364691376686096,1.0092572,0.0,0.0037691963370889425,0.2523142993450165,0.0,0.0022615178022533655
2204,False,normal,0.9364691376686096,1.0092572,0.0,0.0037691963370889425,0.2523142993450165,0.0,0.0022615178022533655
2205,False,normal,0.9353546500205994,1.015234,0.009999990463256836,0.0036934472154825926,0.25380849838256836,0.0019999982323497534,0.0022160683292895555
2206,False,normal,0.9361143112182617,1.015234,0.0,0.0036131576634943485,0.25380849838256836,0.0,0.002167894598096609
2207,False,normal,0.9357392191886902,1.0092572,0.009999990463256836,0.0036016395315527916,0.2523142993450165,0.0019999982323497534,0.002160983718931675
2208,False,normal,0.9352365136146545,1.0173004,0.009999990463256836,0.003601639298722148,0.25432509183883667,0.0019999982323497534,0.0021609835792332885
2209,False,normal,0.9356184601783752,1.0114347,0.010000050067901611,0.003473991760984063,0.2528586685657501,0.0020000101067125797,0.002084395056590438
2210,False,normal,0.936368465423584,1.0114347,0.0,0.0034739915281534195,0.2528586685657501,0.0,0.0020843949168920517
2211,False,normal,0.9354551434516907,1.0092572,0.014142164029181004,0.003380259731784463,0.2523142993450165,0.0028284327127039433,0.0020281558390706778
2212,False,normal,0.9365333318710327,1.0092572,0.0,0.0032342285849153996,0.2523142993450165,0.0,0.0019405371509492396
2213,False,normal,0.9365580081939697,1.0092572,0.0,0.003028340870514512,0.2523142993450165,0.0,0.0018170045223087072
2214,False,normal,0.9365915060043335,1.0092572,0.0,0.0027491820510476828,0.2523142993450165,0.0,0.0016495092306286097
2215,False,normal,0.9354548454284668,1.015234,0.009999990463256836,0.002858295338228345,0.25380849838256836,0.0019999982323497534,0.001714977202937007
2216,False,normal,0.9361959099769592,1.015234,0.0,0.0029331031255424023,0.25380849838256836,0.0,0.0017598618753254412
2217,False,normal,0.9361907243728638,1.015234,0.0,0.0029761928599327803,0.25380849838256836,0.0,0.001785715715959668
2218,False,normal,0.9354771375656128,1.009802,0.014142127707600594,0.002913028933107853,0.25245049595832825,0.00282842549495399,0.0017478173598647116
2219,False,normal,0.9365487098693848,1.009802,0.0,0.0028224484995007515,0.25245049595832825,0.0,0.0016934690997004508
2220,False,normal,0.9358327388763428,1.0092572,0.009999997913837433,0.0028224484995007515,0.2523142993450165,0.0019999996293336153,0.0016934690997004508
2221,False,normal,0.9365827441215515,1.0092572,0.0,0.0028224484995007515,0.2523142993450165,0.0,0.0016934690997004508
2222,False,normal,0.9365827441215515,1.0092572,0.0,0.0028224484995007515,0.2523142993450165,0.0,0.0016934690997004508
2223,False,normal,0.9354507923126221,1.015234,0.009999990463256836,0.002892558928579092,0.25380849838256836,0.0019999982323497534,0.0017355353571474551
2224,False,normal,0.9361962080001831,1.015234,0.0,0.0029306940268725157,0.25380849838256836,0.0,0.0017584164161235094
2225,False,normal,0.9358243346214294,1.0092572,0.009999990463256836,0.002892558928579092,0.2523142993450165,0.0019999982323497534,0.0017355353571474551
2226,False,normal,0.9365827441215515,1.0092572,0.0,0.002822448732331395,0.2523142993450165,0.0,0.001693469239398837
2227,False,normal,0.9365827441215515,1.0092572,0.0,0.002822448732331395,0.2523142993450165,0.0,0.001693469239398837
2228,False,normal,0.9366198778152466,1.0092572,0.0,0.002512784209102392,0.2523142993450165,0.0,0.0015076705254614352
2229,False,normal,0.9354768395423889,1.015234,0.009999990463256836,0.00267505319789052,0.25380849838256836,0.0019999982323497534,0.001605031918734312
2230,False,normal,0.936210036277771,1.015234,0.0,0.002815237268805504,0.25380849838256836,0.0,0.0016891423612833024
2231,False,normal,0.9358335733413696,1.0092572,0.009999990463256836,0.0028152375016361475,0.2523142993450165,0.0019999982323497534,0.0016891425009816885
2232,False,normal,0.9365835785865784,1.0092572,0.0,0.002815237268805504,0.2523142993450165,0.0,0.0016891423612833024
2233,False,normal,0.935451328754425,1.015234,0.009999990463256836,0.002887824084609747,0.25380849838256836,0.0019999982323497534,0.0017326944507658482
2234,False,normal,0.9358248710632324,1.0092572,0.009999990463256836,0.002887824084609747,0.2523142993450165,0.0019999982323497534,0.0017326944507658482
2235,False,normal,0.9365835785865784,1.0092572,0.0,0.002815237268805504,0.2523142993450165,0.0,0.0016891423612833024
2236,False,normal,0.9365964531898499,1.0092572,0.0,0.0027079484425485134,0.2523142993450165,0.0,0.001624769065529108
2237,False,normal,0.9366140365600586,1.0092572,0.0,0.0025616008788347244,0.2523142993450165,0.0,0.0015369605273008347
2238,False,normal,0.9366124272346497,1.0092572,0.0,0.002574992598965764,0.2523142993450165,0.0,0.0015449955593794583
2239,False,normal,0.9366108775138855,1.0092572,0.0,0.002588028786703944,0.2523142993450165,0.0,0.0015528172720223664
2240,False,normal,0.9366108775138855,1.0092572,0.0,0.002588028786703944,0.2523142993450165,0.0,0.0015528172720223664
2241,False,normal,0.9354692101478577,1.015234,0.009999990463256836,0.0027389121241867542,0.25380849838256836,0.0019999982323497534,0.0016433472745120525
2242,False,normal,0.935842752456665,1.0092572,0.009999990463256836,0.0027389118913561106,0.2523142993450165,0.0019999982323497534,0.0016433471348136664
2243,False,normal,0.9366108775138855,1.0092572,0.0,0.0025880285538733006,0.2523142993450165,0.0,0.0015528171323239803
2244,False,normal,0.9366345405578613,1.0092572,0.0,0.0023907185532152653,0.2523142993450165,0.0,0.0014344311319291591
2245,False,normal,0.9354873299598694,1.015234,0.009999990463256836,0.0025880285538733006,0.25380849838256836,0.0019999982323497534,0.0015528171323239803
2246,False,normal,0.9362192153930664,1.015234,0.0,0.0027389118913561106,0.25380849838256836,0.0,0.0016433471348136664
2247,False,normal,0.9362058043479919,1.015234,0.0,0.002850749995559454,0.25380849838256836,0.0,0.0017104499973356723
2248,False,normal,0.936196506023407,1.015234,0.0,0.0029280201997607946,0.25380849838256836,0.0,0.0017568121198564767
2249,False,normal,0.936196506023407,1.015234,0.0,0.0029280201997607946,0.25380849838256836,0.0,0.0017568121198564767
2250,False,normal,0.9358293414115906,1.0092572,0.009999990463256836,0.002850749995559454,0.2523142993450165,0.0019999982323497534,0.0017104499973356723
2251,False,normal,0.9365793466567993,1.0092572,0.0,0.0028507502283900976,0.2523142993450165,0.0,0.0017104501370340584
2252,False,normal,0.9354465007781982,1.015234,0.009999990463256836,0.0029280201997607946,0.25380849838256836,0.0019999982323497534,0.0017568121198564767
2253,False,normal,0.9358293414115906,1.0092572,0.009999990463256836,0.0028507502283900976,0.2523142993450165,0.0019999982323497534,0.0017104501370340584
2254,False,normal,0.9365793466567993,1.0092572,0.0,0.0028507502283900976,0.2523142993450165,0.0,0.0017104501370340584
2255,False,normal,0.9354465007781982,1.015234,0.009999990463256836,0.0029280201997607946,0.25380849838256836,0.0019999982323497534,0.0017568121198564767
2256,False,normal,0.9361910820007324,1.015234,0.0,0.0029734186828136444,0.25380849838256836,0.0,0.0017840512096881866
2257,False,normal,0.9361892938613892,1.015234,0.0,0.002988397842273116,0.25380849838256836,0.0,0.0017930387053638696
2258,False,normal,0.9361910820007324,1.015234,0.0,0.0029734184499830008,0.25380849838256836,0.0,0.0017840510699898005
2259,False,normal,0.936196506023407,1.015234,0.0,0.0029280201997607946,0.25380849838256836,0.0,0.0017568121198564767
2260,False,normal,0.9362058043479919,1.015234,0.0,0.0028507502283900976,0.25380849838256836,0.0,0.0017104501370340584
2261,False,normal,0.9362058043479919,1.015234,0.0,0.0028507502283900976,0.25380849838256836,0.0,0.0017104501370340584
2262,False,normal,0.9362192153930664,1.015234,0.0,0.0027389118913561106,0.25380849838256836,0.0,0.0016433471348136664
2263,False,normal,0.935842752456665,1.0092572,0.009999990463256836,0.0027389121241867542,0.2523142993450165,0.0019999982323497534,0.0016433472745120525
2264,False,normal,0.9365927577018738,1.0092572,0.0,0.0027389121241867542,0.2523142993450165,0.0,0.0016433472745120525
2265,False,normal,0.9354692101478577,1.015234,0.009999990463256836,0.0027389121241867542,0.25380849838256836,0.0019999982323497534,0.0016433472745120525
2266,False,normal,0.9358293414115906,1.0092572,0.009999990463256836,0.0028507502283900976,0.2523142993450165,0.0019999982323497534,0.0017104501370340584
2267,False,normal,0.9365700483322144,1.0092572,0.0,0.0029280201997607946,0.2523142993450165,0.0,0.0017568121198564767
2268,False,normal,0.9365646243095398,1.0092572,0.0,0.0029734184499830008,0.2523142993450165,0.0,0.0017840510699898005
2269,False,normal,0.9365628361701965,1.0092572,0.0,0.002988397842273116,0.2523142993450165,0.0,0.0017930387053638696
2270,False,normal,0.9365628361701965,1.0092572,0.0,0.002988397842273116,0.2523142993450165,0.0,0.0017930387053638696
2271,False,normal,0.9365628361701965,1.0092572,0.0,0.002988397842273116,0.2523142993450165,0.0,0.0017930387053638696
2272,False,normal,0.9365646243095398,1.0092572,0.0,0.0029734186828136444,0.2523142993450165,0.0,0.0017840512096881866
2273,False,normal,0.9365646243095398,1.0092572,0.0,0.0029734186828136444,0.2523142993450165,0.0,0.0017840512096881866
2274,False,normal,0.9365646243095398,1.0092572,0.0,0.0029734186828136444,0.2523142993450165,0.0,0.0017840512096881866
2275,False,normal,0.9365700483322144,1.0092572,0.0,0.0029280201997607946,0.2523142993450165,0.0,0.0017568121198564767
2276,False,normal,0.9365793466567993,1.0092572,0.0,0.0028507502283900976,0.2523142993450165,0.0,0.0017104501370340584
2277,False,normal,0.9365927577018738,1.0092572,0.0,0.0027389121241867542,0.2523142993450165,0.0,0.0016433472745120525
2278,False,normal,0.9366108775138855,1.0092572,0.0,0.002588028786703944,0.2523142993450165,0.0,0.0015528172720223664
2279,False,normal,0.9366345405578613,1.0092572,0.0,0.0023907185532152653,0.2523142993450165,0.0,0.0014344311319291591
2280,False,normal,0.9366652965545654,1.0092572,0.0,0.002134143142029643,0.2523142993450165,0.0,0.0012804858852177858
2281,False,normal,0.9367062449455261,1.0092572,0.0,0.001793038914911449,0.2523142993450165,0.0,0.0010758233489468693
2282,False,normal,0.93558269739151,1.015234,0.009999990463256836,0.001793038914911449,0.25380849838256836,0.0019999982323497534,0.0010758233489468693
2283,False,normal,0.9362917542457581,1.015234,0.0,0.002134143142029643,0.25380849838256836,0.0,0.0012804858852177858
2284,False,normal,0.9355716109275818,1.009802,0.014142127707600594,0.0021259875502437353,0.25245049595832825,0.00282842549495399,0.0012755925301462412
2285,False,normal,0.9350699186325073,1.0173004,0.014142127707600594,0.0024014143273234367,0.25432509183883667,0.00282842549495399,0.001440848596394062
2286,False,normal,0.9357471466064453,1.0114347,0.010000050067901611,0.002401741687208414,0.2528586685657501,0.0020000101067125797,0.0014410450123250485
2287,False,normal,0.935330867767334,1.0173004,0.010000050067901611,0.0028155986219644547,0.25432509183883667,0.0020000101067125797,0.0016893591731786727
2288,False,normal,0.9353264570236206,1.016858,0.010000001639127731,0.003082641400396824,0.25421449542045593,0.0020000003278255463,0.0018495848402380942
2289,False,normal,0.9354908466339111,1.0092572,0.014142129570245743,0.0030826416332274675,0.2523142993450165,0.002828426193445921,0.0018495849799364805
2290,False,normal,0.9354174137115479,1.015234,0.009999990463256836,0.0031706527806818485,0.25380849838256836,0.0019999982323497534,0.0019023916684091091
2291,False,normal,0.9359032511711121,1.0072736,0.009999990463256836,0.0032679832074791193,0.25181838870048523,0.0019999982323497534,0.0019607899244874715
2292,False,normal,0.9351176023483276,1.0147905,0.014142129570245743,0.003310922533273697,0.25369763374328613,0.002828426193445921,0.0019865535199642182
2293,False,normal,0.9353957772254944,1.015234,0.010000001639127731,0.0033508026972413063,0.25380849838256836,0.0020000003278255463,0.0020104816183447835
2294,False,normal,0.936144232749939,1.015234,0.0,0.0033637688029557467,0.25380849838256836,0.0,0.002018261281773448
2295,False,normal,0.9361458420753479,1.015234,0.0,0.003350132843479514,0.25380849838256836,0.0,0.0020100797060877084
2296,False,normal,0.9357693791389465,1.0092572,0.009999990463256836,0.003350132843479514,0.2523142993450165,0.0019999982323497534,0.0020100797060877084
2297,False,normal,0.9365193843841553,1.0092572,0.0,0.0033501330763101578,0.2523142993450165,0.0,0.0020100798457860945
2298,False,normal,0.9365193843841553,1.0092572,0.0,0.0033501330763101578,0.2523142993450165,0.0,0.0020100798457860945
2299,False,normal,0.9365193843841553,1.0092572,0.0,0.0033501330763101578,0.2523142993450165,0.0,0.0020100798457860945
2300,False,normal,0.9352591633796692,1.0173004,0.009999990463256836,0.0034131051506847143,0.25432509183883667,0.0019999982323497534,0.0020478630904108286
2301,False,normal,0.9360073804855347,1.0173004,0.0,0.003428078256547451,0.25432509183883667,0.0,0.0020568469539284707
2302,False,normal,0.9357501268386841,1.0092572,0.009999990463256836,0.0035105545539408922,0.2523142993450165,0.0019999982323497534,0.002106332732364535
2303,False,normal,0.9364935159683228,1.0092572,0.0,0.003566182218492031,0.2523142993450165,0.0,0.0021397093310952186
2304,False,normal,0.936490535736084,1.0092572,0.0,0.0035906294360756874,0.2523142993450165,0.0,0.0021543776616454124
2305,False,normal,0.9365007877349854,1.0092572,0.0,0.0035053605679422617,0.2523142993450165,0.0,0.002103216340765357
2306,False,normal,0.9353713393211365,1.015234,0.009999990463256836,0.0035545439459383488,0.25380849838256836,0.0019999982323497534,0.0021327263675630093
2307,False,normal,0.9361348152160645,1.015234,0.0,0.0034422155003994703,0.25380849838256836,0.0,0.002065329300239682
2308,False,normal,0.9358805418014526,1.0072736,0.009999990463256836,0.0034570381976664066,0.25181838870048523,0.0019999982323497534,0.002074222918599844
2309,False,normal,0.9353813529014587,1.015234,0.009999990463256836,0.0034711274784058332,0.25380849838256836,0.0019999982323497534,0.0020826764870435
2310,False,normal,0.9361313581466675,1.015234,0.0,0.0034711274784058332,0.25380849838256836,0.0,0.0020826764870435
2311,False,normal,0.9357689023017883,1.0092572,0.009999990463256836,0.0033544166944921017,0.2523142993450165,0.0019999982323497534,0.002012650016695261
2312,False,normal,0.9365172386169434,1.0092572,0.0,0.003368300385773182,0.2523142993450165,0.0,0.002020980231463909
2313,False,normal,0.9365208745002747,1.0092572,0.0,0.0033379269298166037,0.2523142993450165,0.0,0.002002756157889962
2314,False,normal,0.9352519512176514,1.0173004,0.009999990463256836,0.00347323901951313,0.25432509183883667,0.0019999982323497534,0.002083943411707878
2315,False,normal,0.9359866380691528,1.0173004,0.0,0.0036005103029310703,0.25432509183883667,0.0,0.0021603061817586423
2316,False,normal,0.9359719753265381,1.0173004,0.0,0.0037230425514280796,0.25432509183883667,0.0,0.0022338255308568477
2317,False,normal,0.9350430369377136,1.015234,0.014142122119665146,0.0037014689296483994,0.25380849838256836,0.0028284243308007717,0.0022208813577890394
2318,False,normal,0.9361092448234558,1.015234,0.0,0.0036554192192852497,0.25380849838256836,0.0,0.0021932515315711497
2319,False,normal,0.9357327818870544,1.0092572,0.009999990463256836,0.0036554192192852497,0.2523142993450165,0.0019999982323497534,0.0021932515315711497
2320,False,normal,0.9352710247039795,1.0078195,0.01732049509882927,0.0036767383571714163,0.2519548833370209,0.003464099019765854,0.0022060430143028497
2321,False,normal,0.9365748763084412,1.0078195,0.0,0.003636659123003483,0.2519548833370209,0.0,0.0021819954738020895
2322,False,normal,0.9365668296813965,1.0078195,0.0,0.003704020520672202,0.2519548833370209,0.0,0.002222412312403321
2323,False,normal,0.9365590214729309,1.0078195,0.0,0.0037688077427446842,0.2519548833370209,0.0,0.0022612846456468104
2324,False,normal,0.936551570892334,1.0078195,0.0,0.003831151407212019,0.2519548833370209,0.0,0.0022986908443272114
2325,False,normal,0.935423731803894,1.0139034,0.009999990463256836,0.0038108460139483213,0.2534758448600769,0.0019999982323497534,0.002286507608368993
2326,False,normal,0.9349931478500366,1.0157756,0.014142122119665146,0.0038353586569428444,0.25394389033317566,0.0028284243308007717,0.0023012151941657066
2327,False,normal,0.9354037046432495,1.0092572,0.014142127707600594,0.003808969631791115,0.2523142993450165,0.00282842549495399,0.002285381779074669
2328,False,normal,0.9357514381408691,1.0088111,0.010000001639127731,0.0037324160803109407,0.2522027790546417,0.0020000003278255463,0.0022394496481865644
2329,False,normal,0.9353141188621521,1.0109895,0.014142164029181004,0.003652971936389804,0.25274738669395447,0.0028284327127039433,0.0021917831618338823
2330,False,normal,0.9363860487937927,1.0109895,0.0,0.0035591290798038244,0.25274738669395447,0.0,0.0021354774478822944
2331,False,normal,0.9360896348953247,1.0028958,0.009999990463256836,0.003994965925812721,0.2507239580154419,0.0019999982323497534,0.0023969795554876325
2332,False,normal,0.9357185363769531,1.0088111,0.010000050067901611,0.004006382077932358,0.2522027790546417,0.0020000101067125797,0.0024038292467594147
2333,False,normal,0.9351955652236938,1.016858,0.009999990463256836,0.0041733491234481335,0.25421449542045593,0.0019999982323497534,0.00250400947406888
2334,False,normal,0.9352233409881592,1.0165137,0.009999999776482582,0.004121416248381138,0.25412842631340027,0.0020000000949949026,0.0024728497490286824
2335,False,normal,0.9359796643257141,1.0165137,0.0,0.004068440292030573,0.25412842631340027,0.0,0.0024410641752183435
2336,False,normal,0.9352118968963623,1.016858,0.009999999776482582,0.004037232603877783,0.25421449542045593,0.0020000000949949026,0.0024223395623266695
2337,False,normal,0.9359508156776428,1.016858,0.0,0.004129803739488125,0.25421449542045593,0.0,0.0024778822436928747
2338,False,normal,0.9357271790504456,1.0028958,0.014142164029181004,0.004426537547260523,0.2507239580154419,0.0028284327127039433,0.002655922528356314
2339,False,normal,0.9359759092330933,1.0033444,0.010000001639127731,0.004709091503173113,0.2508361041545868,0.0020000003278255463,0.002825454901903868
2340,False,normal,0.9359192252159119,1.0038924,0.009999997913837433,0.004895718768239021,0.250973105430603,0.0019999996293336153,0.0029374312609434126
2341,False,normal,0.9355536699295044,1.009802,0.010000050067901611,0.004864009562879801,0.25245049595832825,0.0020000101067125797,0.0029184057377278803
2342,False,normal,0.9363077878952026,1.009802,0.0,0.0048300581984221935,0.25245049595832825,0.0,0.002898034919053316
2343,False,normal,0.9350302219390869,1.0178409,0.009999990463256836,0.005039146635681391,0.2544602155685425,0.0019999982323497534,0.0030234879814088345
2344,False,normal,0.9344189167022705,1.0259142,0.009999990463256836,0.005928852129727602,0.25647854804992676,0.0019999982323497534,0.003557311277836561
2345,False,normal,0.9345831274986267,1.0056341,0.024494927376508713,0.006063375156372786,0.25140851736068726,0.004898985847830772,0.003638025093823671
2346,False,normal,0.9364147186279297,1.0056341,0.0,0.006109571550041437,0.25140851736068726,0.0,0.0036657429300248623
2347,False,normal,0.9351522326469421,1.0138047,0.009999990463256836,0.006124864798039198,0.2534511685371399,0.0019999982323497534,0.0036749188788235184
2348,False,normal,0.93590247631073,1.0138047,0.0,0.006122823338955641,0.2534511685371399,0.0,0.0036736940033733844
2349,False,normal,0.9359001517295837,1.0138047,0.0,0.0061421929858624935,0.2534511685371399,0.0,0.003685315791517496
2350,False,normal,0.9351767301559448,1.0133607,0.010000001639127731,0.006151687353849411,0.2533401846885681,0.0020000003278255463,0.0036910124123096465
2351,False,normal,0.9355636835098267,1.0076705,0.009999990463256836,0.0058908662758767605,0.25191763043403625,0.0019999982323497534,0.003534519765526056
2352,False,normal,0.935046374797821,1.0159233,0.009999990463256836,0.005903440061956644,0.253980815410614,0.0019999982323497534,0.0035420640371739863
2353,False,normal,0.9349061250686646,1.0133607,0.014142122119665146,0.005818099714815617,0.2533401846885681,0.0028284243308007717,0.0034908598288893697
2354,False,normal,0.9359761476516724,1.0133607,0.0,0.00574023462831974,0.2533401846885681,0.0,0.003444140776991844
2355,False,normal,0.9359861016273499,1.0133607,0.0,0.005656906869262457,0.2533401846885681,0.0,0.003394144121557474
2356,False,normal,0.9354045987129211,1.0056341,0.014142129570245743,0.005688535515218973,0.25140851736068726,0.002828426193445921,0.003413121309131384
2357,False,normal,0.9350873231887817,1.0109895,0.014142129570245743,0.005543001927435398,0.25274738669395447,0.002828426193445921,0.0033258011564612387
2358,False,normal,0.9345550537109375,1.0195587,0.014142129570245743,0.005515724886208773,0.25488966703414917,0.002828426193445921,0.0033094349317252633
2359,False,normal,0.9354156255722046,1.0114347,0.009999990463256836,0.005164427682757378,0.2528586685657501,0.0019999982323497534,0.0030986566096544263
2360,False,normal,0.9362087845802307,1.0114347,0.0,0.004804731346666813,0.2528586685657501,0.0,0.002882838808000088
2361,False,normal,0.9357969164848328,1.0056341,0.009999990463256836,0.0050079417414963245,0.25140851736068726,0.0019999982323497534,0.0030047650448977946
2362,False,normal,0.934592604637146,1.0195587,0.014142122119665146,0.005202712025493383,0.25488966703414917,0.0028284243308007717,0.00312162721529603
2363,False,normal,0.9356419444084167,1.0195587,0.0,0.005297125317156315,0.25488966703414917,0.0,0.003178275190293789
2364,False,normal,0.9350771307945251,1.0133607,0.014142129570245743,0.004392933566123247,0.2533401846885681,0.002828426193445921,0.002635760139673948
2365,False,normal,0.9356021285057068,1.0048382,0.014142128638923168,0.004456676077097654,0.251209557056427,0.0028284257277846336,0.0026740056462585923
2366,False,normal,0.9366552829742432,1.0048382,0.0,0.004519169684499502,0.251209557056427,0.0,0.0027115018106997012
2367,False,normal,0.9354272484779358,1.0028958,0.01732049696147442,0.004939173348248005,0.2507239580154419,0.003464099718257785,0.0029635040089488027
2368,False,normal,0.936686635017395,1.0028958,0.0,0.005270005203783512,0.2507239580154419,0.0,0.0031620031222701073
2369,False,normal,0.9352784752845764,1.0084642,0.014142170548439026,0.0052652256563305855,0.25211605429649353,0.002828434109687805,0.003159135393798351
2370,False,normal,0.9353961944580078,1.006479,0.014142122119665146,0.0053182016126811504,0.25161975622177124,0.0028284243308007717,0.00319092096760869
2371,False,normal,0.9364522695541382,1.006479,0.0,0.005356797948479652,0.25161975622177124,0.0,0.0032140787690877913
2372,False,normal,0.9364622235298157,1.006479,0.0,0.005273797549307346,0.25161975622177124,0.0,0.0031642785295844075
2373,False,normal,0.9356921315193176,1.0068268,0.009999999776482582,0.005259758327156305,0.25170668959617615,0.0020000000949949026,0.003155854996293783
2374,False,normal,0.9364463090896606,1.0068268,0.0,0.005225295200943947,0.25170668959617615,0.0,0.003135177120566368
2375,False,normal,0.9348497986793518,1.015234,0.014142129570245743,0.005311927758157253,0.25380849838256836,0.002828426193445921,0.003187156654894352
2376,False,normal,0.9351154565811157,1.0157756,0.009999997913837433,0.005404691677540541,0.25394389033317566,0.0019999996293336153,0.0032428150065243245
2377,False,normal,0.9358482360839844,1.0157756,0.0,0.005548224784433842,0.25394389033317566,0.0,0.003328934870660305
2378,False,normal,0.9358798265457153,1.0157756,0.0,0.005284762941300869,0.25394389033317566,0.0,0.0031708577647805215
2379,False,normal,0.9352275133132935,1.0092572,0.014142127707600594,0.005277091171592474,0.2523142993450165,0.00282842549495399,0.0031662547029554845
2380,False,normal,0.9350073933601379,1.0173004,0.009999990463256836,0.00551097234711051,0.25432509183883667,0.0019999982323497534,0.003306583408266306
2381,False,normal,0.9357452988624573,1.0173004,0.0,0.005611965898424387,0.25432509183883667,0.0,0.003367179539054632
2382,False,normal,0.9352586269378662,1.0088111,0.014142129570245743,0.005250059999525547,0.2522027790546417,0.002828426193445921,0.003150035999715328
2383,False,normal,0.9350916147232056,1.016858,0.009999990463256836,0.005039635580033064,0.25421449542045593,0.0019999982323497534,0.0030237813480198383
2384,False,normal,0.935821533203125,1.016858,0.0,0.005206822883337736,0.25421449542045593,0.0,0.0031240937300026418
2385,False,normal,0.9345983266830444,1.0191172,0.014142164029181004,0.00538508640602231,0.25477930903434753,0.0028284327127039433,0.003231051843613386
2386,False,normal,0.9352892637252808,1.0133607,0.009999990463256836,0.005214144010096788,0.2533401846885681,0.0019999982323497534,0.003128486406058073
2387,False,normal,0.9360838532447815,1.0133607,0.0,0.004842458292841911,0.2533401846885681,0.0,0.002905474975705147
2388,False,normal,0.9361396431922913,1.0133607,0.0,0.00437766220420599,0.2533401846885681,0.0,0.002626597322523594
2389,False,normal,0.9348385334014893,1.0215675,0.009999990463256836,0.0046958401799201965,0.2553918659687042,0.0019999982323497534,0.002817504107952118
2390,False,normal,0.9354057908058167,1.0076705,0.014142122119665146,0.004617865197360516,0.25191763043403625,0.0028284243308007717,0.0027707191184163094
2391,False,normal,0.9352869391441345,1.0056341,0.01732049696147442,0.004682570230215788,0.25140851736068726,0.003464099718257785,0.0028095421381294726
2392,False,normal,0.9345104694366455,1.009802,0.024494927376508713,0.00449796998873353,0.25245049595832825,0.004898985847830772,0.002698781993240118
2393,False,normal,0.9344446659088135,1.0139034,0.022360658273100853,0.004244157113134861,0.2534758448600769,0.0044721318408846855,0.0025464942678809165
2394,False,normal,0.9347257018089294,1.0195098,0.014142127707600594,0.004118848592042923,0.2548774480819702,0.00282842549495399,0.002471309155225754
2395,False,normal,0.9346806406974792,1.010198,0.02236071228981018,0.004207738675177097,0.25254949927330017,0.004472142551094294,0.0025246432051062584
2396,False,normal,0.9320799112319946,1.0378824,0.030000053346157074,0.006686701439321041,0.2594706118106842,0.006000010762363672,0.004012020863592624
2397,False,normal,0.93152916431427,1.0352777,0.03741658851504326,0.00799801666289568,0.25881943106651306,0.007483317982405424,0.004798809997737408
2398,False,normal,0.9328312873840332,1.0312614,0.022360658273100853,0.008648385293781757,0.2578153610229492,0.0044721318408846855,0.005189031176269054
2399,False,normal,0.9338802099227905,1.0147905,0.0223606638610363,0.008485980331897736,0.25369763374328613,0.0044721332378685474,0.0050915881991386415
2400,False,normal,0.9336462616920471,1.0112369,0.028284244239330292,0.008584406226873398,0.25280922651290894,0.005656848661601543,0.005150643736124038
2401,False,normal,0.9335976243019104,1.0165627,0.024494903162121773,0.008584140799939632,0.2541406750679016,0.004898980725556612,0.005150484479963779
2402,False,normal,0.933309018611908,1.0214696,0.024494927376508713,0.008433341048657894,0.2553673982620239,0.004898985847830772,0.005060004629194736
2403,False,normal,0.933398962020874,1.02,0.024494890123605728,0.008449464105069637,0.2549999952316284,0.0048989783972501755,0.005069678463041782
2404,False,normal,0.9332059025764465,1.0341179,0.014142122119665146,0.009175628423690796,0.2585294842720032,0.0028284243308007717,0.005505377054214477
2405,False,normal,0.9315098524093628,1.040048,0.029999984428286552,0.01030945684760809,0.2600120007991791,0.00599999725818634,0.006185674108564854
2406,False,normal,0.9326302409172058,1.0396634,0.014142164029181004,0.011084473691880703,0.25991585850715637,0.0028284327127039433,0.006650684215128422
2407,False,normal,0.9313406944274902,1.0400962,0.029999999329447746,0.011694120243191719,0.2600240409374237,0.006000000052154064,0.007016472145915031
2408,False,normal,0.9324508905410767,1.0404806,0.014142164029181004,0.012153559364378452,0.260120153427124,0.0028284327127039433,0.007292135618627071
2409,False,normal,0.9320225119590759,1.0210289,0.036055490374565125,0.012158536352217197,0.2552572190761566,0.007211098447442055,0.007295121811330318
2410,False,normal,0.9340878129005432,1.0008496,0.024494877085089684,0.01268300972878933,0.2502124011516571,0.004898975603282452,0.0076098058372735975
2411,False,normal,0.9352582097053528,0.9792855,0.02236068621277809,0.015494988299906254,0.24482136964797974,0.004472137428820133,0.009296992979943752
2412,False,normal,0.9362495541572571,0.9651943,0.014142122119665146,0.019709372892975807,0.24129857122898102,0.0028284243308007717,0.011825623735785483
2413,False,normal,0.9362407922744751,0.9571833,0.014142169617116451,0.023954732343554497,0.2392958253622055,0.0028284338768571615,0.014372839406132697
2414,False,normal,0.9338678121566772,0.9702577,0.03162280470132828,0.025995010510087013,0.24256442487239838,0.006324561312794685,0.015597006306052208
2415,False,normal,0.9320884346961975,0.9982985,0.0316227450966835,0.026218319311738014,0.24957461655139923,0.006324549205601215,0.015730991587042806
2416,False,normal,0.930284857749939,1.0261092,0.03316629305481911,0.025798674672842026,0.256527304649353,0.006633258890360594,0.015479204803705215
2417,False,normal,0.9308003783226013,1.0402404,0.014142122119665146,0.026033008471131325,0.2600601017475128,0.0028284243308007717,0.015619805082678795
2418,False,normal,0.9305715560913086,1.0473777,0.009999990463256836,0.026810945942997932,0.2618444263935089,0.0019999982323497534,0.016086567565798758
2419,False,normal,0.9299800992012024,1.040817,0.02236071228981018,0.027431758120656013,0.2602042555809021,0.004472142551094294,0.016459054872393606
2420,False,normal,0.9310151934623718,1.0131633,0.0316227450966835,0.027419941499829292,0.2532908320426941,0.006324549205601215,0.016451964899897576
2421,False,normal,0.9324897527694702,1.0003,0.0223606638610363,0.02762010134756565,0.25007501244544983,0.0044721332378685474,0.01657206080853939
2422,False,normal,0.9331382513046265,0.9994999,0.014142122119665146,0.027769437059760094,0.24987497925758362,0.0028284243308007717,0.016661662235856054
2423,False,normal,0.93241947889328,0.95739233,0.0547722652554512,0.03029668517410755,0.23934806883335114,0.010954453609883785,0.01817801110446453
2424,False,normal,0.9363363981246948,0.95739233,0.0,0.0318879559636116,0.23934806883335114,0.0,0.01913277357816696
2425,False,normal,0.9362450242042542,0.95739233,0.0,0.032649654895067215,0.23934806883335114,0.0,0.01958979293704033
2426,False,normal,0.9332234859466553,0.9777525,0.024494878947734833,0.031915660947561264,0.24443812668323517,0.004898976068943739,0.01914939656853676
2427,False,normal,0.9327054619789124,0.99121135,0.02236066199839115,0.030556421726942062,0.24780283868312836,0.004472132306545973,0.018333853036165238
2428,False,normal,0.9333886504173279,0.9982985,0.009999990463256836,0.02889743261039257,0.24957461655139923,0.0019999982323497534,0.01733845956623554
2429,False,normal,0.9268515110015869,1.0470434,0.05385167896747589,0.030578505247831345,0.2617608606815338,0.010770335793495178,0.018347103148698807
2430,False,normal,0.927889883518219,1.0542296,0.029999984428286552,0.03308971971273422,0.26355740427970886,0.00599999725818634,0.01985383182764053
2431,False,normal,0.9287612438201904,1.0406728,0.02828430011868477,0.03396152704954147,0.260168194770813,0.005656859837472439,0.020376916229724883
2432,False,normal,0.9272111654281616,1.0610844,0.030000030994415283,0.035175222903490067,0.2652710974216461,0.006000006105750799,0.02110513374209404
2433,False,normal,0.9271848797798157,1.0536128,0.03741654008626938,0.03465064987540245,0.2634032070636749,0.007483308203518391,0.02079038992524147
2434,False,normal,0.9285033941268921,1.0538027,0.019999999552965164,0.0344492569565773,0.2634506821632385,0.004000000189989805,0.02066955417394638
2435,False,normal,0.9296606779098511,1.0325696,0.022360658273100853,0.03438914939761162,0.2581424117088318,0.0044721318408846855,0.02063348963856697
2436,False,normal,0.9291945695877075,1.039471,0.022360675036907196,0.03467852622270584,0.25986775755882263,0.004472135100513697,0.020807115733623503
2437,False,normal,0.9270642995834351,1.0543718,0.037416547536849976,0.03526017442345619,0.2635929584503174,0.007483309600502253,0.021156104654073714
2438,False,normal,0.9260909557342529,1.063767,0.041231099516153336,0.036093711853027344,0.2659417390823364,0.008246219716966152,0.021656227111816407
2439,False,normal,0.9256609678268433,1.0858176,0.024494878947734833,0.03865240886807442,0.271454393863678,0.004898976068943739,0.02319144532084465
2440,False,normal,0.9207937717437744,1.1285832,0.0435890294611454,0.04500516504049301,0.28214579820632935,0.008717806078493595,0.027003099024295808
2441,False,normal,0.9182271361351013,1.1590081,0.039999961853027344,0.052790507674217224,0.2897520363330841,0.007999992929399014,0.031674304604530336
2442,False,normal,0.9184738397598267,1.1643023,0.022360658273100853,0.059001605957746506,0.29107558727264404,0.0044721318408846855,0.0354009635746479
2443,False,normal,0.9192869663238525,1.1417968,0.029999971389770508,0.059172581881284714,0.28544920682907104,0.0059999944642186165,0.03550354912877083
2444,False,normal,0.9203506112098694,1.0691118,0.08306627720594406,0.05499919876456261,0.26727795600891113,0.016613256186246872,0.032999519258737564
2445,False,normal,0.924578070640564,1.0496666,0.050990160554647446,0.04994586110115051,0.26241666078567505,0.010198032483458519,0.029967516660690308
2446,False,normal,0.9121679067611694,1.1556383,0.12845231592655182,0.04975666478276253,0.28890958428382874,0.025690464302897453,0.029853998869657516
2447,False,normal,0.9053565263748169,1.2347469,0.11180341243743896,0.05762374401092529,0.31737345457077026,0.022360682487487793,0.034574246406555174
2448,False,normal,0.9096837043762207,1.2248673,0.06403125077486038,0.06171305477619171,0.312433660030365,0.012806250713765621,0.037027832865715024
2449,False,normal,0.9110316038131714,1.1781341,0.10344081372022629,0.06314132362604141,0.29453352093696594,0.020688163116574287,0.03788479417562485
2450,False,normal,0.9174491763114929,1.1769027,0.01732049696147442,0.06412801891565323,0.29422566294670105,0.003464099718257785,0.03847681134939194
2451,False,normal,0.9172087907791138,1.1844407,0.014142128638923168,0.06419144570827484,0.2961101830005646,0.0028284257277846336,0.038514867424964905
2452,False,normal,0.9129389524459839,1.2077665,0.04242642968893051,0.06590228527784348,0.30388325452804565,0.008485286496579647,0.039541371166706085
2453,False,normal,0.9096347689628601,1.2365679,0.03464102745056152,0.06830129772424698,0.31828391551971436,0.006928205955773592,0.04098077863454819
2454,False,normal,0.9123659133911133,1.228902,0.009999990463256836,0.06892756372690201,0.3144509792327881,0.0019999982323497534,0.0413565382361412
2455,False,normal,0.9114030599594116,1.2357993,0.014142127707600594,0.06717788428068161,0.3178996443748474,0.00282842549495399,0.040306730568408965
2456,False,normal,0.9089378714561462,1.2509996,0.024494890123605728,0.06541731208562851,0.3254997730255127,0.0048989783972501755,0.039250387251377104
2457,False,normal,0.9114247560501099,1.2352732,0.02236066199839115,0.062408629804849625,0.3176366090774536,0.004472132306545973,0.037445177882909776
2458,False,normal,0.9138729572296143,1.2197541,0.0223606638610363,0.058172807097435,0.30987703800201416,0.0044721332378685474,0.034903684258461
2459,False,normal,0.9167296886444092,1.1987493,0.024494927376508713,0.054261188954114914,0.29968732595443726,0.004898985847830772,0.032556713372468946
2460,False,normal,0.9179548025131226,1.1846097,0.02236066199839115,0.05275048688054085,0.29615241289138794,0.004472132306545973,0.03165029212832451
2461,False,normal,0.9186406135559082,1.1647317,0.0299999862909317,0.0526139996945858,0.2911829352378845,0.00599999725818634,0.031568399816751476
2462,False,normal,0.9200201034545898,1.1511298,0.02236071601510048,0.052976932376623154,0.2877824604511261,0.004472143482416868,0.03178615942597389
2463,False,normal,0.921064019203186,1.1308845,0.024494901299476624,0.05348804220557213,0.2827211320400238,0.004898980725556612,0.032092825323343274
2464,False,normal,0.9219088554382324,1.103721,0.041231077164411545,0.05013535916805267,0.275930255651474,0.008246215991675854,0.030081215500831603
2465,False,normal,0.9247198104858398,1.0746628,0.03316621854901314,0.04688594117760658,0.26866570115089417,0.0066332439891994,0.028131564706563948
2466,False,normal,0.9261406660079956,1.060613,0.014142122119665146,0.05425321310758591,0.26515325903892517,0.0028284243308007717,0.03255192786455154
2467,False,normal,0.9252984523773193,1.0533756,0.022360658273100853,0.05990408733487129,0.2633439004421234,0.0044721318408846855,0.035942452400922774
2468,False,normal,0.924078643321991,1.046948,0.03605552762746811,0.06485804915428162,0.26173698902130127,0.007211105898022652,0.03891482949256897
2469,False,normal,0.9244862794876099,1.034263,0.0316227450966835,0.07083813846111298,0.258565753698349,0.006324549205601215,0.04250288307666778
2470,False,normal,0.9256781339645386,1.0137061,0.022360658273100853,0.07740172743797302,0.25342652201652527,0.0044721318408846855,0.04644103646278381
2471,False,normal,0.925174355506897,0.9688653,0.051961544901132584,0.08645369112491608,0.2422163188457489,0.010392310097813606,0.051872214674949645
2472,False,normal,0.9263219237327576,0.91766,0.061644140630960464,0.09750842303037643,0.22941499948501587,0.012328828684985638,0.058505053818225856
2473,False,normal,0.9286738634109497,0.89202017,0.037416547536849976,0.10640508681535721,0.2230050414800644,0.007483309600502253,0.06384305208921433
2474,False,normal,0.9296157360076904,0.8656789,0.033166270703077316,0.11493231356143951,0.21641972661018372,0.006633254699409008,0.06895938813686371
2475,False,normal,0.929520308971405,0.8290356,0.05196152627468109,0.12306523323059082,0.2072588950395584,0.010392305441200733,0.07383913993835449
2476,False,normal,0.9266850352287292,0.86752516,0.05744563415646553,0.12321857362985611,0.21688129007816315,0.01148912776261568,0.07393114417791366
2477,False,normal,0.9213345646858215,0.91945636,0.09273622184991837,0.11870171129703522,0.22986409068107605,0.018547244369983673,0.07122102677822113
2478,False,normal,0.9183276891708374,0.97984695,0.09433978796005249,0.11130348592996597,0.24496173858642578,0.018867958337068558,0.06678209155797958
2479,False,normal,0.9211891889572144,1.0108907,0.04242644086480141,0.1037343442440033,0.25272268056869507,0.008485288359224796,0.062240606546401976
2480,False,normal,0.9199609756469727,1.0346496,0.05099022388458252,0.09624319523572922,0.2586624026298523,0.010198045521974564,0.05774591714143753
2481,False,normal,0.9174884557723999,1.0389417,0.09110429137945175,0.08954023569822311,0.25973543524742126,0.01822085864841938,0.05372414141893387
2482,False,normal,0.9189968109130859,1.0454186,0.07549835741519928,0.08335112780332565,0.2613546550273895,0.015099671669304371,0.05001067668199539
2483,False,normal,0.9232505559921265,1.0419213,0.029999971389770508,0.07816141843795776,0.2604803144931793,0.0059999944642186165,0.04689685106277466
2484,False,normal,0.9249365329742432,1.0069261,0.04358898848295212,0.07384509593248367,0.2517315149307251,0.008717798627912998,0.0443070575594902
2485,False,normal,0.9253247380256653,0.960885,0.08124039322137833,0.07105778902769089,0.24022124707698822,0.016248079016804695,0.04263467341661453
2486,False,normal,0.929331362247467,0.897608,0.08124036341905594,0.07062586396932602,0.22440199553966522,0.016248073428869247,0.04237551838159561
2487,False,normal,0.931817889213562,0.90691787,0.04242641106247902,0.06931481510400772,0.22672946751117706,0.008485282771289349,0.041588889062404634
2488,False,normal,0.9241748452186584,0.93946797,0.12124357372522354,0.06679286807775497,0.23486699163913727,0.024248715490102768,0.040075720846652986
2489,False,normal,0.9246614575386047,0.975961,0.08774963021278381,0.06466470658779144,0.24399025738239288,0.017549926415085793,0.038798823952674866
2490,False,normal,0.9214194416999817,1.0194117,0.09433980286121368,0.06493214517831802,0.25485292077064514,0.018867962062358856,0.038959287106990814
2491,False,normal,0.9228601455688477,1.0523307,0.042426422238349915,0.06822647899389267,0.26308268308639526,0.008485284633934498,0.0409358873963356
2492,False,normal,0.9103600382804871,1.1078357,0.1526433676481247,0.07459988445043564,0.2769589126110077,0.03052867390215397,0.044759930670261384
2493,False,normal,0.9160041213035583,1.0841587,0.09433984756469727,0.07633741945028305,0.2710396647453308,0.018867971375584602,0.04580245167016983
2494,False,normal,0.920840859413147,1.0225947,0.08774968236684799,0.07221473008394241,0.255648672580719,0.017549937590956688,0.04332883805036545
2495,False,normal,0.9231980443000793,1.0338762,0.061644162982702255,0.06301169097423553,0.2584690451622009,0.01232883334159851,0.03780701458454132
2496,False,normal,0.9267536997795105,0.99121135,0.061644136905670166,0.055602338165044785,0.24780283868312836,0.012328827753663063,0.03336140289902687
2497,False,normal,0.9061436057090759,0.79768413,0.4756048321723938,0.06942319124937057,0.19942103326320648,0.09512097388505936,0.041653914749622344
2498,False,normal,0.9310250282287598,0.7537241,0.15165752172470093,0.08744055777788162,0.1884310245513916,0.030331505462527275,0.05246433466672897
2499,False,normal,0.8812803030014038,0.9890399,0.6191122531890869,0.08726055920124054,0.2472599595785141,0.12382245808839798,0.05235633552074432
2500,False,normal,0.9042535424232483,1.1129241,0.20346996188163757,0.09107053279876709,0.27823102474212646,0.040693994611501694,0.054642319679260254
2501,False,normal,0.9153153896331787,1.0470912,0.11045363545417786,0.09131123870611191,0.2617728114128113,0.0220907274633646,0.054786743223667146
2502,False,normal,0.9178375005722046,0.87252504,0.21840333938598633,0.09374552220106125,0.21813125908374786,0.043680667877197266,0.056247313320636746
2503,False,normal,0.9297274351119995,0.8542248,0.07071064412593842,0.09650198370218277,0.2135562002658844,0.014142129570245743,0.057901190221309656
2504,False,normal,0.9259108901023865,0.9200543,0.06633244454860687,0.09675631672143936,0.23001357913017273,0.013266488909721375,0.058053790032863616
2505,False,normal,0.9178580045700073,1.0089103,0.09899497032165527,0.097170390188694,0.2522275745868683,0.019798994064331055,0.058302234113216396
2506,False,normal,0.9149677753448486,1.0716809,0.08366601169109344,0.09814319759607315,0.26792022585868835,0.01673320308327675,0.058885918557643885
2507,False,normal,0.9161461591720581,1.093755,0.046904150396585464,0.09980293363332748,0.2734387516975403,0.009380830451846123,0.05988176017999649
2508,False,normal,0.9170936942100525,1.0868763,0.03741658851504326,0.10141925513744354,0.2717190682888031,0.007483317982405424,0.06085155308246612
2509,False,normal,0.9184021353721619,1.0785639,0.02449488639831543,0.1029207855463028,0.2696409821510315,0.004898977465927601,0.06175247132778167
2510,False,normal,0.9187600612640381,1.0707474,0.02449488639831543,0.10400918126106262,0.2676868438720703,0.004898977465927601,0.06240550875663757
2511,False,normal,0.9193569421768188,1.0689247,0.01732049137353897,0.10446863621473312,0.26723116636276245,0.0034640985541045666,0.06268118172883987
2512,False,normal,0.9193292856216431,1.0758252,0.014142133295536041,0.10309126228094101,0.2689563035964966,0.0028284266591072083,0.061854757368564606
2513,False,normal,0.9174694418907166,1.0948516,0.0223606638610363,0.10354415327310562,0.2737129032611847,0.0044721332378685474,0.06212649196386337
2514,False,normal,0.9148643612861633,1.1178551,0.03316621482372284,0.10651852190494537,0.2794637680053711,0.006633243523538113,0.06391111314296723
2515,False,normal,0.9119240641593933,1.1458621,0.042426422238349915,0.11064659059047699,0.28646552562713623,0.008485284633934498,0.0663879543542862
2516,False,normal,0.9094702005386353,1.1724334,0.044721316546201706,0.1158219501376152,0.29310834407806396,0.008944263681769371,0.06949317008256913
2517,False,normal,0.9097323417663574,1.1910919,0.03605559468269348,0.1093352884054184,0.29777297377586365,0.007211119402199984,0.06560117304325104
2518,False,normal,0.9116653203964233,1.1995833,0.029999995604157448,0.09258925914764404,0.2998958230018616,0.005999999586492777,0.055553555488586426
2519,False,normal,0.9097317457199097,1.2160181,0.0223606638610363,0.0965745598077774,0.3080090284347534,0.0044721332378685474,0.05794473588466644
2520,False,normal,0.9053028225898743,1.2366487,0.037416547536849976,0.1025821790099144,0.31832432746887207,0.007483309600502253,0.06154930740594863
2521,False,normal,0.9035986661911011,1.2401612,0.045825738459825516,0.10786860436201096,0.32008057832717896,0.009165148250758648,0.06472116261720658
2522,False,normal,0.9042081832885742,1.2557467,0.022360671311616898,0.10122018307447433,0.3278733491897583,0.004472134634852409,0.0607321098446846
2523,False,normal,0.907082736492157,1.2512794,0.014142133295536041,0.08705577999353409,0.32563966512680054,0.0028284266591072083,0.05223346799612045
2524,False,normal,0.9098445177078247,1.2342204,0.024494880810379982,0.07533995807170868,0.31711018085479736,0.004898976068943739,0.045203974843025206
2525,False,normal,0.9134219884872437,1.2122706,0.022360658273100853,0.06972622126340866,0.30613529682159424,0.0044721318408846855,0.0418357327580452
2526,False,normal,0.9151666164398193,1.200375,0.022360673174262047,0.06757897883653641,0.30018746852874756,0.004472134634852409,0.040547387301921846
2527,False,normal,0.9155145287513733,1.0976794,0.10392306745052338,0.06738551706075668,0.2744198441505432,0.020784614607691765,0.04043131023645401
2528,False,normal,0.9214966297149658,1.062497,0.050990182906389236,0.06894230097532272,0.2656242549419403,0.010198037140071392,0.04136538058519363
2529,False,normal,0.9237555265426636,1.020049,0.048989806324243546,0.07347670197486877,0.25501224398612976,0.009797961451113224,0.04408602118492126
2530,False,normal,0.9255408048629761,0.9876234,0.04123103991150856,0.08033692836761475,0.2469058483839035,0.008246208541095257,0.04820215702056885
2531,False,normal,0.9262533187866211,0.98407316,0.024494893848896027,0.0867081955075264,0.24601827561855316,0.004898978862911463,0.05202491730451584
2532,False,normal,0.9273690581321716,0.98407316,0.0,0.09271994233131409,0.24601827561855316,0.0,0.05563196539878845
2533,False,normal,0.9228439331054688,1.0108413,0.0316227525472641,0.09672317653894424,0.2527103126049042,0.006324550602585077,0.05803390592336655
2534,False,normal,0.9196962118148804,1.0288343,0.0538516528904438,0.0996895357966423,0.25720858573913574,0.010770331136882305,0.05981372147798538
2535,False,normal,0.9225956201553345,1.0031949,0.03000003471970558,0.1037893071770668,0.2507987320423126,0.006000007502734661,0.06227358430624008
2536,False,normal,0.923334538936615,0.94899946,0.05477221682667732,0.11037577688694,0.23724986612796783,0.010954443365335464,0.066225466132164
2537,False,normal,0.9260972142219543,0.92444575,0.02828429639339447,0.11669668555259705,0.23111143708229065,0.0056568593718111515,0.07001801133155823
2538,False,normal,0.9269315600395203,0.9079097,0.0223606638610363,0.12205875664949417,0.2269774228334427,0.0044721332378685474,0.0732352539896965
2539,False,normal,0.9272135496139526,0.896995,0.022360675036907196,0.125393345952034,0.2242487519979477,0.004472135100513697,0.0752360075712204
2540,False,normal,0.9267478585243225,0.8930846,0.03162277862429619,0.12552207708358765,0.22327114641666412,0.006324555724859238,0.07531324625015258
2541,False,normal,0.9276840090751648,0.8683893,0.041231073439121246,0.12457787245512009,0.21709732711315155,0.008246215060353279,0.07474672347307205
2542,False,normal,0.9301320314407349,0.8348652,0.04123103246092796,0.12163788080215454,0.20871630311012268,0.008246206678450108,0.07298272848129272
2543,False,normal,0.9323291778564453,0.79987496,0.046904176473617554,0.11800674349069595,0.19996874034404755,0.009380835108458996,0.07080404609441757
2544,False,normal,0.9347431063652039,0.7465922,0.06164410337805748,0.1164296343922615,0.18664804100990295,0.01232882123440504,0.0698577806353569
2545,False,normal,0.9378857016563416,0.69086903,0.06403125077486038,0.11777175962924957,0.17271725833415985,0.012806250713765621,0.07066305577754974
2546,False,normal,0.9410159587860107,0.6565059,0.05000001937150955,0.11835360527038574,0.1641264706850052,0.010000004433095455,0.07101216316223144
2547,False,normal,0.9425772428512573,0.6539877,0.022360680624842644,0.12392881512641907,0.16349691152572632,0.004472136497497559,0.07435728907585144
2548,False,normal,0.9389626979827881,0.6824954,0.04358901083469391,0.1259346455335617,0.17062385380268097,0.008717802353203297,0.07556078732013702
2549,False,normal,0.9318773150444031,0.74572116,0.08774964511394501,0.12444918602705002,0.18643029034137726,0.01754993014037609,0.07466951161623
2550,False,normal,0.9262884259223938,0.82595396,0.1004987508058548,0.12126722186803818,0.2064884901046753,0.02009975165128708,0.0727603331208229
2551,False,normal,0.9233814477920532,0.9022749,0.08062256872653961,0.11816401779651642,0.2255687266588211,0.016124514862895012,0.07089841067790985
2552,False,normal,0.9161807298660278,0.99267316,0.10049878805875778,0.11866464465856552,0.24816828966140747,0.020099757239222527,0.07119878679513932
2553,False,normal,0.9057906270027161,1.1003182,0.13747726380825043,0.12607242166996002,0.27507954835891724,0.027495453134179115,0.07564345300197602
2554,False,normal,0.8480285406112671,1.4145317,0.3931920528411865,0.1722136288881302,0.407265841960907,0.07863841205835342,0.10332817733287811
2555,False,normal,0.8733030557632446,1.4145317,0.0,0.2073373645544052,0.407265841960907,0.0,0.12440241873264313
2556,False,normal,0.8670305609703064,1.4215837,0.024494890123605728,0.23695307970046997,0.41079181432724,0.0048989783972501755,0.14217184782028197
2557,False,normal,0.8606423139572144,1.4401041,0.03741656243801117,0.2628202736377716,0.42005205154418945,0.007483312394469976,0.15769216418266296
2558,False,normal,0.8538910746574402,1.47136,0.037416648119688034,0.2865222692489624,0.43567997217178345,0.007483330089598894,0.17191336154937745
2559,False,normal,0.8473538756370544,1.5036621,0.036055486649274826,0.30820170044898987,0.45183104276657104,0.00721109751611948,0.18492102026939392
2560,False,normal,0.8477175831794739,1.4552664,0.08944270759820938,0.32221585512161255,0.4276331663131714,0.017888542264699936,0.19332951307296753
2561,False,normal,0.8544972538948059,1.3993212,0.08062262088060379,0.32950741052627563,0.399660587310791,0.016124524176120758,0.19770444631576536
2562,False,normal,0.857809841632843,1.4004642,0.028284268453717232,0.3334234952926636,0.40023207664489746,0.005656853783875704,0.20005409717559813
2563,False,normal,0.8582018613815308,1.4009283,0.022360682487487793,0.3333757519721985,0.40046411752700806,0.004472136497497559,0.20002545118331908
2564,False,normal,0.8518749475479126,1.4414228,0.04582572355866432,0.3292526304721832,0.4207113981246948,0.00916514452546835,0.19755157828330994
2565,False,normal,0.8526511192321777,1.4600686,0.022360771894454956,0.31802740693092346,0.4300342798233032,0.004472154658287764,0.19081644415855406
2566,False,normal,0.8659839630126953,0.94451046,0.5204805731773376,0.2995676100254059,0.23612761497497559,0.10409611463546753,0.17974056601524352
2567,False,normal,0.9075004458427429,0.94451046,0.0,0.27889716625213623,0.23612761497497559,0.0,0.16733829975128173
2568,False,normal,0.9082424640655518,0.90824,0.04898981750011444,0.2609858512878418,0.227060005068779,0.009797963313758373,0.15659151077270508
2569,False,normal,0.9128170609474182,0.88651,0.02449488453567028,0.24949121475219727,0.22162750363349915,0.004898977465927601,0.14969472885131835
2570,False,normal,0.9133171439170837,0.8266196,0.06782329827547073,0.24943648278713226,0.20665492117404938,0.013564660213887691,0.14966188967227936
2571,False,normal,0.9157900214195251,0.75947356,0.07280109077692032,0.2606898248195648,0.18986840546131134,0.014560218900442123,0.15641389489173887
2572,False,normal,0.9184744358062744,0.7261542,0.036055538803339005,0.27863940596580505,0.18153855204582214,0.007211108226329088,0.16718364357948304
2573,False,normal,0.917608916759491,0.69014496,0.042426373809576035,0.300625205039978,0.1725362241268158,0.008485275320708752,0.1803751230239868
2574,False,normal,0.9168532490730286,0.6696268,0.04358901083469391,0.316882461309433,0.16740667819976807,0.008717802353203297,0.19012947678565978
2575,False,normal,0.9172552227973938,0.6457554,0.037416547536849976,0.3298235237598419,0.16143885254859924,0.007483309600502253,0.19789411425590514
2576,False,normal,0.9152738451957703,0.5887274,0.09273618459701538,0.3414623439311981,0.14718185365200043,0.018547238782048225,0.20487740635871887
2577,False,normal,0.9183064699172974,0.5860887,0.0458257831633091,0.3468836843967438,0.1465221792459488,0.009165157563984394,0.20813021063804626
2578,False,normal,0.9208168387413025,0.5687706,0.028284257277846336,0.34594738483428955,0.14219264686107635,0.005656851455569267,0.20756843090057372
2579,False,normal,0.9232625365257263,0.56435806,0.014142122119665146,0.33670371770858765,0.1410895138978958,0.0028284243308007717,0.2020222306251526
2580,False,normal,0.9255046844482422,0.5555178,0.009999990463256836,0.32521241903305054,0.1388794481754303,0.0019999982323497534,0.19512745141983032
2581,False,normal,0.9272478818893433,0.54735726,0.014142150059342384,0.3123469352722168,0.13683931529521942,0.0028284299187362194,0.18740816116333006
2582,False,normal,0.9304168820381165,0.5386093,0.009999990463256836,0.2930834889411926,0.13465233147144318,0.0019999982323497534,0.17585009336471558
2583,False,normal,0.9339890480041504,0.5244044,0.01732049696147442,0.2661384046077728,0.1311011016368866,0.003464099718257785,0.1596830427646637
2584,False,normal,0.9403449296951294,0.51088154,0.014142153784632683,0.22220249474048615,0.12772038578987122,0.002828430850058794,0.13332149684429168
2585,False,normal,0.9488381743431091,0.50547004,0.022360675036907196,0.14910736680030823,0.1263675093650818,0.004472135100513697,0.08946442008018493
2586,False,normal,0.9491236209869385,0.5233546,0.02000001072883606,0.1388891190290451,0.13083864748477936,0.0040000020526349545,0.08333347141742706
2587,False,normal,0.9512928128242493,0.51,0.024494895711541176,0.12495878338813782,0.1274999976158142,0.00489897932857275,0.0749752700328827
2588,False,normal,0.9533095359802246,0.51516986,0.017320506274700165,0.10994424670934677,0.12879246473312378,0.0034641013480722904,0.06596654802560806
2589,False,normal,0.9529199600219727,0.54267853,0.030000001192092896,0.09093854576349258,0.13566963374614716,0.0060000005178153515,0.05456312745809555
2590,False,normal,0.9571657180786133,0.54267853,0.0,0.07430726289749146,0.13566963374614716,0.0,0.044584357738494874
2591,False,normal,0.9573269486427307,0.5463515,0.014142138883471489,0.062211815267801285,0.13658787310123444,0.0028284278232604265,0.03732708916068077
2592,False,normal,0.9553935527801514,0.57784075,0.0316227525472641,0.05099746212363243,0.14446018636226654,0.006324550602585077,0.030598477274179456
2593,False,normal,0.95566725730896,0.6001666,0.02236071228981018,0.04287751764059067,0.15004165470600128,0.004472142551094294,0.0257265105843544
2594,False,normal,0.9553062915802002,0.61465436,0.024494877085089684,0.037005841732025146,0.15366357564926147,0.004898975603282452,0.022203505039215088
2595,False,normal,0.9513494968414307,0.6555151,0.041231073439121246,0.03823741152882576,0.16387876868247986,0.008246215060353279,0.022942446917295457
2596,False,normal,0.9455671310424805,0.70936596,0.0538516566157341,0.05048826336860657,0.177341490983963,0.010770331136882305,0.03029295802116394
2597,False,normal,0.9380921721458435,0.7749194,0.06999999284744263,0.06854462623596191,0.19372984766960144,0.0139999995008111,0.041126775741577144
2598,False,normal,0.9316048622131348,0.83522457,0.07280109077692032,0.08944613486528397,0.2088061422109604,0.014560218900442123,0.05366768091917038
2599,False,normal,0.930645763874054,0.85872,0.037416547536849976,0.1073167473077774,0.2146800011396408,0.007483309600502253,0.06439004838466644
2600,False,normal,0.9264488816261292,0.8838552,0.046904176473617554,0.12326955050230026,0.22096380591392517,0.009380835108458996,0.07396173030138016
2601,False,normal,0.9222844839096069,0.92179173,0.04582572355866432,0.1388881802558899,0.2304479330778122,0.00916514452546835,0.08333290815353393
2602,False,normal,0.9238885045051575,0.8843642,0.042426370084285736,0.14713957905769348,0.22109104692935944,0.008485274389386177,0.08828374743461609
2603,False,normal,0.9234931468963623,0.8741281,0.048989806324243546,0.15166357159614563,0.2185320258140564,0.009797961451113224,0.09099814295768738
2604,False,normal,0.9258846044540405,0.85732144,0.02999998815357685,0.15235686302185059,0.21433036029338837,0.005999997723847628,0.09141411781311035
2605,False,normal,0.9233200550079346,0.8756141,0.05000002309679985,0.1517007052898407,0.2189035266637802,0.01000000536441803,0.09102042317390442
2606,False,normal,0.9227181077003479,0.87286884,0.06324557960033417,0.14986813068389893,0.21821720898151398,0.012649116106331348,0.08992087841033936
2607,False,normal,0.9254454970359802,0.84870493,0.056568510830402374,0.14389842748641968,0.21217624843120575,0.01131370197981596,0.0863390564918518
2608,False,normal,0.9262365102767944,0.85404915,0.05385163798928261,0.13622134923934937,0.21351228654384613,0.010770328342914581,0.08173280954360962
2609,False,normal,0.9280096292495728,0.7673982,0.117047019302845,0.12707892060279846,0.19184954464435577,0.023409403860569,0.07624735236167908
2610,False,normal,0.9337821006774902,0.78287935,0.04472137615084648,0.11611528694629669,0.19571983814239502,0.008944275788962841,0.06966917216777802
2611,False,normal,0.9158656001091003,0.9398936,0.16583122313022614,0.10794758796691895,0.23497338593006134,0.033166248351335526,0.06476855278015137
2612,False,normal,0.916527271270752,1.0192153,0.09486830979585648,0.10547205805778503,0.2548038363456726,0.018973663449287415,0.06328323483467102
2613,False,normal,0.9040706753730774,1.1408769,0.1456022411584854,0.11420303583145142,0.2852192223072052,0.029120448976755142,0.06852182149887084
2614,False,normal,0.9118849039077759,1.1218735,0.054772257804870605,0.11575046181678772,0.2804683744907379,0.010954451747238636,0.06945027709007263
2615,False,normal,0.9103302955627441,1.0451316,0.14866070449352264,0.10999523103237152,0.26128289103507996,0.029732143506407738,0.06599713861942291
2616,False,normal,0.9082694053649902,1.1363977,0.0943397507071495,0.11358525604009628,0.28409942984580994,0.01886795088648796,0.06815115362405777
2617,False,normal,0.8912950158119202,1.2640015,0.13152946531772614,0.13200095295906067,0.332000732421875,0.026305893436074257,0.07920057177543639
2618,False,normal,0.8761471509933472,1.366821,0.1187434270977974,0.15912064909934998,0.3834105134010315,0.02374868653714657,0.09547238945960998
2619,False,normal,0.8700165748596191,1.4246403,0.06164419278502464,0.18566744029521942,0.4123201370239258,0.012328838929533958,0.11140046417713165
2620,False,normal,0.8601912260055542,1.4570519,0.10099506378173828,0.20918899774551392,0.4285259246826172,0.020199012011289597,0.12551339864730834
2621,False,normal,0.858519434928894,1.4664924,0.07615772634744644,0.2288098782300949,0.4332461953163147,0.015231546014547348,0.13728592693805694
2622,False,normal,0.8559684753417969,1.4851263,0.0547722689807415,0.24402354657649994,0.44256311655044556,0.010954453609883785,0.14641412794589995
2623,False,normal,0.8576749563217163,1.4322011,0.10954449325799942,0.25070029497146606,0.41610056161880493,0.021908897906541824,0.15042017698287963
2624,False,normal,0.8716429471969604,1.3130499,0.126885786652565,0.2475782334804535,0.3565249443054199,0.02537715807557106,0.1485469400882721
2625,False,normal,0.8860572576522827,1.2128067,0.11224973201751709,0.24102672934532166,0.30640333890914917,0.022449947893619537,0.144616037607193
2626,False,normal,0.8946619033813477,1.1153475,0.10246952623128891,0.23286406695842743,0.2788368761539459,0.02049390599131584,0.13971844017505644
2627,False,normal,0.9017412662506104,1.0337311,0.09055382758378983,0.22382503747940063,0.2584327757358551,0.018110767006874084,0.1342950224876404
2628,False,normal,0.9081907868385315,0.9813257,0.06000000238418579,0.21646977961063385,0.24533142149448395,0.012000001035630703,0.1298818677663803
2629,False,normal,0.9088211059570312,0.8684469,0.15937381982803345,0.20789963006973267,0.2171117216348648,0.03187476471066475,0.1247397780418396
2630,False,normal,0.9205576181411743,0.8290959,0.042426373809576035,0.2036827653646469,0.20727397501468658,0.008485275320708752,0.12220965921878814
2631,False,normal,0.9212914109230042,0.8257724,0.022360673174262047,0.2118394672870636,0.20644311606884003,0.004472134634852409,0.12710368037223815
2632,False,normal,0.9182451367378235,0.8448077,0.0316227450966835,0.22152242064476013,0.21120192110538483,0.006324549205601215,0.13291345238685606
2633,False,normal,0.9156588315963745,0.86590993,0.03316628187894821,0.23111939430236816,0.21647748351097107,0.0066332570277154446,0.1386716365814209
2634,False,normal,0.9147937893867493,0.8654479,0.03162278234958649,0.2395332306623459,0.21636196970939636,0.0063245571218431,0.14371993839740752
2635,False,normal,0.9137886166572571,0.8711487,0.030000001192092896,0.24595481157302856,0.21778717637062073,0.0060000005178153515,0.14757288694381712
2636,False,normal,0.9106298685073853,0.8920762,0.045825742185115814,0.25148701667785645,0.2230190485715866,0.009165149182081223,0.15089221000671385
2637,False,normal,0.9097723960876465,0.90183145,0.04582575336098671,0.2535518705844879,0.22545786201953888,0.009165151044726372,0.15213112235069273
2638,False,normal,0.9078699350357056,0.9265528,0.05830955132842064,0.2487276792526245,0.23163819313049316,0.011661911383271217,0.1492366075515747
2639,False,normal,0.9079158306121826,0.9596353,0.04898974671959877,0.2369394749403,0.239908829331398,0.009797950275242329,0.14216368496418
2640,False,normal,0.9108468294143677,0.9700515,0.030000001192092896,0.21895766258239746,0.24251288175582886,0.0060000005178153515,0.13137459754943848
2641,False,normal,0.913405179977417,0.9656086,0.03741657733917236,0.195316880941391,0.24140214920043945,0.007483316119760275,0.11719012856483459
2642,False,normal,0.9177091121673584,0.9792344,0.022360658273100853,0.16176433861255646,0.2448085993528366,0.0044721318408846855,0.09705860316753387
2643,False,normal,0.9186395406723022,1.0006498,0.050990212708711624,0.12496333569288254,0.2501624524593353,0.01019804272800684,0.07497800141572952
2644,False,normal,0.9235220551490784,1.0009495,0.03162277489900589,0.09622425585985184,0.250237375497818,0.00632455525919795,0.0577345535159111
2645,False,normal,0.9277856349945068,0.98208964,0.02449491061270237,0.07497215270996094,0.2455224096775055,0.004898982122540474,0.044983291625976564
2646,False,normal,0.9305709004402161,0.9544632,0.029999971389770508,0.06270945072174072,0.23861579596996307,0.0059999944642186165,0.037625670433044434
2647,False,normal,0.9311137199401855,0.9565563,0.028284255415201187,0.058168020099401474,0.23913908004760742,0.00565685098990798,0.034900812059640886
2648,False,normal,0.9293935894966125,0.9695875,0.041231051087379456,0.0576239749789238,0.24239687621593475,0.008246210403740406,0.034574384987354274
2649,False,normal,0.9312386512756348,0.94090384,0.04242643341422081,0.05644042789936066,0.23522596061229706,0.008485287427902222,0.03386425673961639
2650,False,normal,0.9315341114997864,0.93685645,0.04898978769779205,0.05198424682021141,0.23421411216259003,0.009797957725822926,0.031190548092126846
2651,False,normal,0.9309465885162354,0.94831437,0.056568533182144165,0.046175893396139145,0.23707859218120575,0.011313706636428833,0.027705536037683488
2652,False,normal,0.9332316517829895,0.95524865,0.02828427590429783,0.04120005667209625,0.2388121634721756,0.005656855646520853,0.02472003400325775
2653,False,normal,0.9326354265213013,0.9757561,0.024494880810379982,0.03785572946071625,0.24393902719020844,0.004898976068943739,0.02271343767642975
2654,False,normal,0.9298145771026611,0.9982484,0.048989780247211456,0.034338634461164474,0.2495620995759964,0.009797956794500351,0.020603180676698685
2655,False,normal,0.9246732592582703,1.0528532,0.07071073353290558,0.035167403519153595,0.26321330666542053,0.01414214726537466,0.021100442111492156
2656,False,normal,0.9225104451179504,1.0949886,0.05385163426399231,0.04178249090909958,0.27374714612960815,0.010770326480269432,0.025069494545459748
2657,False,normal,0.9181528687477112,1.1378049,0.06000000610947609,0.051952917128801346,0.2844512164592743,0.012000001035630703,0.031171750277280807
2658,False,normal,0.9120435118675232,1.1997082,0.06403118371963501,0.06810338795185089,0.2999270558357239,0.012806237675249577,0.040862032771110536
2659,False,normal,0.8978181481361389,1.2794139,0.08485285937786102,0.09075973927974701,0.3397069573402405,0.016970572993159294,0.0544558435678482
2660,False,normal,0.8823394179344177,1.3655035,0.10440309345722198,0.1178533136844635,0.3827517628669739,0.020880620926618576,0.0707119882106781
2661,False,normal,0.863991916179657,1.4741099,0.11575838178396225,0.15052063763141632,0.43705493211746216,0.02315167710185051,0.09031238257884978
2662,False,normal,0.8461287617683411,1.5830034,0.11357807368040085,0.1873120665550232,0.49150168895721436,0.0227156151086092,0.11238723993301392
2663,False,normal,0.8316389918327332,1.6743357,0.09433984011411667,0.22494623064994812,0.5371678471565247,0.018867969512939453,0.13496773838996887
2664,False,normal,0.8233480453491211,1.72363,0.0700000450015068,0.2579018473625183,0.5618149638175964,0.01400000974535942,0.154741108417511
2665,False,normal,0.8235716223716736,1.7299132,0.017320500686764717,0.28241828083992004,0.5649566054344177,0.003464100183919072,0.16945096850395203
2666,False,normal,0.8226278424263,1.7261227,0.010000050067901611,0.29880690574645996,0.5630613565444946,0.0020000101067125797,0.17928414344787597
2667,False,normal,0.8239630460739136,1.6612645,0.09000001847743988,0.3052408993244171,0.5306322574615479,0.018000004813075066,0.18314453959465027
2668,False,normal,0.8367962837219238,1.5449595,0.11704690754413605,0.3025439381599426,0.47247976064682007,0.02340938150882721,0.18152636289596558
2669,False,normal,0.8515273332595825,1.440625,0.11090537905693054,0.2923054099082947,0.42031246423721313,0.02218107506632805,0.1753832459449768
2670,False,normal,0.8642423152923584,1.3836907,0.05830956622958183,0.2785261571407318,0.39184534549713135,0.011661913245916367,0.1671156942844391
2671,False,normal,0.8682528138160706,1.3834378,0.030000001192092896,0.26306214928627014,0.39171886444091797,0.0060000005178153515,0.15783728957176207
2672,False,normal,0.8712911009788513,1.3856766,0.014142133295536041,0.24532221257686615,0.3928382992744446,0.0028284266591072083,0.1471933275461197
2673,False,normal,0.8728547096252441,1.3915818,0.014142122119665146,0.22614078223705292,0.39579087495803833,0.0028284243308007717,0.13568446934223174
2674,False,normal,0.8722482323646545,1.4114532,0.022360771894454956,0.205358624458313,0.4057266116142273,0.004472154658287764,0.12321517467498778
2675,False,normal,0.8726275563240051,1.4269197,0.022360658273100853,0.18608708679676056,0.413459837436676,0.0044721318408846855,0.11165225207805633
2676,False,normal,0.874707818031311,1.4331434,0.014142143540084362,0.1674049198627472,0.4165716767311096,0.002828428987413645,0.10044295191764831
2677,False,normal,0.8760478496551514,1.439479,0.014142122119665146,0.1496385782957077,0.4197394847869873,0.0028284243308007717,0.08978314697742462
2678,False,normal,0.8796237707138062,1.4205985,0.019999980926513672,0.13584530353546143,0.41029924154281616,0.003999996464699507,0.08150718212127685
2679,False,normal,0.8848525285720825,1.3578291,0.06324561685323715,0.13062843680381775,0.3789145350456238,0.012649123556911945,0.07837706208229064
2680,False,normal,0.8906453251838684,1.289147,0.092736154794693,0.1354672908782959,0.3445734977722168,0.01854723133146763,0.08128037452697753
2681,False,normal,0.8988677859306335,1.1633142,0.13341663777828217,0.1534900963306427,0.29082855582237244,0.026683328673243523,0.09209405779838561
2682,False,normal,0.9058750867843628,1.1084222,0.057445693761110306,0.17116735875606537,0.27710554003715515,0.011489138938486576,0.10270041525363922
2683,False,normal,0.9067811369895935,1.095947,0.04123104736208916,0.1802486926317215,0.2739867568016052,0.008246210403740406,0.1081492155790329
2684,False,normal,0.9079926013946533,1.0692052,0.043588969856500626,0.18260763585567474,0.2673012912273407,0.008717793971300125,0.10956458151340484
2685,False,normal,0.9099307656288147,1.0155786,0.06164414435625076,0.18310225009918213,0.2538946568965912,0.012328828684985638,0.10986135005950927
2686,False,normal,0.9137911200523376,0.9523654,0.06324555724859238,0.1828552484512329,0.2380913496017456,0.012649111449718475,0.10971314907073974
2687,False,normal,0.9175030589103699,0.92032605,0.037416547536849976,0.18475255370140076,0.23008151352405548,0.007483309600502253,0.11085153222084045
2688,False,normal,0.9180061221122742,0.9267686,0.01732051372528076,0.18976488709449768,0.2316921502351761,0.003464102977886796,0.1138589322566986
2689,False,normal,0.9176760911941528,0.92703825,0.009999999776482582,0.19695031642913818,0.23175956308841705,0.0020000000949949026,0.1181701898574829
2690,False,normal,0.916205883026123,0.9014433,0.03741655498743057,0.2053970843553543,0.22536082565784454,0.007483311463147402,0.12323825061321259
2691,False,normal,0.9176267385482788,0.8760137,0.028284307569265366,0.21250899136066437,0.21900342404842377,0.005656861700117588,0.1275053948163986
2692,False,normal,0.9138950109481812,0.91142744,0.0458257757127285,0.21419881284236908,0.2278568595647812,0.009165155701339245,0.12851928770542145
2693,False,normal,0.9169803857803345,0.90160966,0.014142128638923168,0.21340303122997284,0.22540241479873657,0.0028284257277846336,0.1280418187379837
2694,False,normal,0.9166294932365417,0.85094064,0.06480741500854492,0.2110513597726822,0.2127351611852646,0.01296148356050253,0.1266308158636093
2695,False,normal,0.9214804172515869,0.8482334,0.014142128638923168,0.2037028819322586,0.21205835044384003,0.0028284257277846336,0.12222172915935516
2696,False,normal,0.9214655160903931,0.86735225,0.019999980926513672,0.1902082860469818,0.2168380618095398,0.003999996464699507,0.11412497162818908
2697,False,normal,0.9247690439224243,0.864523,0.01000000536441803,0.17040222883224487,0.21613074839115143,0.0020000010263174772,0.10224133729934692
2698,False,normal,0.9283438324928284,0.8549269,0.009999990463256836,0.1456102579832077,0.21373172104358673,0.0019999982323497534,0.08736615478992461
2699,False,normal,0.9315937757492065,0.8457541,0.014142128638923168,0.12071605771780014,0.21143852174282074,0.0028284257277846336,0.07242963463068008
2700,False,normal,0.9342741370201111,0.8553362,0.009999990463256836,0.09597793966531754,0.21383404731750488,0.0019999982323497534,0.05758676379919052
2701,False,normal,0.9350985884666443,0.85650456,0.019999999552965164,0.0822487473487854,0.21412613987922668,0.004000000189989805,0.04934924840927124
2702,False,normal,0.9372773766517639,0.83815277,0.0223606638610363,0.07217498868703842,0.20953820645809174,0.0044721332378685474,0.04330499321222305
2703,False,normal,0.9391925930976868,0.84196204,0.014142137952148914,0.05936750769615173,0.21049050986766815,0.0028284278232604265,0.03562050461769104
2704,False,normal,0.939151406288147,0.85854524,0.024494905024766922,0.044603269547224045,0.21463631093502045,0.004898981191217899,0.026761961728334425
2705,False,normal,0.9376899003982544,0.88820046,0.03741656243801117,0.03326092287898064,0.22205011546611786,0.007483312394469976,0.01995655372738838
2706,False,normal,0.9359403848648071,0.9230385,0.03605552762746811,0.030546240508556366,0.2307596206665039,0.007211105898022652,0.018327744305133817
2707,False,normal,0.9329920411109924,0.9539392,0.044721316546201706,0.03360552340745926,0.23848479986190796,0.008944263681769371,0.020163314044475553
2708,False,normal,0.9351524710655212,0.95194536,0.014142148196697235,0.035752370953559875,0.23798634111881256,0.0028284296859055758,0.021451422572135923
2709,False,normal,0.9359169602394104,0.94249666,0.009999990463256836,0.03689161315560341,0.23562416434288025,0.0019999982323497534,0.022134967893362046
2710,False,normal,0.9359337687492371,0.9342912,0.014142127707600594,0.03843653202056885,0.2335727959871292,0.00282842549495399,0.023061919212341308
2711,False,normal,0.9359687566757202,0.9356281,0.009999997913837433,0.040037233382463455,0.23390702903270721,0.0019999996293336153,0.024022340029478072
2712,False,normal,0.9336593151092529,0.9511046,0.02449491061270237,0.0421627014875412,0.23777614533901215,0.004898982122540474,0.025297620892524717
2713,False,normal,0.9245437383651733,1.0216163,0.07280109822750092,0.051209401339292526,0.2554040849208832,0.014560219831764698,0.030725640803575514
2714,False,normal,0.9203794002532959,1.0797222,0.059160809963941574,0.06417431682348251,0.26993054151535034,0.0118321618065238,0.038504590094089505
2715,False,normal,0.9150851368904114,1.1360897,0.05744557827711105,0.08000679314136505,0.28402242064476013,0.011489116586744785,0.04800407588481903
2716,False,normal,0.911664605140686,1.1759251,0.04358905553817749,0.09642404317855835,0.29398128390312195,0.008717811666429043,0.05785442590713501
2717,False,normal,0.9033926725387573,1.2288613,0.05744561553001404,0.11409399658441544,0.3144306540489197,0.011489123106002808,0.06845639795064926
2718,False,normal,0.8977248668670654,1.2674778,0.04242636635899544,0.1304870843887329,0.33373886346817017,0.008485273458063602,0.07829225063323975
2719,False,normal,0.8935754299163818,1.2948359,0.02999999187886715,0.144334077835083,0.347417950630188,0.005999998655170202,0.0866004467010498
2720,False,normal,0.8921087384223938,1.2968808,0.02999999187886715,0.15442624688148499,0.34844040870666504,0.005999998655170202,0.09265574812889099
2721,False,normal,0.8936673402786255,1.2640412,0.05744557827711105,0.15849271416664124,0.3320205807685852,0.011489116586744785,0.09509562849998474
2722,False,normal,0.8994146585464478,1.1984574,0.09433984756469727,0.15505218505859375,0.2996143400669098,0.018867971375584602,0.09303131103515624
2723,False,normal,0.9047800898551941,1.151043,0.07348468154668808,0.148069828748703,0.28776076436042786,0.014696937054395676,0.0888418972492218
2724,False,normal,0.908935546875,1.1226308,0.05477220565080643,0.13993453979492188,0.28065770864486694,0.010954441502690315,0.08396072387695312
2725,False,normal,0.9116710424423218,1.1040834,0.04582579806447029,0.1323903203010559,0.2760208547115326,0.009165160357952118,0.07943419218063354
2726,False,normal,0.9140328168869019,1.0970415,0.029999980702996254,0.12626756727695465,0.27426037192344666,0.005999996326863766,0.07576054036617279
2727,False,normal,0.913733959197998,1.076708,0.05830955132842064,0.12165480107069016,0.26917698979377747,0.011661911383271217,0.07299288064241409
2728,False,normal,0.9169005751609802,1.0698599,0.0299999862909317,0.11652649939060211,0.2674649655818939,0.00599999725818634,0.06991589963436126
2729,False,normal,0.9152477383613586,1.0904586,0.045825790613889694,0.10968061536550522,0.27261465787887573,0.009165158495306969,0.06580836921930312
2730,False,normal,0.9155562520027161,1.118034,0.03316623717546463,0.1006595566868782,0.279508501291275,0.006633247714489698,0.06039573401212692
2731,False,normal,0.9105784296989441,1.173925,0.06999999284744263,0.09001065790653229,0.2934812605381012,0.0139999995008111,0.05400639474391937
2732,False,normal,0.9027520418167114,1.2463145,0.09055382758378983,0.08055905252695084,0.32315725088119507,0.018110767006874084,0.0483354315161705
2733,False,normal,0.8845789432525635,1.3630114,0.13076695799827576,0.08530917018651962,0.38150566816329956,0.02615339122712612,0.05118550211191177
2734,False,normal,0.8889796137809753,1.37,0.05000007152557373,0.09183654189109802,0.38499999046325684,0.010000014677643776,0.055101925134658815
2735,False,normal,0.89149409532547,1.356466,0.029999971389770508,0.0974804237484932,0.37823301553726196,0.0059999944642186165,0.058488254249095914
2736,False,normal,0.8937709331512451,1.3417526,0.017320534214377403,0.10175769031047821,0.3708763122558594,0.003464106936007738,0.061054614186286923
2737,False,normal,0.8956248760223389,1.3168902,0.03000006079673767,0.10428187996149063,0.35844510793685913,0.0060000126250088215,0.06256912797689437
2738,False,normal,0.8997171521186829,1.2744803,0.04582571983337402,0.10446573793888092,0.33724015951156616,0.00916514452546835,0.06267944276332856
2739,False,normal,0.9050949215888977,1.228088,0.05385160818696022,0.10296023637056351,0.3140439987182617,0.010770322754979134,0.0617761418223381
2740,False,normal,0.9098747372627258,1.1968291,0.04242648184299469,0.10117877274751663,0.29920727014541626,0.008485296741127968,0.06070726364850998
2741,False,normal,0.9118903875350952,1.1547294,0.05099014937877655,0.10095638036727905,0.28868234157562256,0.01019803062081337,0.06057382822036743
2742,False,normal,0.9143962264060974,1.1121601,0.050000011920928955,0.1028648093342781,0.2780400216579437,0.01000000350177288,0.06171888560056686
2743,False,normal,0.9166196584701538,1.0702336,0.050000011920928955,0.10617262870073318,0.26755839586257935,0.01000000350177288,0.06370357722043991
2744,False,normal,0.9188221096992493,1.0234256,0.05099020525813103,0.11157938838005066,0.25585639476776123,0.010198041796684265,0.06694763302803039
2745,False,normal,0.9210467338562012,0.9838699,0.04242636635899544,0.11899541318416595,0.24596747756004333,0.008485273458063602,0.07139724791049958
2746,False,normal,0.9218105673789978,0.94366306,0.050000011920928955,0.12883725762367249,0.23591576516628265,0.01000000350177288,0.0773023545742035
2747,False,normal,0.9234233498573303,0.9048204,0.04242642596364021,0.14036142826080322,0.22620509564876556,0.008485285565257072,0.08421685695648193
2748,False,normal,0.9239891767501831,0.8725824,0.04123101755976677,0.15318399667739868,0.21814559400081635,0.008246203884482384,0.0919103980064392
2749,False,normal,0.9246242046356201,0.8497647,0.030000030994415283,0.16679592430591583,0.21244117617607117,0.006000006105750799,0.1000775545835495
2750,False,normal,0.9239737391471863,0.8426743,0.024494877085089684,0.17935003340244293,0.21066857874393463,0.004898975603282452,0.10761002004146576
2751,False,normal,0.923546552658081,0.8420808,0.014142122119665146,0.18968962132930756,0.2105201929807663,0.0028284243308007717,0.11381377279758453
2752,False,normal,0.9228066205978394,0.8417244,0.014142122119665146,0.19604144990444183,0.21043111383914948,0.0028284243308007717,0.11762486994266509
2753,False,normal,0.9234851002693176,0.8275868,0.020000040531158447,0.19408953189849854,0.20689670741558075,0.004000008571892977,0.11645371913909912
2754,False,normal,0.9236632585525513,0.8348653,0.02236071228981018,0.1873384267091751,0.20871631801128387,0.004472142551094294,0.11240305602550506
2755,False,normal,0.9253445863723755,0.8420808,0.009999990463256836,0.17729446291923523,0.2105201929807663,0.0019999982323497534,0.10637667775154114
2756,False,normal,0.9250692129135132,0.85802096,0.02236066199839115,0.16356191039085388,0.21450524032115936,0.004472132306545973,0.09813714623451232
2757,False,normal,0.9245985150337219,0.886792,0.03162280470132828,0.14671063423156738,0.22169800102710724,0.006324561312794685,0.08802638053894042
2758,False,normal,0.9236001968383789,0.92504054,0.041231054812669754,0.1291036158800125,0.23126013576984406,0.00824621133506298,0.07746216952800751
2759,False,normal,0.9166649580001831,1.0112368,0.08660250902175903,0.11364646255970001,0.25280919671058655,0.017320502549409866,0.06818787753582001
2760,False,normal,0.9173468351364136,1.0625912,0.05385167896747589,0.10168613493442535,0.2656477987766266,0.010770335793495178,0.06101168096065521
2761,False,normal,0.9169884920120239,1.09859,0.03741658851504326,0.09619460999965668,0.2746475040912628,0.007483317982405424,0.057716765999794
2762,False,normal,0.9187110662460327,1.1051697,0.009999990463256836,0.09554877877235413,0.2762924134731293,0.0019999982323497534,0.057329267263412476
2763,False,normal,0.9174044132232666,1.1141814,0.014142122119665146,0.099154993891716,0.2785453498363495,0.0028284243308007717,0.0594929963350296
2764,False,normal,0.9164795875549316,1.1086478,0.02236071228981018,0.10460755228996277,0.27716195583343506,0.004472142551094294,0.06276453137397765
2765,False,normal,0.9161112308502197,1.1035398,0.022360658273100853,0.1103372573852539,0.2758849561214447,0.0044721318408846855,0.06620235443115234
2766,False,normal,0.9159820675849915,1.1049887,0.014142164029181004,0.1157955676317215,0.27624717354774475,0.0028284327127039433,0.06947734057903289
2767,False,normal,0.9148987531661987,1.1023611,0.024494880810379982,0.11972121149301529,0.27559027075767517,0.004898976068943739,0.07183272689580918
2768,False,normal,0.9126646518707275,1.121918,0.03316623717546463,0.12273342907428741,0.2804794907569885,0.006633247714489698,0.07364005744457244
2769,False,normal,0.9061873555183411,1.1827509,0.06164417043328285,0.12722815573215485,0.295687735080719,0.012328834272921085,0.07633689343929291
2770,False,normal,0.8945870399475098,1.2630519,0.08366600424051285,0.1354711502790451,0.33152592182159424,0.0167332012206316,0.08128269016742706
2771,False,normal,0.8884369730949402,1.3130499,0.06782329827547073,0.14454196393489838,0.3565249443054199,0.013564660213887691,0.08672517836093903
2772,False,normal,0.8890821933746338,1.3240469,0.0316227450966835,0.15033520758152008,0.36202341318130493,0.006324549205601215,0.09020112454891205
2773,False,normal,0.8926780223846436,1.3006537,0.024494873359799385,0.14919301867485046,0.3503268361091614,0.004898975137621164,0.08951581120491027
2774,False,normal,0.8971279263496399,1.2614278,0.041231073439121246,0.1425107717514038,0.3307138681411743,0.008246215060353279,0.08550646305084228
2775,False,normal,0.9037575721740723,1.2149073,0.048989828675985336,0.130873441696167,0.30745363235473633,0.009797966107726097,0.07852406501770019
2776,False,normal,0.9096298217773438,1.1778795,0.03741654008626938,0.116220623254776,0.2944698631763458,0.007483308203518391,0.06973237395286559
2777,False,normal,0.9137325286865234,1.1418407,0.03741654381155968,0.10080162435770035,0.2854601740837097,0.007483309134840965,0.06048097461462021
2778,False,normal,0.9174359440803528,1.1087831,0.037416622042655945,0.08715716004371643,0.2771957814693451,0.007483324967324734,0.052294296026229856
2779,False,normal,0.9196930527687073,1.0707475,0.045825712382793427,0.08290272206068039,0.2676868736743927,0.0091651426628232,0.049741633236408234
2780,False,normal,0.9216492176055908,1.0344564,0.046904195100069046,0.08482883125543594,0.25861409306526184,0.009380839765071869,0.050897298753261565
2781,False,normal,0.9233395457267761,1.0187247,0.02999999187886715,0.0895015299320221,0.25468116998672485,0.005999998655170202,0.05370091795921326
2782,False,normal,0.9227356314659119,1.0305824,0.02236068621277809,0.09313280135393143,0.2576456069946289,0.004472137428820133,0.055879680812358855
2783,False,normal,0.9224193692207336,1.0397596,0.014142122119665146,0.09612511843442917,0.25993990898132324,0.0028284243308007717,0.0576750710606575
2784,False,normal,0.9190238118171692,1.0688311,0.033166270703077316,0.09738992154598236,0.2672077715396881,0.006633254699409008,0.05843395292758941
2785,False,normal,0.9157244563102722,1.1013174,0.050000011920928955,0.09744323045015335,0.2753293514251709,0.01000000350177288,0.058465938270092006
2786,False,normal,0.9174051880836487,1.1050339,0.024494873359799385,0.09744220227003098,0.2762584686279297,0.004898975137621164,0.05846532136201858
2787,False,normal,0.9186647534370422,1.1022704,0.009999990463256836,0.09744437783956528,0.27556759119033813,0.0019999982323497534,0.058466626703739165
2788,False,normal,0.9190377593040466,1.0859559,0.017320508137345314,0.09825780242681503,0.2714889645576477,0.0034641018137335777,0.058954681456089016
2789,False,normal,0.9197912216186523,1.0655515,0.022360658273100853,0.09945652633905411,0.2663878798484802,0.0044721318408846855,0.05967391580343246
2790,False,normal,0.9210473299026489,1.0316491,0.036055561155080795,0.09808693081140518,0.257912278175354,0.007211112417280674,0.05885215848684311
2791,False,normal,0.9237204194068909,0.9910096,0.04242636635899544,0.09299594908952713,0.24775239825248718,0.008485273458063602,0.05579756945371628
2792,False,normal,0.9274986982345581,0.9708759,0.02236071228981018,0.08453751355409622,0.24271897971630096,0.004472142551094294,0.05072250813245773
2793,False,normal,0.928868293762207,0.9544632,0.0316227562725544,0.07588382810354233,0.23861579596996307,0.006324551533907652,0.0455302968621254
2794,False,normal,0.9304245710372925,0.9427619,0.03162280470132828,0.06900916248559952,0.23569047451019287,0.006324561312794685,0.04140549749135971
2795,False,normal,0.9308251738548279,0.93941474,0.03605547919869423,0.06464378535747528,0.23485367000102997,0.007211096119135618,0.03878627121448517
2796,False,normal,0.9323189854621887,0.9443516,0.01732049137353897,0.06133333593606949,0.23608790338039398,0.0034640985541045666,0.03680000156164169
2797,False,normal,0.9332506656646729,0.94111633,0.009999990463256836,0.05982949957251549,0.23527906835079193,0.0019999982323497534,0.035897699743509294
2798,False,normal,0.9317309260368347,0.9420191,0.03000006079673767,0.05952386558055878,0.23550477623939514,0.0060000126250088215,0.035714319348335265
2799,False,normal,0.9325432777404785,0.92271346,0.0316227450966835,0.06179506704211235,0.23067836463451385,0.006324549205601215,0.03707704022526741
2800,False,normal,0.9345936179161072,0.92271346,0.0,0.06447336077690125,0.23067836463451385,0.0,0.038684016466140746
2801,False,normal,0.9326298832893372,0.93370235,0.014142122119665146,0.0662757009267807,0.233425572514534,0.0028284243308007717,0.039765420556068416
2802,False,normal,0.9307664632797241,0.9527329,0.022360671311616898,0.06675560027360916,0.23818323016166687,0.004472134634852409,0.0400533601641655
2803,False,normal,0.9299936890602112,0.96876204,0.019999980926513672,0.0663222000002861,0.24219049513339996,0.003999996464699507,0.03979332000017166
2804,False,normal,0.9293780326843262,0.9800001,0.022360725328326225,0.06412442028522491,0.24500001966953278,0.0044721453450620174,0.038474652171134945
2805,False,normal,0.9298107624053955,0.993076,0.014142143540084362,0.05884460732340813,0.2482690066099167,0.002828428987413645,0.03530676439404488
2806,False,normal,0.9305611252784729,0.9872183,0.02000001072883606,0.0519811250269413,0.24680458009243011,0.0040000020526349545,0.031188675016164777
2807,False,normal,0.9326977133750916,0.9762172,0.014142122119665146,0.043567243963479996,0.24405430257320404,0.0028284243308007717,0.026140346378087997
2808,False,normal,0.9330140352249146,0.9872183,0.014142122119665146,0.03520124405622482,0.24680458009243011,0.0028284243308007717,0.021120746433734894
2809,False,normal,0.9314559102058411,1.0114347,0.024494873359799385,0.029102502390742302,0.2528586685657501,0.004898975137621164,0.01746150143444538
2810,False,normal,0.9302849173545837,1.0304368,0.024494897574186325,0.02896386757493019,0.25760918855667114,0.00489897932857275,0.017378320544958113
2811,False,normal,0.9312874674797058,0.979949,0.053851597011089325,0.028557294979691505,0.24498723447322845,0.01077031996101141,0.017134376987814903
2812,False,normal,0.9347624778747559,0.9508417,0.031622812151908875,0.02865181863307953,0.23771043121814728,0.006324562709778547,0.017191091179847715
2813,False,normal,0.9361878633499146,0.9198913,0.03605550155043602,0.030123254284262657,0.22997282445430756,0.007211100775748491,0.018073952570557595
2814,False,normal,0.9370848536491394,0.9092305,0.02999999187886715,0.03198552876710892,0.22730761766433716,0.005999998655170202,0.01919131726026535
2815,False,normal,0.9366881847381592,0.8905055,0.045825764536857605,0.035152219235897064,0.22262637317180634,0.009165152907371521,0.02109133154153824
2816,False,normal,0.9387534856796265,0.87800914,0.022360658273100853,0.03911552205681801,0.2195022851228714,0.0044721318408846855,0.023469313234090804
2817,False,normal,0.9357737898826599,0.91071403,0.03316621482372284,0.0401591993868351,0.22767849266529083,0.006633243523538113,0.02409551963210106
2818,False,normal,0.9360358715057373,0.9104944,0.028284266591072083,0.041141171008348465,0.2276235967874527,0.0056568533182144165,0.024684702605009077
2819,False,normal,0.9354866147041321,0.91071403,0.03464098274707794,0.04163086786866188,0.22767849266529083,0.006928197108209133,0.024978520721197127
2820,False,normal,0.9346447587013245,0.9281164,0.03162277489900589,0.04146888479590416,0.23202909529209137,0.00632455525919795,0.024881330877542494
2821,False,normal,0.933353066444397,0.9146037,0.059160783886909485,0.04205954819917679,0.22865092754364014,0.011832158081233501,0.02523572891950607
2822,False,normal,0.93703293800354,0.8865664,0.030000030994415283,0.04422244802117348,0.22164160013198853,0.006000006105750799,0.026533468812704086
2823,False,normal,0.9387834072113037,0.8786922,0.009999990463256836,0.04623587429523468,0.2196730524301529,0.0019999982323497534,0.027741524577140807
2824,False,normal,0.9362397193908691,0.8752714,0.04472135752439499,0.04751412570476532,0.2188178449869156,0.008944272063672543,0.02850847542285919
2825,False,normal,0.9372158050537109,0.8607555,0.04242641106247902,0.04837469384074211,0.2151888757944107,0.008485282771289349,0.029024816304445266
2826,False,normal,0.9387717843055725,0.8324662,0.041231077164411545,0.05088980123400688,0.2081165462732315,0.008246215991675854,0.030533880740404126
2827,False,normal,0.9397402405738831,0.83342665,0.024494905024766922,0.05277883633971214,0.20835666358470917,0.004898981191217899,0.031667301803827284
2828,False,normal,0.9339300990104675,0.8814193,0.06557438522577286,0.05052603408694267,0.2203548401594162,0.013114877045154572,0.0303156204521656
2829,False,normal,0.9347865581512451,0.9124144,0.03741658478975296,0.04484429210424423,0.22810359299182892,0.0074833170510828495,0.02690657526254654
2830,False,normal,0.9322940111160278,0.9384029,0.06403124332427979,0.03544546663761139,0.2346007227897644,0.012806248851120472,0.021267279982566833
2831,False,normal,0.9299611449241638,0.9623409,0.07810251414775848,0.03362368047237396,0.24058522284030914,0.015620502643287182,0.020174208283424377
2832,False,normal,0.9315841197967529,0.9726767,0.04472135007381439,0.035578954964876175,0.2431691735982895,0.008944270201027393,0.021347372978925704
2833,False,normal,0.9235806465148926,1.0234745,0.09486836940050125,0.04447557404637337,0.2558686137199402,0.01897367462515831,0.02668534442782402
2834,False,normal,0.9238437414169312,1.0442222,0.0591607429087162,0.053794216364622116,0.2610555589199066,0.011832148768007755,0.03227652981877327
2835,False,normal,0.9264791011810303,1.020833,0.036055490374565125,0.0584554560482502,0.25520825386047363,0.007211098447442055,0.035073273628950116
2836,False,normal,0.9249758720397949,1.0149385,0.05656857416033745,0.0612320676445961,0.25373461842536926,0.01131371594965458,0.036739240586757656
2837,False,normal,0.9280654788017273,1.0024968,0.02236071601510048,0.06334535032510757,0.2506242096424103,0.004472143482416868,0.03800721019506454
2838,False,normal,0.9273948669433594,0.9872183,0.04242640361189842,0.06435006111860275,0.24680458009243011,0.0084852809086442,0.03861003667116165
2839,False,normal,0.9259214401245117,0.9910096,0.05744561180472374,0.06526701897382736,0.24775239825248718,0.011489123106002808,0.039160211384296414
2840,False,normal,0.9249222874641418,1.0111874,0.050990212708711624,0.06711861491203308,0.25279685854911804,0.01019804272800684,0.04027116894721985
2841,False,normal,0.927334189414978,1.0049876,0.022360678762197495,0.06814200431108475,0.2512468993663788,0.004472136031836271,0.04088520258665085
2842,False,normal,0.9252343773841858,1.0157263,0.041231054812669754,0.06825349479913712,0.25393158197402954,0.00824621133506298,0.040952096879482265
2843,False,normal,0.9227025508880615,1.044701,0.04999997094273567,0.06878028064966202,0.2611752450466156,0.009999994188547134,0.04126816838979721
2844,False,normal,0.9211288690567017,1.0776364,0.04123106598854065,0.07022102922201157,0.26940909028053284,0.00824621319770813,0.04213261753320694
2845,False,normal,0.9201547503471375,1.0933435,0.04123104736208916,0.07015775144100189,0.27333587408065796,0.008246210403740406,0.04209465086460113
2846,False,normal,0.9206365346908569,1.0953082,0.04123106226325035,0.06511959433555603,0.27382704615592957,0.00824621319770813,0.039071756601333614
2847,False,normal,0.9214469790458679,1.094212,0.04472137242555618,0.056755539029836655,0.2735530138015747,0.008944274857640266,0.034053323417901994
2848,False,normal,0.9227434992790222,1.0674268,0.060827624052762985,0.04983558505773544,0.26685670018196106,0.012165524996817112,0.029901351034641265
2849,False,normal,0.9261131286621094,1.0674268,0.02449488639831543,0.04446307197213173,0.26685670018196106,0.004898977465927601,0.026677843183279037
2850,False,normal,0.9259923100471497,1.0321821,0.06324554979801178,0.039607319980859756,0.2580455243587494,0.0126491105183959,0.023764391988515852
2851,False,normal,0.9249359369277954,1.0614612,0.05744563415646553,0.03678598254919052,0.2653653025627136,0.01148912776261568,0.022071589529514313
2852,False,normal,0.9251651763916016,1.0668646,0.053851619362831116,0.034307532012462616,0.2667161524295807,0.010770324617624283,0.02058451920747757
2853,False,normal,0.922523021697998,1.0963576,0.06164414435625076,0.03609447553753853,0.27408939599990845,0.012328828684985638,0.021656685322523118
2854,False,normal,0.9199135899543762,1.1363978,0.054772280156612396,0.041280005127191544,0.2840994596481323,0.010954456403851509,0.024768003076314927
2855,False,normal,0.9223701357841492,1.1091437,0.04242643713951111,0.042719773948192596,0.27728593349456787,0.008485287427902222,0.02563186436891556
2856,False,normal,0.9193813800811768,1.1408769,0.05099022760987282,0.04574601352214813,0.2852192223072052,0.010198046453297138,0.02744760811328888
2857,False,normal,0.9208351373672485,1.1225863,0.04690419137477875,0.04571201279759407,0.28064656257629395,0.009380838833749294,0.027427207678556442
2858,False,normal,0.9218824505805969,1.1294688,0.029999971389770508,0.043964684009552,0.28236719965934753,0.0059999944642186165,0.0263788104057312
2859,False,normal,0.9167653322219849,1.1633573,0.06999999284744263,0.04395674169063568,0.2908393144607544,0.0139999995008111,0.026374045014381408
2860,False,normal,0.9216395020484924,1.144596,0.022360658273100853,0.042885053902864456,0.2861489951610565,0.0044721318408846855,0.02573103234171867
2861,False,normal,0.9219421148300171,1.1011357,0.061644136905670166,0.0384465716779232,0.27528393268585205,0.012328827753663063,0.02306794300675392
2862,False,normal,0.9244592189788818,1.0292716,0.09000001847743988,0.03717755526304245,0.2573179006576538,0.018000004813075066,0.022306533157825468
2863,False,normal,0.9253844618797302,1.0250853,0.07874008268117905,0.038685113191604614,0.2562713325023651,0.01574801839888096,0.023211067914962767
2864,False,normal,0.9261211156845093,1.0105444,0.07483315467834473,0.042561277747154236,0.2526361048221588,0.01496663223952055,0.02553676664829254
2865,False,normal,0.9237709045410156,1.0435995,0.07681146264076233,0.043693773448467255,0.2608998715877533,0.01536229345947504,0.026216264069080352
2866,False,normal,0.9228162169456482,1.0854032,0.0547722689807415,0.043651387095451355,0.27135080099105835,0.010954453609883785,0.026190832257270813
2867,False,normal,0.9158827662467957,1.1624973,0.07810250669717789,0.046695612370967865,0.29062432050704956,0.015620501711964607,0.02801736742258072
2868,False,normal,0.9159078598022461,1.1953242,0.04242636635899544,0.05168682709336281,0.298831045627594,0.008485273458063602,0.031012096256017682
2869,False,normal,0.9175887703895569,1.1615937,0.0458257794380188,0.05312230437994003,0.29039841890335083,0.009165155701339245,0.03187338262796402
2870,False,normal,0.9168218374252319,1.1697007,0.05000001937150955,0.052682481706142426,0.2924251854419708,0.010000004433095455,0.031609489023685454
2871,False,normal,0.9143668413162231,1.1608187,0.0899999737739563,0.052766598761081696,0.2902046740055084,0.01799999549984932,0.031659959256649016
2872,False,normal,0.9193618297576904,1.0862781,0.0866025760769844,0.05208813026547432,0.27156952023506165,0.01732051558792591,0.03125287815928459
2873,False,normal,0.9242915511131287,1.0317945,0.061644140630960464,0.054983191192150116,0.257948637008667,0.012328828684985638,0.032989914715290065
2874,False,normal,0.924170732498169,1.0397596,0.05385160818696022,0.05671176686882973,0.25993990898132324,0.010770322754979134,0.03402706012129784
2875,False,normal,0.9268836975097656,1.0215185,0.028284266591072083,0.05958399549126625,0.2553796172142029,0.0056568533182144165,0.03575039729475975
2876,False,normal,0.9248110055923462,0.9934284,0.07348469644784927,0.06323618441820145,0.24835710227489471,0.0146969398483634,0.03794171065092087
2877,False,normal,0.9254374504089355,1.0057336,0.05099019408226013,0.06566627323627472,0.251433402299881,0.010198039934039116,0.03939976394176483
2878,False,normal,0.922763466835022,1.0406728,0.057445649057626724,0.06571728736162186,0.260168194770813,0.01148912962526083,0.039430372416973114
2879,False,normal,0.9243215918540955,1.0600001,0.024494905024766922,0.06326058506965637,0.26500001549720764,0.004898981191217899,0.037956351041793825
2880,False,normal,0.9255600571632385,1.0282509,0.03605552762746811,0.062250714749097824,0.25706273317337036,0.007211105898022652,0.037350428849458696
2881,False,normal,0.9266484975814819,1.0017983,0.041231073439121246,0.06372295320034027,0.2504495680332184,0.008246215060353279,0.03823377192020416
2882,False,normal,0.9271477460861206,1.0155294,0.02236071228981018,0.06420537829399109,0.25388234853744507,0.004472142551094294,0.03852322697639465
2883,False,normal,0.9285130500793457,1.0071743,0.010000050067901611,0.06490441411733627,0.2517935633659363,0.0020000101067125797,0.03894264847040176
2884,False,normal,0.9278164505958557,0.99045444,0.03162277489900589,0.06590377539396286,0.24761360883712769,0.00632455525919795,0.039542265236377716
2885,False,normal,0.9286306500434875,0.98432714,0.022360658273100853,0.06809864193201065,0.24608178436756134,0.0044721318408846855,0.04085918515920639
2886,False,normal,0.9284076690673828,0.9815804,0.024494923651218414,0.07005373388528824,0.24539509415626526,0.004898984916508198,0.04203224033117294
2887,False,normal,0.9294908046722412,0.97066987,0.022360699251294136,0.06804408878087997,0.24266746640205383,0.004472140222787857,0.04082645326852798
2888,False,normal,0.9284905791282654,0.9891916,0.03316624090075493,0.05997886136174202,0.24729789793491364,0.006633248645812273,0.03598731681704521
2889,False,normal,0.9304308891296387,0.99373037,0.014142122119665146,0.05333556979894638,0.24843259155750275,0.0028284243308007717,0.032001341879367824
2890,False,normal,0.9304240345954895,0.99302566,0.03162277489900589,0.04283476620912552,0.2482564002275467,0.00632455525919795,0.02570085972547531
2891,False,normal,0.9334883093833923,0.9791323,0.024494899436831474,0.028990214690566063,0.24478307366371155,0.004898980259895325,0.017394128814339636
2892,False,normal,0.9345110654830933,0.9743716,0.022360671311616898,0.024280408397316933,0.24359290301799774,0.004472134634852409,0.01456824503839016
2893,False,normal,0.9344213604927063,0.98249686,0.01732049137353897,0.023946048691868782,0.24562421441078186,0.0034640985541045666,0.014367629215121268
2894,False,normal,0.9340324401855469,0.98519033,0.02236068621277809,0.022634319961071014,0.24629758298397064,0.004472137428820133,0.013580591976642608
2895,False,normal,0.931041955947876,0.98361576,0.06403122842311859,0.022330790758132935,0.24590392410755157,0.012806246988475323,0.013398474454879761
2896,False,normal,0.9345811605453491,0.97913224,0.02000001072883606,0.02269217185676098,0.24478305876255035,0.0040000020526349545,0.013615303114056588
2897,False,normal,0.934661865234375,0.98473346,0.014142122119665146,0.022763565182685852,0.2461833655834198,0.0028284243308007717,0.01365813910961151
2898,False,normal,0.9342297911643982,0.9891916,0.02000001072883606,0.020381266251206398,0.24729789793491364,0.0040000020526349545,0.012228759750723838
2899,False,normal,0.9363450407981873,0.980102,0.009999990463256836,0.013738119974732399,0.24502550065517426,0.0019999982323497534,0.00824287198483944
2900,False,normal,0.9369823932647705,0.9652461,0.017320500686764717,0.011589129455387592,0.24131152033805847,0.003464100183919072,0.006953477673232555
2901,False,normal,0.9369336366653442,0.9461501,0.029999982565641403,0.014016521163284779,0.23653753101825714,0.005999996792525053,0.008409912697970867
2902,False,normal,0.9381415247917175,0.9317188,0.02236071228981018,0.016241522505879402,0.23292970657348633,0.004472142551094294,0.00974491350352764
2903,False,normal,0.938458263874054,0.9334345,0.014142153784632683,0.017845358699560165,0.23335860669612885,0.002828430850058794,0.010707215219736098
2904,False,normal,0.9341937303543091,0.95723563,0.05099020525813103,0.017956631258130074,0.2393089085817337,0.010198041796684265,0.010773978754878044
2905,False,normal,0.934955894947052,0.9725739,0.028284266591072083,0.017807742580771446,0.2431434690952301,0.0056568533182144165,0.010684645548462867
2906,False,normal,0.9349991679191589,0.97908115,0.02236066199839115,0.017760194838047028,0.24477028846740723,0.004472132306545973,0.010656116902828217
2907,False,normal,0.934377908706665,0.98848367,0.02236068807542324,0.01804034598171711,0.2471209168434143,0.0044721378944814205,0.010824207589030266
2908,False,normal,0.9330239295959473,1.007869,0.02236071787774563,0.01922670751810074,0.25196725130081177,0.004472143482416868,0.011536024510860443
2909,False,normal,0.9320087432861328,1.0124723,0.030000001192092896,0.020514503121376038,0.2531180679798126,0.0060000005178153515,0.012308701872825623
2910,False,normal,0.9315811991691589,1.013114,0.03316625952720642,0.021764343604445457,0.2532784938812256,0.0066332523711025715,0.013058606162667274
2911,False,normal,0.9339051246643066,1.013114,0.0,0.023127369582653046,0.2532784938812256,0.0,0.013876421749591828
2912,False,normal,0.9329299330711365,1.0065286,0.01732051745057106,0.02385829947888851,0.2516321539878845,0.0034641034435480833,0.014314979687333106
2913,False,normal,0.9339962005615234,0.99769735,0.009999990463256836,0.024147795513272285,0.24942432343959808,0.0019999982323497534,0.01448867730796337
2914,False,normal,0.9321036338806152,1.0012991,0.03162277489900589,0.024528631940484047,0.2503247857093811,0.00632455525919795,0.014717179164290427
2915,False,normal,0.9290644526481628,1.0336827,0.04123106598854065,0.026983555406332016,0.2584206759929657,0.00824621319770813,0.01619013324379921
2916,False,normal,0.930303692817688,1.0412973,0.014142133295536041,0.029621245339512825,0.2603243291378021,0.0028284266591072083,0.017772747203707695
2917,False,normal,0.9302066564559937,1.0328116,0.019999980926513672,0.031188232824206352,0.2582029104232788,0.003999996464699507,0.01871293969452381
2918,False,normal,0.9304268956184387,1.0223992,0.02449491061270237,0.031966958194971085,0.2555997967720032,0.004898982122540474,0.01918017491698265
2919,False,normal,0.9316102266311646,1.005982,0.02236071228981018,0.031990405172109604,0.25149551033973694,0.004472142551094294,0.01919424310326576
2920,False,normal,0.9324967861175537,1.0076209,0.01000000536441803,0.03147391602396965,0.251905232667923,0.0020000010263174772,0.01888434961438179
2921,False,normal,0.9325916767120361,1.0012991,0.01732051745057106,0.029400905594229698,0.2503247857093811,0.0034641034435480833,0.017640543356537818
2922,False,normal,0.9341945648193359,0.99242127,0.009999990463256836,0.025242509320378304,0.24810530245304108,0.0019999982323497534,0.015145505592226981
2923,False,normal,0.9346100091934204,0.9716481,0.028284255415201187,0.02117251791059971,0.24291200935840607,0.00565685098990798,0.012703510746359824
2924,False,normal,0.9349654316902161,0.9733961,0.024494880810379982,0.01966809295117855,0.24334903061389923,0.004898976068943739,0.01180085577070713
2925,False,normal,0.9364381432533264,0.9600521,0.014142164029181004,0.020816020667552948,0.2400130182504654,0.0028284327127039433,0.012489612400531768
2926,False,normal,0.9347484707832336,0.9687621,0.028284307569265366,0.02152124047279358,0.24219052493572235,0.005656861700117588,0.012912744283676147
2927,False,normal,0.9340646266937256,0.98392075,0.024494873359799385,0.0216931514441967,0.2459801882505417,0.004898975137621164,0.013015890866518021
2928,False,normal,0.9350159764289856,0.9855963,0.01000000536441803,0.02195238322019577,0.24639905989170074,0.0020000010263174772,0.013171429932117461
2929,False,normal,0.9307897090911865,1.0042908,0.05099019035696983,0.021815357729792595,0.2510727047920227,0.010198038071393967,0.013089214637875556
2930,False,normal,0.9305135607719421,1.0186265,0.042426396161317825,0.022002626210451126,0.2546566128730774,0.008485279977321625,0.013201575726270676
2931,False,normal,0.9326552152633667,1.0225947,0.009999990463256836,0.022355178371071815,0.255648672580719,0.0019999982323497534,0.01341310702264309
2932,False,normal,0.9321845769882202,1.0241581,0.014142122119665146,0.022873833775520325,0.2560395300388336,0.0028284243308007717,0.013724300265312194
2933,False,normal,0.9316718578338623,1.0151354,0.028284266591072083,0.02300696074962616,0.25378385186195374,0.0056568533182144165,0.013804176449775695
2934,False,normal,0.9329085946083069,1.0084642,0.017320500686764717,0.023028017953038216,0.25211605429649353,0.003464100183919072,0.013816810771822929
2935,False,normal,0.9331190586090088,1.0038924,0.019999995827674866,0.021980635821819305,0.250973105430603,0.003999999258667231,0.013188381493091582
2936,False,normal,0.9329963326454163,0.99362975,0.033166252076625824,0.020119598135352135,0.24840743839740753,0.006633250508457422,0.012071758881211281
2937,False,normal,0.9341119527816772,0.9796428,0.03162277489900589,0.019072091206908226,0.24491070210933685,0.00632455525919795,0.011443254724144935
2938,False,normal,0.9347764849662781,0.9813257,0.022360673174262047,0.018446702510118484,0.24533142149448395,0.004472134634852409,0.01106802150607109
2939,False,normal,0.9346410632133484,0.98351413,0.022360678762197495,0.018435323610901833,0.24587853252887726,0.004472136031836271,0.011061194166541099
2940,False,normal,0.9352890253067017,0.9884331,0.010000020265579224,0.01819925382733345,0.24710828065872192,0.0020000042859464884,0.01091955229640007
2941,False,normal,0.9329359531402588,1.0082659,0.024494877085089684,0.018419338390231133,0.2520664632320404,0.004898975603282452,0.01105160303413868
2942,False,normal,0.9319614171981812,1.0241582,0.02236066199839115,0.019597092643380165,0.256039559841156,0.004472132306545973,0.011758255586028098
2943,False,normal,0.9306092858314514,1.0402403,0.024494893848896027,0.021154701709747314,0.26006007194519043,0.004898978862911463,0.012692821025848388
2944,False,normal,0.9314699172973633,1.0416332,0.01000000536441803,0.02231687307357788,0.26040831208229065,0.0020000010263174772,0.013390123844146729
2945,False,normal,0.931729257106781,1.0346013,0.014142122119665146,0.021229112520813942,0.2586503326892853,0.0028284243308007717,0.012737467512488365
2946,False,normal,0.9298022985458374,1.0447009,0.03162277489900589,0.021101515740156174,0.2611752152442932,0.00632455525919795,0.012660909444093704
2947,False,normal,0.9321150779724121,1.0447009,0.0,0.021592672914266586,0.2611752152442932,0.0,0.012955603748559951
2948,False,normal,0.9291273951530457,1.0416332,0.042426396161317825,0.021571073681116104,0.26040831208229065,0.008485279977321625,0.012942644208669663
2949,False,normal,0.9304713010787964,1.0327632,0.03162278234958649,0.02174415811896324,0.2581908106803894,0.0063245571218431,0.013046494871377944
2950,False,normal,0.9314508438110352,1.0306308,0.019999995827674866,0.021956302225589752,0.2576577067375183,0.003999999258667231,0.013173781335353851
2951,False,normal,0.9322887063026428,1.0144457,0.02236066199839115,0.02192811295390129,0.25361141562461853,0.004472132306545973,0.013156867772340774
2952,False,normal,0.9334256052970886,1.001998,0.01732049509882927,0.02208752930164337,0.2504994869232178,0.003464099019765854,0.013252517580986023
2953,False,normal,0.934064507484436,0.9946859,0.014142127707600594,0.022557877004146576,0.24867147207260132,0.00282842549495399,0.013534726202487945
2954,False,normal,0.933525562286377,0.99252206,0.02236068621277809,0.02303953468799591,0.24813051521778107,0.004472137428820133,0.013823720812797546
2955,False,normal,0.9342859387397766,0.9891916,0.014142143540084362,0.023574450984597206,0.24729789793491364,0.002828428987413645,0.014144670590758322
2956,False,normal,0.9339315295219421,0.98407316,0.02236071228981018,0.024056890979409218,0.24601827561855316,0.004472142551094294,0.01443413458764553
2957,False,normal,0.9349435567855835,0.97744566,0.014142122119665146,0.02421192266047001,0.24436141550540924,0.0028284243308007717,0.014527153596282004
2958,False,normal,0.9351146817207336,0.9794386,0.01000000536441803,0.024336768314242363,0.24485965073108673,0.0020000010263174772,0.014602060988545417
2959,False,normal,0.9351919889450073,0.97744566,0.01000000536441803,0.02473033405840397,0.24436141550540924,0.0020000010263174772,0.01483820043504238
2960,False,normal,0.9352185726165771,0.9755511,0.009999990463256836,0.02549557574093342,0.2438877820968628,0.0019999982323497534,0.01529734544456005
2961,False,normal,0.9346150755882263,0.973961,0.017320508137345314,0.0267775971442461,0.24349024891853333,0.0034641018137335777,0.01606655828654766
2962,False,normal,0.934586226940155,0.98239505,0.009999990463256836,0.027200834825634956,0.24559876322746277,0.0019999982323497534,0.016320500895380972
2963,False,normal,0.9343600869178772,0.9874209,0.009999990463256836,0.02646780014038086,0.2468552142381668,0.0019999982323497534,0.015880680084228514
2964,False,normal,0.93460613489151,0.9855455,0.009999990463256836,0.02539392001926899,0.2463863641023636,0.0019999982323497534,0.015236352011561392
2965,False,normal,0.9326452016830444,1.0041912,0.022360658273100853,0.02429855987429619,0.2510477900505066,0.0044721318408846855,0.014579135924577713
2966,False,normal,0.9330891966819763,1.0108413,0.014142175205051899,0.022271452471613884,0.2527103126049042,0.00282843504101038,0.01336287148296833
2967,False,normal,0.9313720464706421,1.0245975,0.028284255415201187,0.020577387884259224,0.25614938139915466,0.00565685098990798,0.012346432730555534
2968,False,normal,0.9333069324493408,1.0146921,0.014142133295536041,0.01845148392021656,0.2536730170249939,0.0028284266591072083,0.011070890352129936
2969,False,normal,0.934359073638916,1.0062306,0.009999990463256836,0.016679007560014725,0.2515576481819153,0.0019999982323497534,0.010007404536008834
2970,False,normal,0.9346691370010376,1.004888,0.01000000536441803,0.014794711023569107,0.25122201442718506,0.0020000010263174772,0.008876826614141464
2971,False,normal,0.9354815483093262,1.004888,0.0,0.014274309389293194,0.25122201442718506,0.0,0.008564585633575915
2972,False,normal,0.9354697465896606,1.004888,0.0,0.01437288150191307,0.25122201442718506,0.0,0.008623728901147843
2973,False,normal,0.9346051216125488,1.0062306,0.01000000536441803,0.014628641307353973,0.2515576481819153,0.0020000010263174772,0.008777184784412384
2974,False,normal,0.9351307153701782,0.99779755,0.010000050067901611,0.01464136689901352,0.24944938719272614,0.0020000101067125797,0.00878482013940811
2975,False,normal,0.9358853101730347,0.99779755,0.0,0.014602928422391415,0.24944938719272614,0.0,0.008761757053434849
2976,False,normal,0.9350680112838745,0.9992497,0.01000000536441803,0.01440759003162384,0.24981242418289185,0.0020000010263174772,0.008644554018974304
2977,False,normal,0.9358919858932495,0.9992497,0.0,0.013791157864034176,0.24981242418289185,0.0,0.008274694718420504
2978,False,normal,0.9346657395362854,1.0076706,0.010000050067901611,0.013373764231801033,0.25191766023635864,0.0020000101067125797,0.00802425853908062
2979,False,normal,0.9355060458183289,1.0076706,0.0,0.012621003203094006,0.25191766023635864,0.0,0.007572601921856403
2980,False,normal,0.9347983002662659,1.0092076,0.009999990463256836,0.0114683723077178,0.2523019015789032,0.0019999982323497534,0.00688102338463068
2981,False,normal,0.9355470538139343,0.99564046,0.014142164029181004,0.009706133976578712,0.2489101141691208,0.0028284327127039433,0.005823680385947228
2982,False,normal,0.9367274045944214,0.99564046,0.0,0.008708633482456207,0.2489101141691208,0.0,0.005225180089473724
2983,False,normal,0.9367970824241638,0.99564046,0.0,0.008128090761601925,0.2489101141691208,0.0,0.004876854456961155
2984,False,normal,0.9362000226974487,0.98888826,0.014142133295536041,0.007781525608152151,0.24722205102443695,0.0028284266591072083,0.004668915364891291
2985,False,normal,0.9371828436851501,0.98888826,0.0,0.008430267684161663,0.24722205102443695,0.0,0.0050581606104969975
2986,False,normal,0.9362971186637878,0.9906564,0.01000000536441803,0.008640320971608162,0.24766407907009125,0.0020000010263174772,0.005184192582964897
2987,False,normal,0.9365577697753906,0.98888826,0.01000000536441803,0.007389478385448456,0.24722205102443695,0.0020000010263174772,0.004433687031269074
2988,False,normal,0.9360260367393494,0.98564696,0.019999995827674866,0.007258514873683453,0.2464117407798767,0.003999999258667231,0.004355108924210071
2989,False,normal,0.9374872446060181,0.98564696,0.0,0.007581627462059259,0.2464117407798767,0.0,0.0045489764772355555
2990,False,normal,0.9367859959602356,0.9841748,0.01000000536441803,0.00794247630983591,0.24604369699954987,0.0020000010263174772,0.004765485785901546
2991,False,normal,0.9362799525260925,0.99262273,0.009999990463256836,0.007759380619972944,0.24815568327903748,0.0019999982323497534,0.004655628371983766
2992,False,normal,0.9357708692550659,1.0010993,0.010000050067901611,0.0075869690626859665,0.2502748370170593,0.0020000101067125797,0.0045521814376115795
2993,False,normal,0.936553418636322,1.0010993,0.0,0.0073157199658453465,0.2502748370170593,0.0,0.004389431979507208
2994,False,normal,0.934301495552063,1.0092076,0.022360673174262047,0.007883151061832905,0.2523019015789032,0.004472134634852409,0.004729890637099742
2995,False,normal,0.9355267286300659,1.0040916,0.009999990463256836,0.008063055574893951,0.25102290511131287,0.0019999982323497534,0.004837833344936371
2996,False,normal,0.9360575675964355,0.99564046,0.010000050067901611,0.008040837943553925,0.2489101141691208,0.0020000101067125797,0.004824502766132354
2997,False,normal,0.9368107318878174,0.99564046,0.0,0.00801449827849865,0.2489101141691208,0.0,0.00480869896709919
2998,False,normal,0.9355729222297668,0.9992497,0.014142122119665146,0.0076109725050628185,0.24981242418289185,0.0028284243308007717,0.004566583503037691
2999,False,normal,0.9360323548316956,0.99779755,0.01000000536441803,0.007127385586500168,0.24944938719272614,0.0020000010263174772,0.004276431351900101
